id,image_path,gold_specific,gold_code_raw,country,language,language_raw
1539316973389,Sri Lanka/1539316973389.jpg,1,1,LK,mixed,sinhala english
1539318316550,Sri Lanka/1539318316550.jpg,14,14,LK,mixed,sinhala english
1539318595056,Sri Lanka/1539318595056.jpg,19,19,LK,mixed,sinhala english
1539318611831,Sri Lanka/1539318611831.jpg,25,25,LK,mixed,sinhala english
1539319384229,Sri Lanka/1539319384229.jpg,21,21,LK,en_only,english
1539319395383,Sri Lanka/1539319395383.jpg,19,19,LK,mixed,sinhala english
1539319412878,Sri Lanka/1539319412878.jpg,25,25,LK,en_only,english
1539320189801,Sri Lanka/1539320189801.jpg,25,25,LK,mixed,sinhala english
1539320675777,Sri Lanka/1539320675777.jpg,25,25,LK,en_only,english
1539320694892,Sri Lanka/1539320694892.jpg,25,25,LK,en_only,english
1539320824418,Sri Lanka/1539320824418.jpg,19,19,LK,mixed,tamil english
1539320895334,Sri Lanka/1539320895334.jpg,25,25,LK,mixed,sinhala english
1539322821844,Sri Lanka/1539322821844.jpg,25,25,LK,mixed,tamil english
1539322832737,Sri Lanka/1539322832737.jpg,25,25,LK,en_only,english
1539322870848,Sri Lanka/1539322870848.jpg,25,25,LK,mixed,sinhala english
1539324896482,Sri Lanka/1539324896482.jpg,19,19,LK,mixed,sinhala english
1539324925512,Sri Lanka/1539324925512.jpg,9,9,LK,mixed,sinhala tamil english
1539327824770,Sri Lanka/1539327824770.jpg,25,25,LK,en_only,english
1539327842548,Sri Lanka/1539327842548.jpg,25,25,LK,en_only,english
1539327864197,Sri Lanka/1539327864197.jpg,25,25,LK,en_only,english
1539328645258,Sri Lanka/1539328645258.jpg,25,25,LK,en_only,english
1539662051638,Sri Lanka/1539662051638.jpg,25,25,LK,mixed,sinhala english
1539662065949,Sri Lanka/1539662065949.jpg,21,21,LK,mixed,sinhala english
1539662179342,Sri Lanka/1539662179342.jpg,20,20,LK,en_only,english
1539662196968,Sri Lanka/1539662196968.jpg,20,20,LK,mixed,sinhala english
1539662209674,Sri Lanka/1539662209674.jpg,25,25,LK,en_only,english
1539662226555,Sri Lanka/1539662226555.jpg,25,25,LK,mixed,sinhala english
1539662257676,Sri Lanka/1539662257676.jpg,15,15,LK,mixed,sinhala english
1539662273672,Sri Lanka/1539662273672.jpg,21,21,LK,mixed,sinhala english
1539662286951,Sri Lanka/1539662286951.jpg,14,14,LK,en_only,english
1539662959869,Sri Lanka/1539662959869.jpg,19,19,LK,mixed,sinhala english
1539662975763,Sri Lanka/1539662975763.jpg,25,25,LK,mixed,sinhala english
1539663357092,Sri Lanka/1539663357092.jpg,25,25,LK,mixed,sinhala english
1539663370402,Sri Lanka/1539663370402.jpg,19,19,LK,mixed,sinhala english
1539663382949,Sri Lanka/1539663382949.jpg,29,29,LK,local_only,sinhala
1539663395784,Sri Lanka/1539663395784.jpg,19,19,LK,en_only,english
1539663457166,Sri Lanka/1539663457166.jpg,24,24,LK,mixed,sinhala english
1539663839357,Sri Lanka/1539663839357.jpg,25,25,LK,mixed,sinhala english
1539663853238,Sri Lanka/1539663853238.jpg,19,19,LK,en_only,english
1539663865729,Sri Lanka/1539663865729.jpg,14,14,LK,mixed,sinhala english
1539665593070,Sri Lanka/1539665593070.jpg,19,19,LK,mixed,sinhala english
1539665614614,Sri Lanka/1539665614614.jpg,14,14,LK,mixed,sinhala english
1539665660634,Sri Lanka/1539665660634.jpg,25,25,LK,mixed,sinhala english
1539666651581,Sri Lanka/1539666651581.jpg,1,1,LK,mixed,sinhala english
1539666665458,Sri Lanka/1539666665458.jpg,19,19,LK,mixed,sinhala english
1539666681655,Sri Lanka/1539666681655.jpg,25,25,LK,en_only,english
1539666699766,Sri Lanka/1539666699766.jpg,14,14,LK,mixed,sinhala tamil english
1539667359297,Sri Lanka/1539667359297.jpg,19,19,LK,mixed,sinhala english
1539667450435,Sri Lanka/1539667450435.jpg,25,25,LK,mixed,sinhala english
1539667465680,Sri Lanka/1539667465680.jpg,21,21,LK,en_only,english
1539668015048,Sri Lanka/1539668015048.jpg,19,19,LK,mixed,sinhala english
1539668410166,Sri Lanka/1539668410166.jpg,14,14,LK,mixed,sinhala english
1539668425433,Sri Lanka/1539668425433.jpg,25,25,LK,mixed,sinhala english
1539668446355,Sri Lanka/1539668446355.jpg,19,19,LK,mixed,sinhala english
1539669251945,Sri Lanka/1539669251945.jpg,25,25,LK,mixed,sinhala english
1539669300664,Sri Lanka/1539669300664.jpg,20,20,LK,mixed,sinhala english
1539669321862,Sri Lanka/1539669321862.jpg,19,19,LK,mixed,sinhala english
1539669479212,Sri Lanka/1539669479212.jpg,19,19,LK,mixed,sinhala english
1539671602464,Sri Lanka/1539671602464.jpg,25,25,LK,mixed,sinhala english
1539671612529,Sri Lanka/1539671612529.jpg,20,20,LK,mixed,sinhala english
1539750314583,Sri Lanka/1539750314583.jpg,25,25,LK,mixed,sinhala english
1539750330394,Sri Lanka/1539750330394.jpg,19,19,LK,mixed,sinhala english
1539750505015,Sri Lanka/1539750505015.jpg,15,15,LK,mixed,sinhala english
1539750521858,Sri Lanka/1539750521858.jpg,5,5,LK,mixed,sinhala english
1539750726795,Sri Lanka/1539750726795.jpg,19,19,LK,mixed,sinhala english
1539751141138,Sri Lanka/1539751141138.jpg,19,19,LK,mixed,sinhala english
1539751464888,Sri Lanka/1539751464888.jpg,19,19,LK,mixed,sinhala english
1539751671860,Sri Lanka/1539751671860.jpg,25,25,LK,en_only,english
1539752370852,Sri Lanka/1539752370852.jpg,19,19,LK,mixed,sinhala tamil english
1539752404020,Sri Lanka/1539752404020.jpg,19,19,LK,mixed,sinhala english
1539752474542,Sri Lanka/1539752474542.jpg,1,1,LK,mixed,sinhala english
1539752485403,Sri Lanka/1539752485403.jpg,25,25,LK,en_only,english
1539752498895,Sri Lanka/1539752498895.jpg,19,19,LK,en_only,english
1539752933874,Sri Lanka/1539752933874.jpg,25,25,LK,mixed,sinhala english
1539753142632,Sri Lanka/1539753142632.jpg,19,19,LK,en_only,english
1539753157299,Sri Lanka/1539753157299.jpg,19,19,LK,mixed,sinhala english
1539753172360,Sri Lanka/1539753172360.jpg,19,19,LK,mixed,sinhala english
1539753474598,Sri Lanka/1539753474598.jpg,19,19,LK,mixed,sinhala english
1539753493995,Sri Lanka/1539753493995.jpg,30,30,LK,en_only,english
1539753763568,Sri Lanka/1539753763568.jpg,13,13,LK,mixed,english|sinhala english
1539753862623,Sri Lanka/1539753862623.jpg,19,19,LK,mixed,sinhala english
1539754471343,Sri Lanka/1539754471343.jpg,19,19,LK,mixed,sinhala english
1539755798597,Sri Lanka/1539755798597.jpg,25,25,LK,en_only,english
1539755927960,Sri Lanka/1539755927960.jpg,19,19,LK,en_only,english
1539755945040,Sri Lanka/1539755945040.jpg,17,17,LK,en_only,english
1539755962484,Sri Lanka/1539755962484.jpg,25,25,LK,mixed,sinhala english
1539756054385,Sri Lanka/1539756054385.jpg,25,25,LK,en_only,english
1539756612593,Sri Lanka/1539756612593.jpg,19,19,LK,mixed,sinhala english
1539756653972,Sri Lanka/1539756653972.jpg,1,1,LK,mixed,sinhala english
1539756834113,Sri Lanka/1539756834113.jpg,15,15,LK,mixed,sinhala english
1539756850412,Sri Lanka/1539756850412.jpg,20,20,LK,mixed,sinhala english
1539756874422,Sri Lanka/1539756874422.jpg,25,25,LK,en_only,english
1539756891802,Sri Lanka/1539756891802.jpg,25,25,LK,mixed,sinhala english
1539757298776,Sri Lanka/1539757298776.jpg,19,19,LK,mixed,sinhala tamil english
1539757317945,Sri Lanka/1539757317945.jpg,25,25,LK,mixed,sinhala english
1539757854118,Sri Lanka/1539757854118.jpg,5,5,LK,mixed,sinhala tamil english
1539758185369,Sri Lanka/1539758185369.jpg,20,20,LK,mixed,sinhala english
1539758210565,Sri Lanka/1539758210565.jpg,25,25,LK,en_only,english
1539759449092,Sri Lanka/1539759449092.jpg,29,29,LK,mixed,sinhala english
1539759955122,Sri Lanka/1539759955122.jpg,19,19,LK,mixed,sinhala tamil english
1539759976303,Sri Lanka/1539759976303.jpg,19,19,LK,mixed,sinhala tamil english
1539835804399,Sri Lanka/1539835804399.jpg,15,15,LK,mixed,sinhala english
1539835825021,Sri Lanka/1539835825021.jpg,13,13,LK,local_only,sinhala tamil
1539835825054,Sri Lanka/1539835825054.jpg,15,15,LK,mixed,sinhala english
1539835841020,Sri Lanka/1539835841020.jpg,25,25,LK,mixed,sinhala english
1539836388935,Sri Lanka/1539836388935.jpg,27,27,LK,mixed,sinhala tamil english
1539836398397,Sri Lanka/1539836398397.jpg,25,25,LK,mixed,sinhala english
1539836417818,Sri Lanka/1539836417818.jpg,1,1,LK,mixed,sinhala english
1539837575037,Sri Lanka/1539837575037.jpg,25,25,LK,en_only,english
1539837602393,Sri Lanka/1539837602393.jpg,13,13,LK,mixed,sinhala tamil english
1539837896617,Sri Lanka/1539837896617.jpg,25,25,LK,mixed,sinhala english
1539837922422,Sri Lanka/1539837922422.jpg,29,29,LK,local_only,sinhala
1539838557442,Sri Lanka/1539838557442.jpg,19,19,LK,mixed,sinhala english
1539838574437,Sri Lanka/1539838574437.jpg,25,25,LK,mixed,sinhala english
1539838585083,Sri Lanka/1539838585083.jpg,25,25,LK,en_only,english
1539839568269,Sri Lanka/1539839568269.jpg,19,19,LK,mixed,sinhala english
1539840242729,Sri Lanka/1539840242729.jpg,19,19,LK,mixed,sinhala english
1539840269933,Sri Lanka/1539840269933.jpg,14,14,LK,mixed,sinhala english
1539840436213,Sri Lanka/1539840436213.jpg,20,20,LK,mixed,sinhala english
1539843623054,Sri Lanka/1539843623054.jpg,9,9,LK,mixed,sinhala english
1539843998977,Sri Lanka/1539843998977.jpg,25,25,LK,mixed,sinhala english
1539844018201,Sri Lanka/1539844018201.jpg,14,14,LK,mixed,sinhala english
1540182043027,Sri Lanka/1540182043027.jpg,25,25,LK,en_only,english
1540182549522,Sri Lanka/1540182549522.jpg,19,19,LK,mixed,sinhala english
1540182558412,Sri Lanka/1540182558412.jpg,15,15,LK,mixed,sinhala english
1540182589950,Sri Lanka/1540182589950.jpg,15,15,LK,mixed,sinhala english
1540182615422,Sri Lanka/1540182615422.jpg,15,15,LK,mixed,sinhala english
1540183171541,Sri Lanka/1540183171541.jpg,30,30,LK,mixed,sinhala english
1540183196262,Sri Lanka/1540183196262.jpg,25,25,LK,mixed,english|sinhala english
1540183206227,Sri Lanka/1540183206227.jpg,9,9,LK,mixed,sinhala english
1540183755655,Sri Lanka/1540183755655.jpg,20,20,LK,mixed,sinhala english
1540184661027,Sri Lanka/1540184661027.jpg,15,15,LK,mixed,sinhala english
1540185061728,Sri Lanka/1540185061728.jpg,25,25,LK,mixed,sinhala english
1540185785180,Sri Lanka/1540185785180.jpg,25,25,LK,mixed,sinhala english
1540187205003,Sri Lanka/1540187205003.jpg,9,9,LK,mixed,sinhala tamil english
1540187231708,Sri Lanka/1540187231708.jpg,19,19,LK,mixed,sinhala english
1540187451205,Sri Lanka/1540187451205.jpg,19,19,LK,mixed,sinhala english
1540187833955,Sri Lanka/1540187833955.jpg,15,15,LK,mixed,sinhala english
1540187850779,Sri Lanka/1540187850779.jpg,19,19,LK,mixed,sinhala english
1540188245270,Sri Lanka/1540188245270.jpg,20,20,LK,en_only,english
1540188820537,Sri Lanka/1540188820537.jpg,19,19,LK,mixed,sinhala english
1540188833638,Sri Lanka/1540188833638.jpg,29,29,LK,mixed,sinhala english
1540189366820,Sri Lanka/1540189366820.jpg,20,20,LK,en_only,english
1540189389186,Sri Lanka/1540189389186.jpg,19,19,LK,mixed,sinhala english
1540189810617,Sri Lanka/1540189810617.jpg,19,19,LK,mixed,sinhala english
1540190216212,Sri Lanka/1540190216212.jpg,10,10,LK,mixed,sinhala english
1540270196888,Sri Lanka/1540270196888.jpg,9,9,LK,mixed,sinhala english
1540270235081,Sri Lanka/1540270235081.jpg,25,25,LK,mixed,sinhala english
1540270493538,Sri Lanka/1540270493538.jpg,15,15,LK,mixed,sinhala english
1540270510370,Sri Lanka/1540270510370.jpg,15,15,LK,en_only,english
1540270533548,Sri Lanka/1540270533548.jpg,25,25,LK,mixed,sinhala english
1540271634226,Sri Lanka/1540271634226.jpg,19,19,LK,en_only,english
1540272065243,Sri Lanka/1540272065243.jpg,9,9,LK,mixed,sinhala english
1540272078265,Sri Lanka/1540272078265.jpg,21,21,LK,mixed,sinhala english
1540272468896,Sri Lanka/1540272468896.jpg,20,20,LK,mixed,sinhala english
1540272484855,Sri Lanka/1540272484855.jpg,25,25,LK,mixed,sinhala english
1540273058321,Sri Lanka/1540273058321.jpg,1,1,LK,mixed,sinhala english
1540273070515,Sri Lanka/1540273070515.jpg,20,20,LK,mixed,sinhala english
1540275045915,Sri Lanka/1540275045915.jpg,15,15,LK,mixed,sinhala english
1540275294529,Sri Lanka/1540275294529.jpg,19,19,LK,mixed,sinhala english
1540275310790,Sri Lanka/1540275310790.jpg,20,20,LK,mixed,sinhala english
1540276544960,Sri Lanka/1540276544960.jpg,19,19,LK,mixed,sinhala english
1540439415399,Sri Lanka/1540439415399.jpg,21,21,LK,en_only,english
1540439684097,Sri Lanka/1540439684097.jpg,1,1,LK,mixed,sinhala english
1540439850529,Sri Lanka/1540439850529.jpg,19,19,LK,en_only,english
1540439919067,Sri Lanka/1540439919067.jpg,19,19,LK,en_only,english
1540439936158,Sri Lanka/1540439936158.jpg,20,20,LK,mixed,sinhala english
1540439952533,Sri Lanka/1540439952533.jpg,20,20,LK,mixed,sinhala english
1540439969872,Sri Lanka/1540439969872.jpg,1,1,LK,mixed,sinhala english
1540440343975,Sri Lanka/1540440343975.jpg,20,20,LK,mixed,sinhala english
1540440359352,Sri Lanka/1540440359352.jpg,9,9,LK,mixed,sinhala english
1540440768736,Sri Lanka/1540440768736.jpg,21,21,LK,en_only,english
1540440779278,Sri Lanka/1540440779278.jpg,9,9,LK,mixed,sinhala english
1540441046007,Sri Lanka/1540441046007.jpg,5,5,LK,mixed,sinhala english
1540441059534,Sri Lanka/1540441059534.jpg,5,5,LK,mixed,sinhala english
1540441081213,Sri Lanka/1540441081213.jpg,5,5,LK,en_only,english
1540441156029,Sri Lanka/1540441156029.jpg,20,20,LK,mixed,sinhala english
1540441171851,Sri Lanka/1540441171851.jpg,25,25,LK,mixed,sinhala english
1540442279239,Sri Lanka/1540442279239.jpg,21,21,LK,en_only,english
1540442297719,Sri Lanka/1540442297719.jpg,1,1,LK,mixed,sinhala english
1540443640990,Sri Lanka/1540443640990.jpg,25,25,LK,en_only,english
1540443671288,Sri Lanka/1540443671288.jpg,19,19,LK,mixed,sinhala english
1540444690423,Sri Lanka/1540444690423.jpg,25,25,LK,mixed,sinhala english
1540446507264,Sri Lanka/1540446507264.jpg,25,25,LK,mixed,sinhala english
1540447360009,Sri Lanka/1540447360009.jpg,20,20,LK,en_only,english
1540447514445,Sri Lanka/1540447514445.jpg,19,19,LK,mixed,sinhala english
1540447927804,Sri Lanka/1540447927804.jpg,10,10,LK,mixed,sinhala english
1540448537920,Sri Lanka/1540448537920.jpg,19,19,LK,mixed,sinhala english
1540449690830,Sri Lanka/1540449690830.jpg,13,13,LK,mixed,sinhala english
1540449701973,Sri Lanka/1540449701973.jpg,10,10,LK,mixed,sinhala english
1540526640914,Sri Lanka/1540526640914.jpg,25,25,LK,mixed,sinhala english
1540526991616,Sri Lanka/1540526991616.jpg,14,14,LK,mixed,sinhala english
1540528116161,Sri Lanka/1540528116161.jpg,19,19,LK,en_only,english
1540528290368,Sri Lanka/1540528290368.jpg,25,25,LK,mixed,sinhala english
1540528302808,Sri Lanka/1540528302808.jpg,15,15,LK,mixed,tamil english
1540528639772,Sri Lanka/1540528639772.jpg,19,19,LK,mixed,sinhala english
1540528654436,Sri Lanka/1540528654436.jpg,20,20,LK,mixed,sinhala english
1540529451030,Sri Lanka/1540529451030.jpg,19,19,LK,mixed,sinhala english
1540529473571,Sri Lanka/1540529473571.jpg,25,25,LK,mixed,sinhala english
1540529505415,Sri Lanka/1540529505415.jpg,25,25,LK,en_only,english
1540529684473,Sri Lanka/1540529684473.jpg,19,19,LK,mixed,sinhala english
1540529954049,Sri Lanka/1540529954049.jpg,20,20,LK,en_only,english
1540530502408,Sri Lanka/1540530502408.jpg,20,20,LK,mixed,sinhala english
1540530689452,Sri Lanka/1540530689452.jpg,8,8,LK,mixed,sinhala english
1540531767384,Sri Lanka/1540531767384.jpg,20,20,LK,mixed,sinhala english
1540533104065,Sri Lanka/1540533104065.jpg,19,19,LK,mixed,sinhala english
1540534032122,Sri Lanka/1540534032122.jpg,19,19,LK,en_only,english
1540535621875,Sri Lanka/1540535621875.jpg,20,20,LK,mixed,sinhala english
1568262725002,Bangladesh/1568262725002.jpg,25,25,BD,en_only,English
1568280198905,Bangladesh/1568280198905.jpg,17,17,BD,na,Not Applicable (NA)
1568435327292,Bangladesh/1568435327292.jpg,20,20,BD,na,Not Applicable (NA)
1574569435735,Bangladesh/1574569435735.jpg,25,25,BD,na,Not Applicable (NA)
1574827866864,Bangladesh/1574827866864.jpg,18,18,BD,na,Not Applicable (NA)
1574827992427,Bangladesh/1574827992427.jpg,25,25,BD,en_only,English
1574828160338,Bangladesh/1574828160338.jpg,18,18,BD,na,Not Applicable (NA)
1574828613728,Bangladesh/1574828613728.jpg,25,25,BD,na,Not Applicable (NA)
1574829549472,Bangladesh/1574829549472.jpg,18,18,BD,na,Not Applicable (NA)
1574830579042,Bangladesh/1574830579042.jpg,25,25,BD,na,Not Applicable (NA)
1574830632978,Bangladesh/1574830632978.jpg,25,25,BD,na,Not Applicable (NA)
1574831790480,Bangladesh/1574831790480.jpg,25,25,BD,en_only,English
1574845025240,Bangladesh/1574845025240.jpg,25,25,BD,en_only,English Not Applicable (NA)
1574850033715,Bangladesh/1574850033715.jpg,25,25,BD,en_only,English Not Applicable (NA)
1574850084453,Bangladesh/1574850084453.jpg,25,25,BD,en_only,English Not Applicable (NA)|Not Applicable (NA)
1574850433572,Bangladesh/1574850433572.jpg,25,25,BD,en_only,English Not Applicable (NA)
1574907105608,Bangladesh/1574907105608.jpg,25,25,BD,na,Not Applicable (NA)
1574907150224,Bangladesh/1574907150224.jpg,25,25,BD,en_only,English Not Applicable (NA)
1574916351582,Bangladesh/1574916351582.jpg,25,25,BD,na,Not Applicable (NA)
1574916475121,Bangladesh/1574916475121.jpg,25,25,BD,en_only,English Not Applicable (NA)
1574918945468,Bangladesh/1574918945468.jpg,14,14,BD,na,Not Applicable (NA)
1575361772141,Bangladesh/1575361772141.jpg,17,17,BD,en_only,English Not Applicable (NA)
1575535171854,Bangladesh/1575535171854.jpg,21,21,BD,na,Not Applicable (NA)
1575605428874,Bangladesh/1575605428874.jpg,14,14,BD,na,Not Applicable (NA)
1575609019796,Bangladesh/1575609019796.jpg,14,14,BD,na,Not Applicable (NA)
1575690418739,Bangladesh/1575690418739.jpg,11,11,BD,en_only,English Not Applicable (NA)
1576291815307,Bangladesh/1576291815307.jpg,25,25,BD,na,Not Applicable (NA)
1580011364482,Bangladesh/1580011364482.jpg,19,19,BD,na,Not Applicable (NA)
1580281653084,Bangladesh/1580281653084.jpg,25,25,BD,en_only,English Not Applicable (NA)
1580549630227,Bangladesh/1580549630227.jpg,20,20,BD,na,Not Applicable (NA)
1580979087489,Bangladesh/1580979087489.jpg,34,34,BD,na,Not Applicable (NA)
1580979450481,Bangladesh/1580979450481.jpg,25,25,BD,na,Not Applicable (NA)
1580981322216,Bangladesh/1580981322216.jpg,25,25,BD,en_only,English Not Applicable (NA)
1580982458762,Bangladesh/1580982458762.jpg,20,20,BD,en_only,English
1580984107755,Bangladesh/1580984107755.jpg,20,20,BD,na,Not Applicable (NA)
1581129850562,Bangladesh/1581129850562.jpg,25,25,BD,na,Not Applicable (NA)
1581129894756,Bangladesh/1581129894756.jpg,17,17,BD,na,Not Applicable (NA)
1581130565609,Bangladesh/1581130565609.jpg,20,20,BD,en_only,English Not Applicable (NA)
1581131312574,Bangladesh/1581131312574.jpg,18,18,BD,na,Not Applicable (NA)
1581132113836,Bangladesh/1581132113836.jpg,20,20,BD,en_only,English
1581220600826,Bangladesh/1581220600826.jpg,21,21,BD,en_only,English Not Applicable (NA)
1581223124540,Bangladesh/1581223124540.jpg,25,25,BD,en_only,English
1581223493381,Bangladesh/1581223493381.jpg,25,25,BD,na,Not Applicable (NA)
1581223983502,Bangladesh/1581223983502.jpg,21,21,BD,en_only,English Not Applicable (NA)
1581304275799,Bangladesh/1581304275799.jpg,9,9,BD,na,Not Applicable (NA)
1581392521337,Bangladesh/1581392521337.jpg,14,14,BD,na,Not Applicable (NA)
1581394679969,Bangladesh/1581394679969.jpg,20,20,BD,en_only,English
1581395118733,Bangladesh/1581395118733.jpg,20,20,BD,na,Not Applicable (NA)
1581397690571,Bangladesh/1581397690571.jpg,20,20,BD,na,Not Applicable (NA)
1581399264927,Bangladesh/1581399264927.jpg,21,21,BD,en_only,English Not Applicable (NA)
1581399977244,Bangladesh/1581399977244.jpg,11,11,BD,en_only,English Not Applicable (NA)
1581411882457,Bangladesh/1581411882457.jpg,25,25,BD,en_only,English Not Applicable (NA)
1581411908341,Bangladesh/1581411908341.jpg,11,11,BD,en_only,English Not Applicable (NA)
1581412087810,Bangladesh/1581412087810.jpg,25,25,BD,en_only,English Not Applicable (NA)
1581483185384,Bangladesh/1581483185384.jpg,20,20,BD,en_only,English
1581500767197,Bangladesh/1581500767197.jpg,14,14,BD,na,Not Applicable (NA)
1581501271918,Bangladesh/1581501271918.jpg,14,14,BD,na,Not Applicable (NA)
1581501968645,Bangladesh/1581501968645.jpg,20,20,BD,na,Not Applicable (NA)
1581502391898,Bangladesh/1581502391898.jpg,14,14,BD,na,Not Applicable (NA)
1581562603973,Bangladesh/1581562603973.jpg,20,20,BD,en_only,English
1581562642998,Bangladesh/1581562642998.jpg,13,13,BD,na,Not Applicable (NA)
1581563168448,Bangladesh/1581563168448.jpg,20,20,BD,en_only,English
1581563194771,Bangladesh/1581563194771.jpg,13,13,BD,na,Not Applicable (NA)
1581565477695,Bangladesh/1581565477695.jpg,20,20,BD,en_only,English
1581568098141,Bangladesh/1581568098141.jpg,13,13,BD,na,Not Applicable (NA)
1581568332014,Bangladesh/1581568332014.jpg,13,13,BD,na,Not Applicable (NA)
1581568751628,Bangladesh/1581568751628.jpg,20,20,BD,na,Not Applicable (NA)
1581585271131,Bangladesh/1581585271131.jpg,25,25,BD,en_only,English Not Applicable (NA)
1581587320634,Bangladesh/1581587320634.jpg,34,34,BD,na,Not Applicable (NA)
1581587863152,Bangladesh/1581587863152.jpg,19,19,BD,na,Not Applicable (NA)
1581735942899,Bangladesh/1581735942899.jpg,23,23,BD,na,Not Applicable (NA)
1581741103877,Bangladesh/1581741103877.jpg,20,20,BD,en_only,English
1581741393571,Bangladesh/1581741393571.jpg,25,25,BD,en_only,English Not Applicable (NA)
1581741586056,Bangladesh/1581741586056.jpg,11,11,BD,na,Not Applicable (NA)
1581742380439,Bangladesh/1581742380439.jpg,21,21,BD,en_only,English Not Applicable (NA)
1581758071494,Bangladesh/1581758071494.jpg,25,25,BD,na,Not Applicable (NA)
1581758644679,Bangladesh/1581758644679.jpg,20,20,BD,en_only,English
1581761765726,Bangladesh/1581761765726.jpg,32,32,BD,na,Not Applicable (NA)
1581823771830,Bangladesh/1581823771830.jpg,11,11,BD,na,Not Applicable (NA)
1581824455442,Bangladesh/1581824455442.jpg,11,11,BD,en_only,English Not Applicable (NA)
1581825267684,Bangladesh/1581825267684.jpg,25,25,BD,en_only,English Not Applicable (NA)
1581826075547,Bangladesh/1581826075547.jpg,11,11,BD,en_only,English Not Applicable (NA)
1581826390809,Bangladesh/1581826390809.jpg,25,25,BD,en_only,English Not Applicable (NA)
1581827165106,Bangladesh/1581827165106.jpg,1,1,BD,en_only,English Not Applicable (NA)
1581827527643,Bangladesh/1581827527643.jpg,14,14,BD,na,Not Applicable (NA)
1581828728806,Bangladesh/1581828728806.jpg,20,20,BD,en_only,English Not Applicable (NA)
1581843948141,Bangladesh/1581843948141.jpg,14,14,BD,en_only,English Not Applicable (NA)
1581846801584,Bangladesh/1581846801584.jpg,14,14,BD,na,Not Applicable (NA)
1581847149984,Bangladesh/1581847149984.jpg,25,25,BD,na,Not Applicable (NA)
1581847592988,Bangladesh/1581847592988.jpg,25,25,BD,en_only,English Not Applicable (NA)
1581908121339,Bangladesh/1581908121339.jpg,11,11,BD,na,Not Applicable (NA)
1581910657556,Bangladesh/1581910657556.jpg,20,20,BD,en_only,English Not Applicable (NA)
1581910756992,Bangladesh/1581910756992.jpg,11,11,BD,en_only,English Not Applicable (NA)
1581914721024,Bangladesh/1581914721024.jpg,21,21,BD,en_only,English Not Applicable (NA)
1581994679901,Bangladesh/1581994679901.jpg,34,34,BD,na,Not Applicable (NA)
1582000551911,Bangladesh/1582000551911.jpg,29,29,BD,en_only,English Not Applicable (NA)
1582101396746,Bangladesh/1582101396746.jpg,25,25,BD,na,Not Applicable (NA)
1582106207231,Bangladesh/1582106207231.jpg,21,21,BD,en_only,English Not Applicable (NA)
1582106443481,Bangladesh/1582106443481.jpg,20,20,BD,en_only,English Not Applicable (NA)
1582106570899,Bangladesh/1582106570899.jpg,25,25,BD,na,Not Applicable (NA)
1582171694834,Bangladesh/1582171694834.jpg,18,18,BD,na,Not Applicable (NA)
1582364430265,Bangladesh/1582364430265.jpg,25,25,BD,en_only,English Not Applicable (NA)
1582518929265,Bangladesh/1582518929265.jpg,25,25,BD,en_only,English Not Applicable (NA)
1582539810846,Bangladesh/1582539810846.jpg,25,25,BD,na,Not Applicable (NA)
1582608356499,Bangladesh/1582608356499.jpg,9,9,BD,en_only,English
1582611813820,Bangladesh/1582611813820.jpg,20,20,BD,en_only,English Not Applicable (NA)
1582686180409,Bangladesh/1582686180409.jpg,25,25,BD,en_only,English Not Applicable (NA)
1582687524600,Bangladesh/1582687524600.jpg,19,19,BD,na,Not Applicable (NA)
1582690039571,Bangladesh/1582690039571.jpg,18,18,BD,en_only,English
1582691459570,Bangladesh/1582691459570.jpg,19,19,BD,na,Not Applicable (NA)
1582693011135,Bangladesh/1582693011135.jpg,18,18,BD,na,Not Applicable (NA)
1582694936373,Bangladesh/1582694936373.jpg,11,11,BD,en_only,English Not Applicable (NA)
1582778107619,Bangladesh/1582778107619.jpg,34,34,BD,en_only,English Not Applicable (NA)
1582779262064,Bangladesh/1582779262064.jpg,14,14,BD,en_only,English Not Applicable (NA)
1582780648896,Bangladesh/1582780648896.jpg,18,18,BD,en_only,English Not Applicable (NA)
1582781116932,Bangladesh/1582781116932.jpg,34,34,BD,na,Not Applicable (NA)
1583643838200,Bangladesh/1583643838200.jpg,20,20,BD,en_only,English
1584009467001,Bangladesh/1584009467001.jpg,34,34,BD,na,Not Applicable (NA)
1584154000687,Bangladesh/1584154000687.jpg,25,25,BD,en_only,English Not Applicable (NA)
1584155576077,Bangladesh/1584155576077.jpg,20,20,BD,en_only,English
1584184448318,Bangladesh/1584184448318.jpg,20,20,BD,na,Not Applicable (NA)
1584187473097,Bangladesh/1584187473097.jpg,25,25,BD,en_only,English Not Applicable (NA)
1584241736495,Bangladesh/1584241736495.jpg,34,34,BD,na,Not Applicable (NA)
1584242448979,Bangladesh/1584242448979.jpg,20,20,BD,na,Not Applicable (NA)
1584242789987,Bangladesh/1584242789987.jpg,25,25,BD,en_only,English Not Applicable (NA)
1584266523455,Bangladesh/1584266523455.jpg,25,25,BD,na,Not Applicable (NA)
1584267066843,Bangladesh/1584267066843.jpg,20,20,BD,en_only,English
1584267971675,Bangladesh/1584267971675.jpg,25,25,BD,na,Not Applicable (NA)
1584328912948,Bangladesh/1584328912948.jpg,25,25,BD,en_only,English Not Applicable (NA)
1584330007496,Bangladesh/1584330007496.jpg,25,25,BD,na,Not Applicable (NA)
1584330771604,Bangladesh/1584330771604.jpg,25,25,BD,na,Not Applicable (NA)
1584332565152,Bangladesh/1584332565152.jpg,30,30,BD,en_only,English Not Applicable (NA)
1584334075406,Bangladesh/1584334075406.jpg,21,21,BD,en_only,English Not Applicable (NA)
1584337502772,Bangladesh/1584337502772.jpg,34,34,BD,na,Not Applicable (NA)
1592890738887,Sri Lanka/1592890738887.jpg,18,18,LK,local_only,sinhala
1592891194973,Sri Lanka/1592891194973.jpg,20,20,LK,en_only,english
1592892123320,Sri Lanka/1592892123320.jpg,25,25,LK,mixed,sinhala english
1592892436852,Sri Lanka/1592892436852.jpg,14,14,LK,mixed,sinhala english
1592892469564,Sri Lanka/1592892469564.jpg,20,20,LK,en_only,english
1592892585384,Sri Lanka/1592892585384.jpg,20,20,LK,en_only,english
1592892621931,Sri Lanka/1592892621931.jpg,6,6,LK,en_only,english
1592892711811,Sri Lanka/1592892711811.jpg,20,20,LK,en_only,english
1592894133565,Sri Lanka/1592894133565.jpg,25,25,LK,mixed,sinhala english
1592894159484,Sri Lanka/1592894159484.jpg,9,9,LK,mixed,sinhala english
1592894516406,Sri Lanka/1592894516406.jpg,1,1,LK,mixed,sinhala english
1592894686842,Sri Lanka/1592894686842.jpg,27,27,LK,mixed,sinhala tamil english
1592894717708,Sri Lanka/1592894717708.jpg,15,15,LK,mixed,sinhala english
1592894718460,Sri Lanka/1592894718460.jpg,27,27,LK,mixed,sinhala english
1592894743652,Sri Lanka/1592894743652.jpg,27,27,LK,mixed,sinhala tamil english
1592894783754,Sri Lanka/1592894783754.jpg,13,13,LK,mixed,sinhala tamil english
1592894879959,Sri Lanka/1592894879959.jpg,27,27,LK,mixed,sinhala english
1592894912920,Sri Lanka/1592894912920.jpg,20,20,LK,mixed,sinhala english
1592895098539,Sri Lanka/1592895098539.jpg,20,20,LK,en_only,english
1592895128847,Sri Lanka/1592895128847.jpg,25,25,LK,mixed,sinhala english
1592895162824,Sri Lanka/1592895162824.jpg,29,29,LK,mixed,sinhala english
1592895193901,Sri Lanka/1592895193901.jpg,25,25,LK,mixed,sinhala english
1592895850476,Sri Lanka/1592895850476.jpg,13,13,LK,mixed,sinhala english
1592896089994,Sri Lanka/1592896089994.jpg,29,29,LK,local_only,sinhala
1592896109607,Sri Lanka/1592896109607.jpg,25,25,LK,mixed,sinhala english
1592896128408,Sri Lanka/1592896128408.jpg,13,13,LK,mixed,sinhala english
1592896450773,Sri Lanka/1592896450773.jpg,25,25,LK,mixed,sinhala english
1592896481953,Sri Lanka/1592896481953.jpg,27,27,LK,mixed,sinhala tamil english
1592896482776,Sri Lanka/1592896482776.jpg,25,25,LK,en_only,english
1592896891738,Sri Lanka/1592896891738.jpg,20,20,LK,mixed,sinhala english
1592896987021,Sri Lanka/1592896987021.jpg,29,29,LK,local_only,sinhala
1592897315486,Sri Lanka/1592897315486.jpg,25,25,LK,en_only,english
1592897568769,Sri Lanka/1592897568769.jpg,20,20,LK,en_only,english
1592897595234,Sri Lanka/1592897595234.jpg,13,13,LK,mixed,sinhala english
1592897623454,Sri Lanka/1592897623454.jpg,1,1,LK,mixed,sinhala english
1592898328258,Sri Lanka/1592898328258.jpg,25,25,LK,mixed,sinhala english
1592898398004,Sri Lanka/1592898398004.jpg,25,25,LK,mixed,sinhala english
1592898863338,Sri Lanka/1592898863338.jpg,25,25,LK,mixed,sinhala english
1592899789005,Sri Lanka/1592899789005.jpg,25,25,LK,en_only,english
1592899813081,Sri Lanka/1592899813081.jpg,13,13,LK,mixed,sinhala english
1593060090161,Sri Lanka/1593060090161.jpg,13,13,LK,mixed,sinhala english
1593060113474,Sri Lanka/1593060113474.jpg,13,13,LK,mixed,sinhala english
1593060135301,Sri Lanka/1593060135301.jpg,20,20,LK,en_only,english
1593060165379,Sri Lanka/1593060165379.jpg,20,20,LK,mixed,sinhala english
1593065143520,Sri Lanka/1593065143520.jpg,25,25,LK,mixed,sinhala english
1593070612536,Sri Lanka/1593070612536.jpg,29,29,LK,mixed,sinhala english
1593143404245,Sri Lanka/1593143404245.jpg,25,25,LK,mixed,sinhala english
1593143713672,Sri Lanka/1593143713672.jpg,25,25,LK,en_only,english
1593144123247,Sri Lanka/1593144123247.jpg,20,20,LK,en_only,english
1593144145352,Sri Lanka/1593144145352.jpg,25,25,LK,mixed,sinhala english
1593144214424,Sri Lanka/1593144214424.jpg,20,20,LK,en_only,english
1593144310430,Sri Lanka/1593144310430.jpg,25,25,LK,mixed,sinhala english
1593144484281,Sri Lanka/1593144484281.jpg,29,29,LK,mixed,sinhala english
1593144532200,Sri Lanka/1593144532200.jpg,20,20,LK,mixed,sinhala english
1593144691820,Sri Lanka/1593144691820.jpg,20,20,LK,en_only,english
1593144900450,Sri Lanka/1593144900450.jpg,20,20,LK,en_only,english
1593144932154,Sri Lanka/1593144932154.jpg,17,17,LK,mixed,sinhala english
1593144941357,Sri Lanka/1593144941357.jpg,20,20,LK,mixed,sinhala english
1593144948289,Sri Lanka/1593144948289.jpg,20,20,LK,en_only,english
1593144993711,Sri Lanka/1593144993711.jpg,25,25,LK,mixed,sinhala english
1593145162624,Sri Lanka/1593145162624.jpg,29,29,LK,mixed,sinhala tamil english
1593145210362,Sri Lanka/1593145210362.jpg,14,14,LK,mixed,sinhala english
1593145241421,Sri Lanka/1593145241421.jpg,1,1,LK,mixed,sinhala english
1593145266437,Sri Lanka/1593145266437.jpg,25,25,LK,mixed,sinhala english
1593145279585,Sri Lanka/1593145279585.jpg,20,20,LK,en_only,english
1593145429760,Sri Lanka/1593145429760.jpg,14,14,LK,mixed,sinhala english
1593145451958,Sri Lanka/1593145451958.jpg,25,25,LK,en_only,english
1593145493539,Sri Lanka/1593145493539.jpg,25,25,LK,en_only,english
1593145531866,Sri Lanka/1593145531866.jpg,27,27,LK,mixed,sinhala english
1593145569050,Sri Lanka/1593145569050.jpg,20,20,LK,en_only,english
1593145722751,Sri Lanka/1593145722751.jpg,25,25,LK,mixed,sinhala english
1593145817970,Sri Lanka/1593145817970.jpg,25,25,LK,en_only,english
1593145870122,Sri Lanka/1593145870122.jpg,9,9,LK,mixed,sinhala english
1593146331447,Sri Lanka/1593146331447.jpg,13,13,LK,mixed,sinhala english
1593146581319,Sri Lanka/1593146581319.jpg,20,20,LK,en_only,english
1593146757378,Sri Lanka/1593146757378.jpg,1,1,LK,en_only,english
1593146789254,Sri Lanka/1593146789254.jpg,25,25,LK,mixed,sinhala english
1593146892333,Sri Lanka/1593146892333.jpg,13,13,LK,mixed,sinhala english
1593147294279,Sri Lanka/1593147294279.jpg,25,25,LK,mixed,sinhala english|tamil english
1593148054265,Sri Lanka/1593148054265.jpg,1,1,LK,local_only,sinhala
1593148619704,Sri Lanka/1593148619704.jpg,14,14,LK,mixed,sinhala english
1593148668785,Sri Lanka/1593148668785.jpg,17,17,LK,mixed,sinhala english
1593148717615,Sri Lanka/1593148717615.jpg,1,1,LK,mixed,sinhala english
1593148880940,Sri Lanka/1593148880940.jpg,21,21,LK,mixed,english|sinhala english
1593148916939,Sri Lanka/1593148916939.jpg,25,25,LK,mixed,sinhala english
1593149091509,Sri Lanka/1593149091509.jpg,32,22,LK,mixed,sinhala english
1593149120942,Sri Lanka/1593149120942.jpg,20,20,LK,mixed,sinhala english
1593149161366,Sri Lanka/1593149161366.jpg,29,29,LK,mixed,sinhala english
1593150073590,Sri Lanka/1593150073590.jpg,17,17,LK,mixed,sinhala tamil english
1593150102638,Sri Lanka/1593150102638.jpg,25,25,LK,en_only,english
1593402153912,Sri Lanka/1593402153912.jpg,1,1,LK,mixed,sinhala tamil english
1593402453075,Sri Lanka/1593402453075.jpg,27,27,LK,local_only,sinhala tamil
1593402475183,Sri Lanka/1593402475183.jpg,15,15,LK,mixed,tamil english
1593402784724,Sri Lanka/1593402784724.jpg,1,1,LK,mixed,tamil english
1593402789443,Sri Lanka/1593402789443.jpg,18,18,LK,en_only,english
1593403955491,Sri Lanka/1593403955491.jpg,20,20,LK,mixed,tamil english
1593404071137,Sri Lanka/1593404071137.jpg,14,14,LK,mixed,sinhala english
1593404117618,Sri Lanka/1593404117618.jpg,15,15,LK,mixed,tamil english
1593404735891,Sri Lanka/1593404735891.jpg,14,14,LK,mixed,tamil english
1593404866558,Sri Lanka/1593404866558.jpg,19,19,LK,mixed,tamil english
1593404912108,Sri Lanka/1593404912108.jpg,13,13,LK,mixed,tamil english
1593405081330,Sri Lanka/1593405081330.jpg,20,20,LK,en_only,english
1593405820393,Sri Lanka/1593405820393.jpg,19,19,LK,mixed,english|tamil english
1593490176907,Sri Lanka/1593490176907.jpg,18,18,LK,en_only,english
1593490197001,Sri Lanka/1593490197001.jpg,25,25,LK,mixed,sinhala tamil english
1593490217384,Sri Lanka/1593490217384.jpg,18,18,LK,mixed,sinhala tamil english
1593490312477,Sri Lanka/1593490312477.jpg,21,21,LK,mixed,tamil english
1593490394705,Sri Lanka/1593490394705.jpg,25,25,LK,mixed,tamil english
1593490826637,Sri Lanka/1593490826637.jpg,25,25,LK,en_only,english
1593491147950,Sri Lanka/1593491147950.jpg,25,25,LK,mixed,tamil english
1593491881394,Sri Lanka/1593491881394.jpg,25,25,LK,en_only,english
1593492091544,Sri Lanka/1593492091544.jpg,25,25,LK,en_only,english
1593492259490,Sri Lanka/1593492259490.jpg,20,20,LK,en_only,english
1593492582450,Sri Lanka/1593492582450.jpg,13,13,LK,mixed,sinhala english
1593492855573,Sri Lanka/1593492855573.jpg,13,13,LK,mixed,sinhala english
1593492968538,Sri Lanka/1593492968538.jpg,25,25,LK,en_only,english
1593493387144,Sri Lanka/1593493387144.jpg,20,20,LK,local_only,tamil
1593493630960,Sri Lanka/1593493630960.jpg,15,15,LK,mixed,sinhala english
1593493691827,Sri Lanka/1593493691827.jpg,13,13,LK,mixed,sinhala english
1593494254513,Sri Lanka/1593494254513.jpg,14,14,LK,mixed,sinhala tamil english
1593494772255,Sri Lanka/1593494772255.jpg,25,25,LK,en_only,english
1593494785209,Sri Lanka/1593494785209.jpg,25,25,LK,en_only,english
1593494957874,Sri Lanka/1593494957874.jpg,29,29,LK,mixed,sinhala tamil english
1593495453603,Sri Lanka/1593495453603.jpg,28,28,LK,mixed,tamil english
1593495856874,Sri Lanka/1593495856874.jpg,15,15,LK,mixed,sinhala tamil english
1593496145119,Sri Lanka/1593496145119.jpg,20,20,LK,en_only,english
1593496172736,Sri Lanka/1593496172736.jpg,20,20,LK,en_only,english
1593496213670,Sri Lanka/1593496213670.jpg,1,1,LK,mixed,sinhala tamil english|tamil english
1593496446557,Sri Lanka/1593496446557.jpg,25,25,LK,en_only,english
1593496470384,Sri Lanka/1593496470384.jpg,25,25,LK,mixed,tamil english
1593496750780,Sri Lanka/1593496750780.jpg,29,29,LK,en_only,english
1593497636221,Sri Lanka/1593497636221.jpg,5,5,LK,mixed,sinhala english|tamil english
1593497908377,Sri Lanka/1593497908377.jpg,20,20,LK,en_only,english
1593497948561,Sri Lanka/1593497948561.jpg,25,25,LK,mixed,english|tamil english
1593497990475,Sri Lanka/1593497990475.jpg,25,25,LK,mixed,tamil english
1593499182310,Sri Lanka/1593499182310.jpg,5,5,LK,mixed,Sinhala English
1593499206827,Sri Lanka/1593499206827.jpg,25,25,LK,mixed,Sinhala English
1593500416627,Sri Lanka/1593500416627.jpg,1,1,LK,mixed,Sinhala Tamil English
1593500474915,Sri Lanka/1593500474915.jpg,2,2,LK,en_only,English
1593506022896,Sri Lanka/1593506022896.jpg,20,20,LK,en_only,English
1593506479370,Sri Lanka/1593506479370.jpg,25,25,LK,mixed,Sinhala English
1593506876581,Sri Lanka/1593506876581.jpg,7,7,LK,mixed,Sinhala Tamil English
1593506989938,Sri Lanka/1593506989938.jpg,20,20,LK,en_only,English
1593507042797,Sri Lanka/1593507042797.jpg,13,13,LK,mixed,Sinhala English
1593507339582,Sri Lanka/1593507339582.jpg,19,19,LK,local_only,Sinhala
1593576089311,Sri Lanka/1593576089311.jpg,27,27,LK,mixed,Sinhala English
1593576569973,Sri Lanka/1593576569973.jpg,17,17,LK,mixed,Tamil English
1593576592090,Sri Lanka/1593576592090.jpg,8,8,LK,mixed,Sinhala Tamil English
1593662614150,Sri Lanka/1593662614150.jpg,20,20,LK,mixed,Sinhala English
1593662782434,Sri Lanka/1593662782434.jpg,27,27,LK,mixed,Sinhala English
1593662888385,Sri Lanka/1593662888385.jpg,5,5,LK,mixed,Sinhala English
1593663166763,Sri Lanka/1593663166763.jpg,13,13,LK,mixed,Sinhala English
1593663188507,Sri Lanka/1593663188507.jpg,20,20,LK,en_only,English
1593663188883,Sri Lanka/1593663188883.jpg,25,25,LK,en_only,English
1593663205836,Sri Lanka/1593663205836.jpg,15,15,LK,mixed,Sinhala English
1593663557789,Sri Lanka/1593663557789.jpg,14,14,LK,mixed,Sinhala Tamil English
1593663755301,Sri Lanka/1593663755301.jpg,13,13,LK,mixed,Sinhala Tamil English
1593663772678,Sri Lanka/1593663772678.jpg,13,13,LK,mixed,Sinhala English
1593663798077,Sri Lanka/1593663798077.jpg,14,14,LK,mixed,Sinhala English
1593664279703,Sri Lanka/1593664279703.jpg,25,25,LK,mixed,Sinhala English
1593664906637,Sri Lanka/1593664906637.jpg,14,14,LK,mixed,Sinhala English
1593664945400,Sri Lanka/1593664945400.jpg,13,13,LK,mixed,Sinhala English
1593665046178,Sri Lanka/1593665046178.jpg,29,29,LK,local_only,Sinhala
1593665099265,Sri Lanka/1593665099265.jpg,20,20,LK,en_only,English
1593665775101,Sri Lanka/1593665775101.jpg,29,29,LK,local_only,Sinhala
1593666092667,Sri Lanka/1593666092667.jpg,13,13,LK,mixed,Sinhala English
1593666242488,Sri Lanka/1593666242488.jpg,20,20,LK,en_only,English
1593672267889,Sri Lanka/1593672267889.jpg,29,29,LK,local_only,Sinhala
1593753691886,Sri Lanka/1593753691886.jpg,15,15,LK,mixed,Sinhala English
1593753708626,Sri Lanka/1593753708626.jpg,20,20,LK,mixed,Sinhala English
1593940485221,Sri Lanka/1593940485221.jpg,25,25,LK,mixed,Tamil English
1593940506805,Sri Lanka/1593940506805.jpg,15,15,LK,mixed,Tamil English
1593940540737,Sri Lanka/1593940540737.jpg,3,3,LK,mixed,Tamil English
1593940841009,Sri Lanka/1593940841009.jpg,21,21,LK,en_only,English
1593942012490,Sri Lanka/1593942012490.jpg,20,20,LK,mixed,Tamil English
1593942046569,Sri Lanka/1593942046569.jpg,15,15,LK,mixed,Tamil English
1593942646058,Sri Lanka/1593942646058.jpg,21,21,LK,en_only,English
1593942775673,Sri Lanka/1593942775673.jpg,25,25,LK,mixed,Tamil English
1594015587064,Sri Lanka/1594015587064.jpg,15,15,LK,mixed,Sinhala English
1594015607989,Sri Lanka/1594015607989.jpg,29,29,LK,local_only,Sinhala
1594092921701,Sri Lanka/1594092921701.jpg,9,9,LK,mixed,Sinhala Tamil English
1594094189504,Sri Lanka/1594094189504.jpg,27,27,LK,mixed,Sinhala English
1594094759958,Sri Lanka/1594094759958.jpg,27,27,LK,mixed,Sinhala English
1594095269692,Sri Lanka/1594095269692.jpg,25,25,LK,mixed,Sinhala English
1594095287873,Sri Lanka/1594095287873.jpg,20,20,LK,en_only,English
1594095290448,Sri Lanka/1594095290448.jpg,25,25,LK,mixed,Sinhala English
1594095325874,Sri Lanka/1594095325874.jpg,13,13,LK,mixed,Sinhala English
1594095719658,Sri Lanka/1594095719658.jpg,25,25,LK,mixed,Sinhala English
1594095745287,Sri Lanka/1594095745287.jpg,20,20,LK,mixed,Sinhala English
1594095869778,Sri Lanka/1594095869778.jpg,14,14,LK,mixed,Sinhala English
1594095894298,Sri Lanka/1594095894298.jpg,20,20,LK,mixed,Sinhala English
1594096239116,Sri Lanka/1594096239116.jpg,27,27,LK,mixed,Sinhala English
1594096262610,Sri Lanka/1594096262610.jpg,14,14,LK,mixed,Sinhala English
1594096744447,Sri Lanka/1594096744447.jpg,27,27,LK,mixed,Sinhala English
1594097134468,Sri Lanka/1594097134468.jpg,25,25,LK,mixed,Sinhala English
1594097410085,Sri Lanka/1594097410085.jpg,20,20,LK,mixed,Sinhala English
1594097428613,Sri Lanka/1594097428613.jpg,25,25,LK,mixed,Sinhala English
1594097452842,Sri Lanka/1594097452842.jpg,13,13,LK,mixed,Sinhala Tamil English
1594097475203,Sri Lanka/1594097475203.jpg,15,15,LK,mixed,Sinhala English
1594097506539,Sri Lanka/1594097506539.jpg,27,27,LK,mixed,Sinhala English
1594097534233,Sri Lanka/1594097534233.jpg,14,14,LK,mixed,Sinhala English
1594097556782,Sri Lanka/1594097556782.jpg,13,13,LK,mixed,Sinhala English
1594097714479,Sri Lanka/1594097714479.jpg,9,9,LK,mixed,Sinhala English
1594111762575,Sri Lanka/1594111762575.jpg,14,14,LK,mixed,Sinhala Tamil English
1594111824944,Sri Lanka/1594111824944.jpg,14,14,LK,mixed,Sinhala Tamil English
1594111862571,Sri Lanka/1594111862571.jpg,20,20,LK,mixed,Tamil English
1594113311577,Sri Lanka/1594113311577.jpg,14,14,LK,mixed,Sinhala English
1594114386633,Sri Lanka/1594114386633.jpg,1,1,LK,mixed,Tamil English
1594115760006,Sri Lanka/1594115760006.jpg,20,20,LK,mixed,Tamil English
1594115821877,Sri Lanka/1594115821877.jpg,14,14,LK,mixed,Tamil English
1594117886786,Sri Lanka/1594117886786.jpg,14,14,LK,mixed,Tamil English
1594121620145,Sri Lanka/1594121620145.jpg,25,25,LK,mixed,English|Tamil English
1594121647521,Sri Lanka/1594121647521.jpg,25,25,LK,en_only,English
1594122617219,Sri Lanka/1594122617219.jpg,14,14,LK,mixed,Tamil English
1594182583667,Sri Lanka/1594182583667.jpg,9,9,LK,mixed,Sinhala English
1594187835288,Sri Lanka/1594187835288.jpg,29,29,LK,mixed,Sinhala English
1594187865717,Sri Lanka/1594187865717.jpg,13,13,LK,mixed,Sinhala English
1594295333533,Sri Lanka/1594295333533.jpg,14,14,LK,mixed,Tamil English
1594354781828,Sri Lanka/1594354781828.jpg,9,9,LK,mixed,Sinhala English
1594355237520,Sri Lanka/1594355237520.jpg,27,27,LK,mixed,Tamil English
1594355264942,Sri Lanka/1594355264942.jpg,13,13,LK,mixed,Sinhala English
1594355414578,Sri Lanka/1594355414578.jpg,13,13,LK,mixed,Sinhala Tamil English
1594356193843,Sri Lanka/1594356193843.jpg,17,17,LK,mixed,Sinhala Tamil English
1594356344019,Sri Lanka/1594356344019.jpg,27,27,LK,local_only,Sinhala
1594356634118,Sri Lanka/1594356634118.jpg,27,27,LK,mixed,Sinhala Tamil English
1594357314307,Sri Lanka/1594357314307.jpg,20,20,LK,en_only,English
1594357707228,Sri Lanka/1594357707228.jpg,25,25,LK,en_only,English
1594358175296,Sri Lanka/1594358175296.jpg,20,20,LK,en_only,English
1594358631974,Sri Lanka/1594358631974.jpg,13,13,LK,mixed,Sinhala English
1594359130180,Sri Lanka/1594359130180.jpg,29,29,LK,en_only,English
1594359161829,Sri Lanka/1594359161829.jpg,20,20,LK,mixed,Sinhala English
1594359380001,Sri Lanka/1594359380001.jpg,9,9,LK,mixed,Sinhala English
1594361188174,Sri Lanka/1594361188174.jpg,25,25,LK,mixed,Sinhala English
1594364910052,Sri Lanka/1594364910052.jpg,13,13,LK,mixed,Sinhala English
1594615983468,Sri Lanka/1594615983468.jpg,14,14,LK,mixed,Sinhala English
1594621802438,Sri Lanka/1594621802438.jpg,13,13,LK,mixed,Sinhala English
1594707300452,Sri Lanka/1594707300452.jpg,25,25,LK,en_only,English
1594788918180,Sri Lanka/1594788918180.jpg,13,13,LK,mixed,Sinhala English
1594788941469,Sri Lanka/1594788941469.jpg,14,14,LK,mixed,Sinhala English
1594789747210,Sri Lanka/1594789747210.jpg,5,5,LK,mixed,Sinhala English
1594790055969,Sri Lanka/1594790055969.jpg,20,20,LK,mixed,Sinhala English
1594790078372,Sri Lanka/1594790078372.jpg,14,14,LK,mixed,Sinhala English
1594790630542,Sri Lanka/1594790630542.jpg,27,27,LK,mixed,Sinhala English
1594960545596,Sri Lanka/1594960545596.jpg,17,17,LK,en_only,English
1594960575612,Sri Lanka/1594960575612.jpg,20,20,LK,en_only,English
1594963484341,Sri Lanka/1594963484341.jpg,27,27,LK,mixed,Sinhala English
1594963522610,Sri Lanka/1594963522610.jpg,20,20,LK,mixed,Sinhala English
1594963548093,Sri Lanka/1594963548093.jpg,14,14,LK,mixed,Sinhala English
1595221489516,Sri Lanka/1595221489516.jpg,25,25,LK,mixed,Sinhala English
1595224729649,Sri Lanka/1595224729649.jpg,9,9,LK,mixed,Sinhala English
1595224747725,Sri Lanka/1595224747725.jpg,20,20,LK,en_only,English
1595225179206,Sri Lanka/1595225179206.jpg,5,5,LK,mixed,Sinhala English
1595225674345,Sri Lanka/1595225674345.jpg,27,27,LK,mixed,Sinhala English
1595225691711,Sri Lanka/1595225691711.jpg,25,25,LK,mixed,Sinhala English
1595225910871,Sri Lanka/1595225910871.jpg,13,13,LK,mixed,Sinhala Tamil English
1595226267387,Sri Lanka/1595226267387.jpg,25,25,LK,mixed,Sinhala English
1595226546848,Sri Lanka/1595226546848.jpg,5,5,LK,mixed,Sinhala English
1595226582924,Sri Lanka/1595226582924.jpg,25,25,LK,mixed,Sinhala English
1595240507107,Sri Lanka/1595240507107.jpg,25,25,LK,mixed,Sinhala English
1595240577307,Sri Lanka/1595240577307.jpg,20,20,LK,en_only,English
1595240703372,Sri Lanka/1595240703372.jpg,20,20,LK,mixed,English|Sinhala English
1595240723933,Sri Lanka/1595240723933.jpg,17,17,LK,mixed,Sinhala English
1595240745463,Sri Lanka/1595240745463.jpg,13,13,LK,local_only,Sinhala
1595240845455,Sri Lanka/1595240845455.jpg,25,25,LK,mixed,Sinhala English
1595241436635,Sri Lanka/1595241436635.jpg,25,25,LK,mixed,Sinhala English
1595241456897,Sri Lanka/1595241456897.jpg,9,9,LK,mixed,Sinhala English
1595241502524,Sri Lanka/1595241502524.jpg,13,13,LK,mixed,Sinhala English
1595241520298,Sri Lanka/1595241520298.jpg,20,20,LK,mixed,Sinhala English
1595311126858,Sri Lanka/1595311126858.jpg,13,13,LK,mixed,Sinhala English
1595311141568,Sri Lanka/1595311141568.jpg,20,20,LK,local_only,Sinhala
1595311942821,Sri Lanka/1595311942821.jpg,20,20,LK,mixed,Sinhala English
1595312561864,Sri Lanka/1595312561864.jpg,20,20,LK,mixed,Sinhala English
1595312583047,Sri Lanka/1595312583047.jpg,25,25,LK,mixed,Sinhala English
1595312815507,Sri Lanka/1595312815507.jpg,25,25,LK,mixed,Sinhala English
1595313327239,Sri Lanka/1595313327239.jpg,14,14,LK,mixed,Sinhala English
1595314343415,Sri Lanka/1595314343415.jpg,17,17,LK,mixed,Sinhala English
1595314380347,Sri Lanka/1595314380347.jpg,14,14,LK,mixed,Sinhala English
1595314510652,Sri Lanka/1595314510652.jpg,17,17,LK,mixed,Sinhala English
1595315186205,Sri Lanka/1595315186205.jpg,9,9,LK,mixed,Sinhala English
1595476863602,Sri Lanka/1595476863602.jpg,13,13,LK,mixed,Sinhala English
1595479296142,Sri Lanka/1595479296142.jpg,20,20,LK,en_only,English
1595480531489,Sri Lanka/1595480531489.jpg,15,15,LK,mixed,Sinhala English
1595485127128,Sri Lanka/1595485127128.jpg,14,14,LK,mixed,sinhala english
1595485459176,Sri Lanka/1595485459176.jpg,15,15,LK,mixed,sinhala english
1595493404101,Sri Lanka/1595493404101.jpg,15,15,LK,mixed,sinhala english
1595495057401,Sri Lanka/1595495057401.jpg,14,14,LK,mixed,sinhala english
1595568032444,Sri Lanka/1595568032444.jpg,19,19,LK,mixed,sinhala english
1595823288630,Sri Lanka/1595823288630.jpg,17,17,LK,mixed,sinhala tamil english
1595823745904,Sri Lanka/1595823745904.jpg,19,19,LK,mixed,sinhala english
1595823796048,Sri Lanka/1595823796048.jpg,13,13,LK,en_only,english
1595823864043,Sri Lanka/1595823864043.jpg,25,25,LK,mixed,sinhala english
1595823975816,Sri Lanka/1595823975816.jpg,19,19,LK,en_only,english
1595824031839,Sri Lanka/1595824031839.jpg,25,25,LK,mixed,sinhala english
1595824105055,Sri Lanka/1595824105055.jpg,13,13,LK,en_only,english
1595824751830,Sri Lanka/1595824751830.jpg,25,25,LK,en_only,english
1595825016532,Sri Lanka/1595825016532.jpg,19,19,LK,en_only,english
1595825730981,Sri Lanka/1595825730981.jpg,23,23,LK,mixed,sinhala english
1595825997409,Sri Lanka/1595825997409.jpg,20,20,LK,mixed,sinhala english
1595826428637,Sri Lanka/1595826428637.jpg,13,13,LK,mixed,sinhala english
1595828750060,Sri Lanka/1595828750060.jpg,13,13,LK,local_only,sinhala
1595828890758,Sri Lanka/1595828890758.jpg,19,19,LK,mixed,sinhala english
1595829065567,Sri Lanka/1595829065567.jpg,19,19,LK,mixed,sinhala english
1595829067551,Sri Lanka/1595829067551.jpg,15,15,LK,mixed,sinhala english
1595829446688,Sri Lanka/1595829446688.jpg,25,25,LK,en_only,english
1595829582006,Sri Lanka/1595829582006.jpg,6,6,LK,mixed,sinhala english
1595830869338,Sri Lanka/1595830869338.jpg,21,21,LK,mixed,english|sinhala english
1595831344920,Sri Lanka/1595831344920.jpg,25,25,LK,mixed,sinhala english
1595831472490,Sri Lanka/1595831472490.jpg,20,20,LK,mixed,sinhala english
1595831832517,Sri Lanka/1595831832517.jpg,20,20,LK,en_only,english
1595836499837,Sri Lanka/1595836499837.jpg,19,19,LK,en_only,english
1596781087480,Sri Lanka/1596781087480.jpg,25,25,LK,mixed,sinhala english
1596781134508,Sri Lanka/1596781134508.jpg,6,6,LK,mixed,sinhala english
1596781158056,Sri Lanka/1596781158056.jpg,25,25,LK,mixed,sinhala english
1596856563518,Bangladesh/1596856563518.jpg,20,20,BD,en_only,English
1596857585015,Bangladesh/1596857585015.jpg,20,20,BD,en_only,English
1596860300655,Sri Lanka/1596860300655.jpg,13,13,LK,mixed,sinhala english
1596860375471,Sri Lanka/1596860375471.jpg,6,6,LK,mixed,sinhala english
1596860603281,Sri Lanka/1596860603281.jpg,6,6,LK,mixed,sinhala english
1596861866611,Bangladesh/1596861866611.jpg,17,17,BD,na,Not Applicable (NA)
1596861897899,Bangladesh/1596861897899.jpg,20,20,BD,na,Not Applicable (NA)
1596943025059,Bangladesh/1596943025059.jpg,20,20,BD,en_only,English Not Applicable (NA)
1596943070717,Bangladesh/1596943070717.jpg,25,25,BD,na,Not Applicable (NA)
1597027971620,Bangladesh/1597027971620.jpg,25,25,BD,na,Not Applicable (NA)
1597034636101,Sri Lanka/1597034636101.jpg,6,6,LK,mixed,sinhala english
1597034700107,Sri Lanka/1597034700107.jpg,6,6,LK,mixed,sinhala english
1597034919722,Sri Lanka/1597034919722.jpg,14,14,LK,mixed,sinhala english
1597034947384,Sri Lanka/1597034947384.jpg,1,1,LK,mixed,sinhala english
1597035335203,Sri Lanka/1597035335203.jpg,6,6,LK,mixed,sinhala english
1597035884131,Sri Lanka/1597035884131.jpg,19,19,LK,mixed,english|sinhala english
1597036476506,Sri Lanka/1597036476506.jpg,13,13,LK,mixed,sinhala english
1597037135747,Sri Lanka/1597037135747.jpg,27,27,LK,mixed,sinhala english
1597037402161,Sri Lanka/1597037402161.jpg,14,14,LK,mixed,sinhala english
1597056117897,Bangladesh/1597056117897.jpg,14,14,BD,na,Not Applicable (NA)
1597058642760,Bangladesh/1597058642760.jpg,25,25,BD,en_only,English Not Applicable (NA)
1597059657272,Bangladesh/1597059657272.jpg,19,19,BD,na,Not Applicable (NA)
1597121439286,Sri Lanka/1597121439286.jpg,13,13,LK,mixed,sinhala english
1597144091005,Sri Lanka/1597144091005.jpg,21,21,LK,mixed,tamil english
1597144134907,Sri Lanka/1597144134907.jpg,25,25,LK,en_only,english
1597144215601,Sri Lanka/1597144215601.jpg,25,25,LK,mixed,sinhala english
1597144312722,Sri Lanka/1597144312722.jpg,13,13,LK,local_only,tamil
1597144345163,Sri Lanka/1597144345163.jpg,25,25,LK,local_only,tamil
1597144621855,Sri Lanka/1597144621855.jpg,25,25,LK,en_only,english
1597144701376,Sri Lanka/1597144701376.jpg,3,3,LK,en_only,english
1597145097212,Sri Lanka/1597145097212.jpg,3,3,LK,en_only,english
1597145110614,Sri Lanka/1597145110614.jpg,25,25,LK,mixed,tamil english
1597145128546,Sri Lanka/1597145128546.jpg,25,25,LK,mixed,tamil english
1597145150940,Sri Lanka/1597145150940.jpg,25,25,LK,mixed,tamil english
1597145160394,Sri Lanka/1597145160394.jpg,27,27,LK,mixed,tamil english
1597145185426,Sri Lanka/1597145185426.jpg,25,25,LK,mixed,tamil english
1597145186500,Sri Lanka/1597145186500.jpg,1,1,LK,mixed,tamil english
1597145225427,Sri Lanka/1597145225427.jpg,19,19,LK,mixed,tamil english
1597145305078,Sri Lanka/1597145305078.jpg,19,19,LK,local_only,tamil
1597145538694,Sri Lanka/1597145538694.jpg,19,19,LK,en_only,english
1597145684765,Sri Lanka/1597145684765.jpg,25,25,LK,mixed,tamil english
1597145778521,Sri Lanka/1597145778521.jpg,19,19,LK,mixed,tamil english
1597145851374,Sri Lanka/1597145851374.jpg,21,21,LK,mixed,tamil english
1597145863041,Sri Lanka/1597145863041.jpg,7,7,LK,na,not_applicable__na
1597146419606,Sri Lanka/1597146419606.jpg,25,25,LK,en_only,english
1597146447546,Sri Lanka/1597146447546.jpg,19,19,LK,en_only,english
1597146723037,Sri Lanka/1597146723037.jpg,9,9,LK,mixed,sinhala tamil english
1597146765537,Sri Lanka/1597146765537.jpg,19,19,LK,mixed,tamil english
1597146804893,Sri Lanka/1597146804893.jpg,19,19,LK,local_only,tamil
1597146813660,Sri Lanka/1597146813660.jpg,25,25,LK,en_only,english
1597146835355,Sri Lanka/1597146835355.jpg,25,25,LK,local_only,tamil
1597147390780,Sri Lanka/1597147390780.jpg,21,21,LK,mixed,tamil english
1597147431508,Sri Lanka/1597147431508.jpg,13,13,LK,mixed,sinhala english
1597148973553,Sri Lanka/1597148973553.jpg,21,21,LK,mixed,tamil english
1597201686708,Bangladesh/1597201686708.jpg,20,20,BD,en_only,English
1597212100380,Sri Lanka/1597212100380.jpg,23,23,LK,mixed,sinhala english
1597212162292,Sri Lanka/1597212162292.jpg,21,21,LK,mixed,sinhala english
1597212194086,Sri Lanka/1597212194086.jpg,25,25,LK,mixed,sinhala|sinhala english
1597213700549,Sri Lanka/1597213700549.jpg,14,14,LK,en_only,english
1597213781756,Sri Lanka/1597213781756.jpg,14,14,LK,en_only,english
1597213816560,Sri Lanka/1597213816560.jpg,14,14,LK,en_only,english
1597227067870,Sri Lanka/1597227067870.jpg,25,25,LK,en_only,english
1597227631671,Sri Lanka/1597227631671.jpg,25,25,LK,mixed,tamil english
1597227732955,Sri Lanka/1597227732955.jpg,19,19,LK,mixed,tamil english
1597227924337,Sri Lanka/1597227924337.jpg,25,25,LK,en_only,english
1597228724843,Sri Lanka/1597228724843.jpg,25,25,LK,mixed,tamil english
1597229342646,Bangladesh/1597229342646.jpg,20,20,BD,en_only,English
1597229750328,Sri Lanka/1597229750328.jpg,25,25,LK,mixed,tamil english
1597229770102,Sri Lanka/1597229770102.jpg,25,25,LK,en_only,english
1597233860405,Sri Lanka/1597233860405.jpg,14,14,LK,en_only,english
1597233868753,Sri Lanka/1597233868753.jpg,19,19,LK,mixed,sinhala english
1597234024291,Sri Lanka/1597234024291.jpg,19,19,LK,en_only,english
1597234047674,Sri Lanka/1597234047674.jpg,23,23,LK,mixed,sinhala english
1597286890657,Bangladesh/1597286890657.jpg,20,20,BD,en_only,English
1597291285412,Bangladesh/1597291285412.jpg,34,34,BD,na,Not Applicable (NA)
1597298708841,Bangladesh/1597298708841.jpg,20,20,BD,en_only,English
1597310694432,Sri Lanka/1597310694432.jpg,25,25,LK,en_only,english
1597312810107,Sri Lanka/1597312810107.jpg,25,25,LK,mixed,tamil english
1597313111737,Sri Lanka/1597313111737.jpg,20,20,LK,mixed,tamil english
1597377833913,Sri Lanka/1597377833913.jpg,14,14,LK,en_only,english
1597377876258,Sri Lanka/1597377876258.jpg,14,14,LK,mixed,sinhala|sinhala english
1597377892779,Sri Lanka/1597377892779.jpg,19,19,LK,en_only,english
1597378537790,Sri Lanka/1597378537790.jpg,25,25,LK,mixed,sinhala english
1597379080477,Sri Lanka/1597379080477.jpg,25,25,LK,en_only,english
1597379202855,Sri Lanka/1597379202855.jpg,25,25,LK,mixed,sinhala english
1597380004176,Sri Lanka/1597380004176.jpg,1,1,LK,mixed,sinhala english
1597380058168,Sri Lanka/1597380058168.jpg,1,1,LK,mixed,sinhala english
1597380083443,Sri Lanka/1597380083443.jpg,25,25,LK,mixed,sinhala english
1597380242392,Sri Lanka/1597380242392.jpg,6,6,LK,mixed,sinhala english
1597380294150,Sri Lanka/1597380294150.jpg,27,27,LK,mixed,sinhala english
1597380328629,Sri Lanka/1597380328629.jpg,20,20,LK,en_only,english
1597380479791,Sri Lanka/1597380479791.jpg,29,29,LK,en_only,english
1597380535130,Sri Lanka/1597380535130.jpg,6,6,LK,mixed,sinhala english
1597381959534,Sri Lanka/1597381959534.jpg,32,32,LK,mixed,sinhala english
1597381998207,Sri Lanka/1597381998207.jpg,25,25,LK,mixed,sinhala english
1597382078928,Sri Lanka/1597382078928.jpg,15,15,LK,mixed,sinhala english
1597382116993,Sri Lanka/1597382116993.jpg,21,21,LK,mixed,sinhala english
1597382347529,Sri Lanka/1597382347529.jpg,19,19,LK,mixed,sinhala english
1597382379753,Sri Lanka/1597382379753.jpg,27,27,LK,mixed,sinhala english
1597383023528,Sri Lanka/1597383023528.jpg,19,19,LK,en_only,english
1597383066152,Sri Lanka/1597383066152.jpg,25,25,LK,mixed,sinhala english
1597383157322,Sri Lanka/1597383157322.jpg,25,25,LK,mixed,sinhala english
1597383210091,Sri Lanka/1597383210091.jpg,19,19,LK,en_only,english
1597383246097,Sri Lanka/1597383246097.jpg,1,1,LK,mixed,sinhala english
1597383338067,Sri Lanka/1597383338067.jpg,17,17,LK,mixed,sinhala english
1597383361725,Sri Lanka/1597383361725.jpg,17,17,LK,mixed,sinhala english
1597383455251,Sri Lanka/1597383455251.jpg,20,20,LK,en_only,english
1597383507289,Sri Lanka/1597383507289.jpg,17,17,LK,mixed,sinhala english
1597383618513,Sri Lanka/1597383618513.jpg,25,25,LK,mixed,english|sinhala english
1597383818379,Sri Lanka/1597383818379.jpg,23,23,LK,mixed,sinhala english
1597383861748,Sri Lanka/1597383861748.jpg,27,27,LK,mixed,sinhala english
1597383895034,Sri Lanka/1597383895034.jpg,25,25,LK,mixed,sinhala english
1597383936609,Sri Lanka/1597383936609.jpg,20,20,LK,mixed,sinhala english
1597384204581,Sri Lanka/1597384204581.jpg,21,21,LK,mixed,sinhala english
1597384348195,Sri Lanka/1597384348195.jpg,25,25,LK,en_only,english
1597384517951,Sri Lanka/1597384517951.jpg,21,21,LK,mixed,sinhala english
1597552973418,Bangladesh/1597552973418.jpg,20,20,BD,en_only,English Not Applicable (NA)
1597553466395,Bangladesh/1597553466395.jpg,19,19,BD,en_only,English Not Applicable (NA)
1597557270956,Bangladesh/1597557270956.jpg,20,20,BD,en_only,English
1597579332180,Bangladesh/1597579332180.jpg,20,20,BD,en_only,English
1597659162706,Bangladesh/1597659162706.jpg,17,17,BD,na,Not Applicable (NA)
1597724247746,Bangladesh/1597724247746.jpg,25,25,BD,na,Not Applicable (NA)
1597811978583,Sri Lanka/1597811978583.jpg,1,1,LK,mixed,sinhala english
1597812037197,Sri Lanka/1597812037197.jpg,25,25,LK,mixed,sinhala english
1597812191964,Sri Lanka/1597812191964.jpg,18,18,LK,mixed,sinhala english
1597812226676,Sri Lanka/1597812226676.jpg,14,14,LK,mixed,sinhala english
1597812258431,Sri Lanka/1597812258431.jpg,18,18,LK,mixed,sinhala english
1597812260814,Sri Lanka/1597812260814.jpg,1,1,LK,mixed,sinhala english
1597812297080,Sri Lanka/1597812297080.jpg,19,19,LK,mixed,sinhala english
1597812346104,Sri Lanka/1597812346104.jpg,25,25,LK,mixed,sinhala english
1597812387367,Sri Lanka/1597812387367.jpg,13,13,LK,mixed,sinhala english
1597812409418,Sri Lanka/1597812409418.jpg,1,1,LK,mixed,sinhala english
1597812502656,Sri Lanka/1597812502656.jpg,15,15,LK,en_only,english
1597812594250,Sri Lanka/1597812594250.jpg,25,25,LK,mixed,sinhala english
1597812635736,Sri Lanka/1597812635736.jpg,14,14,LK,en_only,english
1597812695714,Sri Lanka/1597812695714.jpg,14,14,LK,mixed,sinhala tamil english
1597812715101,Sri Lanka/1597812715101.jpg,25,25,LK,mixed,sinhala english
1597812770949,Sri Lanka/1597812770949.jpg,27,27,LK,mixed,sinhala english
1597812790464,Sri Lanka/1597812790464.jpg,1,1,LK,mixed,sinhala english
1597812821956,Sri Lanka/1597812821956.jpg,15,15,LK,mixed,sinhala english
1597812846858,Sri Lanka/1597812846858.jpg,21,21,LK,mixed,sinhala english
1597812847293,Sri Lanka/1597812847293.jpg,14,14,LK,mixed,sinhala english
1597812909031,Sri Lanka/1597812909031.jpg,20,20,LK,en_only,english
1597812917233,Sri Lanka/1597812917233.jpg,1,1,LK,mixed,sinhala tamil english
1597812965325,Sri Lanka/1597812965325.jpg,15,15,LK,mixed,sinhala english
1597813450532,Sri Lanka/1597813450532.jpg,13,13,LK,mixed,sinhala tamil english
1597813531263,Sri Lanka/1597813531263.jpg,25,25,LK,mixed,sinhala english
1597813565863,Sri Lanka/1597813565863.jpg,15,15,LK,mixed,sinhala english
1597814317582,Sri Lanka/1597814317582.jpg,15,15,LK,mixed,sinhala english
1597814362400,Sri Lanka/1597814362400.jpg,15,15,LK,mixed,sinhala english
1597814406791,Sri Lanka/1597814406791.jpg,6,6,LK,mixed,sinhala english
1597814452276,Sri Lanka/1597814452276.jpg,25,25,LK,mixed,sinhala english
1597814459262,Sri Lanka/1597814459262.jpg,20,20,LK,mixed,sinhala english
1597814486908,Sri Lanka/1597814486908.jpg,14,14,LK,mixed,sinhala english
1597814502941,Sri Lanka/1597814502941.jpg,25,25,LK,mixed,sinhala english
1597814532122,Sri Lanka/1597814532122.jpg,18,18,LK,mixed,sinhala tamil english
1597814538228,Sri Lanka/1597814538228.jpg,15,15,LK,mixed,sinhala english
1597814566576,Sri Lanka/1597814566576.jpg,20,20,LK,en_only,english
1597814587159,Sri Lanka/1597814587159.jpg,14,14,LK,mixed,sinhala english
1597814593374,Sri Lanka/1597814593374.jpg,29,29,LK,mixed,sinhala tamil english
1597814638299,Sri Lanka/1597814638299.jpg,18,18,LK,mixed,sinhala english
1597814646035,Sri Lanka/1597814646035.jpg,25,25,LK,mixed,sinhala english
1597814694445,Sri Lanka/1597814694445.jpg,13,13,LK,mixed,sinhala tamil english
1597814877899,Sri Lanka/1597814877899.jpg,15,15,LK,mixed,sinhala english
1597814942591,Sri Lanka/1597814942591.jpg,25,25,LK,mixed,sinhala english
1597814990439,Sri Lanka/1597814990439.jpg,20,20,LK,en_only,english
1597815159301,Sri Lanka/1597815159301.jpg,25,25,LK,mixed,sinhala english
1597815335400,Sri Lanka/1597815335400.jpg,20,20,LK,en_only,english
1597815378396,Sri Lanka/1597815378396.jpg,14,14,LK,mixed,sinhala tamil english
1597815413392,Sri Lanka/1597815413392.jpg,1,1,LK,mixed,sinhala english
1597815469818,Sri Lanka/1597815469818.jpg,21,21,LK,mixed,sinhala english
1597815512917,Sri Lanka/1597815512917.jpg,25,25,LK,mixed,sinhala english
1597815580840,Sri Lanka/1597815580840.jpg,1,1,LK,mixed,sinhala english
1597815630819,Sri Lanka/1597815630819.jpg,17,17,LK,mixed,sinhala english
1597815666096,Sri Lanka/1597815666096.jpg,14,14,LK,mixed,sinhala english
1597816266082,Sri Lanka/1597816266082.jpg,14,14,LK,mixed,sinhala tamil english
1597816327737,Sri Lanka/1597816327737.jpg,19,19,LK,mixed,sinhala english
1597816367103,Sri Lanka/1597816367103.jpg,13,13,LK,mixed,sinhala english
1597816518748,Sri Lanka/1597816518748.jpg,21,21,LK,mixed,sinhala english
1597816591623,Sri Lanka/1597816591623.jpg,25,25,LK,mixed,sinhala english
1597816744704,Sri Lanka/1597816744704.jpg,20,20,LK,en_only,english
1597816805799,Sri Lanka/1597816805799.jpg,25,25,LK,mixed,sinhala english
1597816825316,Sri Lanka/1597816825316.jpg,14,14,LK,mixed,sinhala english|sinhala tamil english
1597817656370,Sri Lanka/1597817656370.jpg,25,25,LK,mixed,sinhala english
1597817706360,Sri Lanka/1597817706360.jpg,13,13,LK,mixed,sinhala english
1597817896281,Sri Lanka/1597817896281.jpg,14,14,LK,mixed,sinhala english
1597817978154,Sri Lanka/1597817978154.jpg,13,13,LK,mixed,sinhala english
1597818040426,Sri Lanka/1597818040426.jpg,1,1,LK,mixed,sinhala english
1597818163147,Sri Lanka/1597818163147.jpg,25,25,LK,mixed,sinhala english
1597818852699,Sri Lanka/1597818852699.jpg,1,1,LK,mixed,sinhala english
1597818872370,Sri Lanka/1597818872370.jpg,29,29,LK,mixed,sinhala english
1597818880094,Sri Lanka/1597818880094.jpg,14,14,LK,mixed,sinhala english
1597818887469,Sri Lanka/1597818887469.jpg,14,14,LK,mixed,sinhala english|sinhala tamil english
1597818925260,Sri Lanka/1597818925260.jpg,14,14,LK,mixed,sinhala english
1597820821600,Sri Lanka/1597820821600.jpg,14,14,LK,mixed,sinhala english
1597820840093,Sri Lanka/1597820840093.jpg,14,14,LK,mixed,sinhala english
1597820858901,Sri Lanka/1597820858901.jpg,27,27,LK,mixed,sinhala english
1597820878927,Sri Lanka/1597820878927.jpg,20,20,LK,en_only,english
1597821089556,Sri Lanka/1597821089556.jpg,16,16,LK,mixed,sinhala english
1597821766830,Sri Lanka/1597821766830.jpg,1,1,LK,mixed,sinhala english
1597821789763,Sri Lanka/1597821789763.jpg,27,27,LK,mixed,sinhala english
1597822537775,Sri Lanka/1597822537775.jpg,1,1,LK,mixed,sinhala english
1597822544779,Sri Lanka/1597822544779.jpg,27,27,LK,mixed,sinhala tamil english
1597822565898,Sri Lanka/1597822565898.jpg,14,14,LK,mixed,sinhala english
1597822571138,Sri Lanka/1597822571138.jpg,13,13,LK,mixed,sinhala english
1597894918282,Sri Lanka/1597894918282.jpg,19,19,LK,en_only,english
1597895199070,Bangladesh/1597895199070.jpg,14,14,BD,en_only,English Not Applicable (NA)
1597895896582,Sri Lanka/1597895896582.jpg,19,19,LK,mixed,sinhala tamil english
1597895923349,Sri Lanka/1597895923349.jpg,1,1,LK,mixed,tamil english
1597895956511,Sri Lanka/1597895956511.jpg,25,25,LK,mixed,tamil english
1597895998511,Sri Lanka/1597895998511.jpg,29,29,LK,local_only,tamil
1597898193620,Sri Lanka/1597898193620.jpg,1,1,LK,mixed,sinhala english
1597898548228,Sri Lanka/1597898548228.jpg,5,5,LK,en_only,english
1597898598149,Sri Lanka/1597898598149.jpg,5,5,LK,mixed,sinhala english
1597898631715,Sri Lanka/1597898631715.jpg,15,15,LK,mixed,sinhala english
1597898918505,Sri Lanka/1597898918505.jpg,25,25,LK,mixed,sinhala english
1597898951249,Sri Lanka/1597898951249.jpg,19,19,LK,mixed,sinhala english
1597899014854,Sri Lanka/1597899014854.jpg,25,25,LK,mixed,sinhala english
1597899035804,Sri Lanka/1597899035804.jpg,15,15,LK,mixed,sinhala english
1597899120378,Bangladesh/1597899120378.jpg,20,20,BD,na,Not Applicable (NA)
1597899297768,Sri Lanka/1597899297768.jpg,19,19,LK,mixed,english|sinhala english
1597899367187,Sri Lanka/1597899367187.jpg,14,14,LK,mixed,sinhala english
1597899493538,Sri Lanka/1597899493538.jpg,27,27,LK,mixed,sinhala english
1597899565346,Sri Lanka/1597899565346.jpg,25,25,LK,mixed,english|sinhala english
1597899586257,Sri Lanka/1597899586257.jpg,5,5,LK,mixed,sinhala english
1597899695071,Sri Lanka/1597899695071.jpg,14,14,LK,mixed,sinhala english|sinhala tamil english
1597899879810,Sri Lanka/1597899879810.jpg,14,14,LK,mixed,sinhala english
1597899885749,Sri Lanka/1597899885749.jpg,1,1,LK,mixed,sinhala english
1597899903860,Sri Lanka/1597899903860.jpg,1,1,LK,mixed,sinhala english
1597899905809,Sri Lanka/1597899905809.jpg,17,17,LK,mixed,sinhala english
1597900356552,Sri Lanka/1597900356552.jpg,25,25,LK,en_only,english
1597900430653,Sri Lanka/1597900430653.jpg,25,25,LK,mixed,sinhala english
1597900478111,Sri Lanka/1597900478111.jpg,15,15,LK,mixed,sinhala english
1597900523282,Sri Lanka/1597900523282.jpg,19,19,LK,mixed,sinhala english
1597900567985,Sri Lanka/1597900567985.jpg,25,25,LK,mixed,sinhala english
1597900601569,Sri Lanka/1597900601569.jpg,1,1,LK,mixed,sinhala english
1597900637448,Sri Lanka/1597900637448.jpg,25,25,LK,mixed,sinhala english
1597900670656,Sri Lanka/1597900670656.jpg,21,21,LK,mixed,sinhala english
1597900953162,Sri Lanka/1597900953162.jpg,27,27,LK,mixed,sinhala english
1597901522463,Sri Lanka/1597901522463.jpg,27,27,LK,mixed,sinhala english
1597901563853,Sri Lanka/1597901563853.jpg,25,25,LK,mixed,sinhala english
1597901599391,Sri Lanka/1597901599391.jpg,15,15,LK,mixed,sinhala english
1597901607876,Sri Lanka/1597901607876.jpg,25,25,LK,mixed,sinhala english
1597901641064,Sri Lanka/1597901641064.jpg,14,14,LK,mixed,sinhala english
1597901675741,Sri Lanka/1597901675741.jpg,14,14,LK,mixed,sinhala english
1597901708206,Sri Lanka/1597901708206.jpg,25,25,LK,mixed,sinhala english
1597901765892,Sri Lanka/1597901765892.jpg,27,27,LK,mixed,sinhala english
1597901787283,Sri Lanka/1597901787283.jpg,17,17,LK,mixed,sinhala english
1597901810426,Sri Lanka/1597901810426.jpg,25,25,LK,en_only,english
1597902272173,Sri Lanka/1597902272173.jpg,25,25,LK,mixed,sinhala english
1597902315052,Sri Lanka/1597902315052.jpg,14,14,LK,mixed,sinhala english
1597905674986,Sri Lanka/1597905674986.jpg,27,27,LK,mixed,sinhala english
1597905696421,Sri Lanka/1597905696421.jpg,13,13,LK,mixed,sinhala english
1597917475044,Bangladesh/1597917475044.jpg,34,34,BD,na,Not Applicable (NA)
1597919028009,Bangladesh/1597919028009.jpg,34,34,BD,na,Not Applicable (NA)
1597983922124,Sri Lanka/1597983922124.jpg,14,14,LK,mixed,sinhala english
1597983935329,Sri Lanka/1597983935329.jpg,15,15,LK,mixed,sinhala english
1597983940110,Sri Lanka/1597983940110.jpg,14,14,LK,mixed,sinhala english
1597983958176,Sri Lanka/1597983958176.jpg,14,14,LK,en_only,english
1597984018286,Sri Lanka/1597984018286.jpg,25,25,LK,en_only,english
1597984102945,Sri Lanka/1597984102945.jpg,20,20,LK,en_only,english
1597984288046,Sri Lanka/1597984288046.jpg,29,29,LK,mixed,sinhala english
1597984300192,Sri Lanka/1597984300192.jpg,15,15,LK,mixed,sinhala english
1597984302839,Sri Lanka/1597984302839.jpg,20,20,LK,en_only,english
1597984319212,Sri Lanka/1597984319212.jpg,15,15,LK,mixed,sinhala tamil english
1597984350405,Sri Lanka/1597984350405.jpg,25,25,LK,mixed,sinhala english
1597984369349,Sri Lanka/1597984369349.jpg,14,14,LK,mixed,sinhala english
1597984375341,Sri Lanka/1597984375341.jpg,25,25,LK,mixed,sinhala english
1597984386627,Sri Lanka/1597984386627.jpg,19,19,LK,mixed,sinhala english
1597984406735,Sri Lanka/1597984406735.jpg,15,15,LK,mixed,sinhala english
1597984426600,Sri Lanka/1597984426600.jpg,15,15,LK,mixed,sinhala english
1597984655850,Sri Lanka/1597984655850.jpg,7,7,LK,mixed,sinhala english
1597984699508,Sri Lanka/1597984699508.jpg,1,1,LK,mixed,sinhala english
1597984868452,Sri Lanka/1597984868452.jpg,25,25,LK,mixed,sinhala english
1597984952173,Sri Lanka/1597984952173.jpg,25,25,LK,mixed,sinhala english
1597984973312,Sri Lanka/1597984973312.jpg,25,25,LK,en_only,english
1597984991491,Sri Lanka/1597984991491.jpg,25,25,LK,en_only,english
1597984992812,Sri Lanka/1597984992812.jpg,14,14,LK,mixed,sinhala english
1597985011734,Sri Lanka/1597985011734.jpg,1,1,LK,mixed,sinhala english
1597985031902,Sri Lanka/1597985031902.jpg,14,14,LK,mixed,sinhala english
1597985290706,Sri Lanka/1597985290706.jpg,1,1,LK,mixed,sinhala english
1597985323924,Sri Lanka/1597985323924.jpg,25,25,LK,en_only,english
1597985627245,Sri Lanka/1597985627245.jpg,1,1,LK,mixed,sinhala english
1597985657626,Sri Lanka/1597985657626.jpg,27,27,LK,mixed,sinhala english
1597985687063,Sri Lanka/1597985687063.jpg,15,15,LK,mixed,sinhala english
1597985726748,Sri Lanka/1597985726748.jpg,1,1,LK,mixed,sinhala english
1597985789000,Sri Lanka/1597985789000.jpg,20,20,LK,en_only,english
1597985814576,Sri Lanka/1597985814576.jpg,27,27,LK,mixed,sinhala english
1597986059948,Sri Lanka/1597986059948.jpg,20,20,LK,en_only,english
1597986076054,Sri Lanka/1597986076054.jpg,25,25,LK,en_only,english
1597986116245,Sri Lanka/1597986116245.jpg,18,18,LK,en_only,english
1597986160271,Sri Lanka/1597986160271.jpg,27,27,LK,mixed,sinhala english
1597986195458,Sri Lanka/1597986195458.jpg,25,25,LK,mixed,sinhala english
1597987011991,Sri Lanka/1597987011991.jpg,25,25,LK,mixed,sinhala english
1597987034217,Sri Lanka/1597987034217.jpg,20,20,LK,en_only,english
1597987335625,Sri Lanka/1597987335625.jpg,20,20,LK,en_only,english
1597987363053,Sri Lanka/1597987363053.jpg,20,20,LK,en_only,english
1597987381599,Sri Lanka/1597987381599.jpg,13,13,LK,en_only,english
1597987396131,Sri Lanka/1597987396131.jpg,14,14,LK,mixed,sinhala english
1597987421567,Sri Lanka/1597987421567.jpg,29,29,LK,local_only,sinhala
1597987449582,Sri Lanka/1597987449582.jpg,20,20,LK,local_only,sinhala
1597988280932,Sri Lanka/1597988280932.jpg,13,13,LK,mixed,sinhala tamil english
1597988297051,Sri Lanka/1597988297051.jpg,20,20,LK,en_only,english
1597988582174,Sri Lanka/1597988582174.jpg,25,25,LK,mixed,sinhala english
1597988956929,Sri Lanka/1597988956929.jpg,1,1,LK,mixed,sinhala english
1597988975404,Sri Lanka/1597988975404.jpg,14,14,LK,mixed,sinhala english
1597989062280,Sri Lanka/1597989062280.jpg,29,29,LK,mixed,sinhala tamil english
1597989492811,Sri Lanka/1597989492811.jpg,29,29,LK,mixed,sinhala english
1597989506132,Sri Lanka/1597989506132.jpg,13,13,LK,mixed,sinhala english
1597989553630,Sri Lanka/1597989553630.jpg,25,25,LK,mixed,english|sinhala english
1597989574049,Sri Lanka/1597989574049.jpg,20,20,LK,en_only,english
1597989587749,Sri Lanka/1597989587749.jpg,1,1,LK,mixed,sinhala english
1597989644860,Sri Lanka/1597989644860.jpg,14,14,LK,mixed,sinhala english
1597989919081,Sri Lanka/1597989919081.jpg,14,14,LK,mixed,sinhala english
1597989964929,Sri Lanka/1597989964929.jpg,25,25,LK,mixed,sinhala english
1597990113572,Sri Lanka/1597990113572.jpg,20,20,LK,en_only,english
1597990140795,Sri Lanka/1597990140795.jpg,15,15,LK,mixed,sinhala english
1597990179426,Sri Lanka/1597990179426.jpg,25,25,LK,mixed,english|sinhala english
1597990187165,Sri Lanka/1597990187165.jpg,25,25,LK,mixed,sinhala english
1597990202402,Sri Lanka/1597990202402.jpg,17,17,LK,mixed,sinhala english
1597990221527,Sri Lanka/1597990221527.jpg,14,14,LK,mixed,sinhala english
1597990275538,Sri Lanka/1597990275538.jpg,25,25,LK,mixed,sinhala english
1597990437648,Sri Lanka/1597990437648.jpg,20,20,LK,en_only,english
1597990452198,Sri Lanka/1597990452198.jpg,27,27,LK,mixed,sinhala english
1597990466045,Sri Lanka/1597990466045.jpg,20,20,LK,en_only,english
1597990479609,Sri Lanka/1597990479609.jpg,13,13,LK,mixed,sinhala english
1597990489968,Sri Lanka/1597990489968.jpg,27,27,LK,mixed,sinhala english
1597990499248,Sri Lanka/1597990499248.jpg,25,25,LK,mixed,sinhala english
1597990533672,Sri Lanka/1597990533672.jpg,15,15,LK,mixed,sinhala english
1597990534200,Sri Lanka/1597990534200.jpg,20,20,LK,mixed,sinhala english
1597990573098,Sri Lanka/1597990573098.jpg,29,29,LK,mixed,sinhala tamil english
1597990584700,Sri Lanka/1597990584700.jpg,20,20,LK,mixed,sinhala english
1597990706268,Sri Lanka/1597990706268.jpg,25,25,LK,mixed,sinhala english
1597990717908,Sri Lanka/1597990717908.jpg,25,25,LK,mixed,sinhala english
1597990738271,Sri Lanka/1597990738271.jpg,14,14,LK,mixed,sinhala english
1597991006119,Sri Lanka/1597991006119.jpg,9,9,LK,mixed,sinhala english
1597991260040,Sri Lanka/1597991260040.jpg,14,14,LK,mixed,sinhala english
1597991275868,Sri Lanka/1597991275868.jpg,13,13,LK,mixed,sinhala english
1597991303737,Sri Lanka/1597991303737.jpg,14,14,LK,mixed,sinhala english
1597991338956,Sri Lanka/1597991338956.jpg,1,1,LK,mixed,sinhala english
1597991497759,Sri Lanka/1597991497759.jpg,14,14,LK,mixed,sinhala english
1597991511653,Sri Lanka/1597991511653.jpg,20,20,LK,en_only,english
1597991525591,Sri Lanka/1597991525591.jpg,27,27,LK,mixed,sinhala english
1597991701091,Sri Lanka/1597991701091.jpg,20,20,LK,en_only,english
1597991865931,Sri Lanka/1597991865931.jpg,25,25,LK,mixed,sinhala english
1597991889766,Sri Lanka/1597991889766.jpg,20,20,LK,en_only,english
1597992190912,Sri Lanka/1597992190912.jpg,15,15,LK,mixed,sinhala english
1597992625411,Sri Lanka/1597992625411.jpg,20,20,LK,en_only,english
1598242813929,Sri Lanka/1598242813929.jpg,20,20,LK,en_only,english
1598242839088,Sri Lanka/1598242839088.jpg,14,14,LK,mixed,sinhala english
1598242885084,Sri Lanka/1598242885084.jpg,25,25,LK,mixed,sinhala english
1598242916749,Sri Lanka/1598242916749.jpg,1,1,LK,mixed,sinhala english
1598243007323,Sri Lanka/1598243007323.jpg,20,20,LK,mixed,sinhala english
1598243206309,Sri Lanka/1598243206309.jpg,1,1,LK,mixed,sinhala english|sinhala tamil english
1598243222748,Sri Lanka/1598243222748.jpg,27,27,LK,mixed,sinhala english
1598244181560,Sri Lanka/1598244181560.jpg,14,14,LK,mixed,sinhala english
1598244204303,Sri Lanka/1598244204303.jpg,20,20,LK,mixed,sinhala english
1598244226288,Sri Lanka/1598244226288.jpg,14,14,LK,mixed,sinhala english
1598244248645,Sri Lanka/1598244248645.jpg,21,21,LK,mixed,sinhala english
1598244270369,Sri Lanka/1598244270369.jpg,15,15,LK,mixed,sinhala english
1598244439635,Sri Lanka/1598244439635.jpg,9,9,LK,mixed,sinhala tamil english
1598244830360,Sri Lanka/1598244830360.jpg,20,20,LK,mixed,sinhala english
1598245837648,Sri Lanka/1598245837648.jpg,20,20,LK,en_only,english
1598245860545,Sri Lanka/1598245860545.jpg,1,1,LK,mixed,sinhala english
1598245872118,Sri Lanka/1598245872118.jpg,1,1,LK,mixed,sinhala english
1598245898460,Sri Lanka/1598245898460.jpg,1,1,LK,mixed,sinhala english
1598247073756,Sri Lanka/1598247073756.jpg,20,20,LK,en_only,english
1598247113286,Sri Lanka/1598247113286.jpg,20,20,LK,en_only,english
1598247131219,Sri Lanka/1598247131219.jpg,14,14,LK,mixed,sinhala english
1598247151016,Sri Lanka/1598247151016.jpg,14,14,LK,mixed,sinhala english
1598247664891,Sri Lanka/1598247664891.jpg,25,25,LK,mixed,sinhala english
1598248369695,Sri Lanka/1598248369695.jpg,15,15,LK,mixed,sinhala english
1598248790814,Sri Lanka/1598248790814.jpg,14,14,LK,mixed,sinhala english
1598248810060,Sri Lanka/1598248810060.jpg,21,21,LK,mixed,sinhala english
1598248857141,Sri Lanka/1598248857141.jpg,25,25,LK,mixed,sinhala english
1598248878801,Sri Lanka/1598248878801.jpg,1,1,LK,mixed,sinhala english
1598249463429,Sri Lanka/1598249463429.jpg,25,25,LK,en_only,english
1598249477519,Sri Lanka/1598249477519.jpg,17,17,LK,mixed,english|sinhala english
1598249884629,Sri Lanka/1598249884629.jpg,25,25,LK,mixed,sinhala english
1598250715480,Sri Lanka/1598250715480.jpg,14,14,LK,mixed,english|sinhala tamil english
1598250758539,Sri Lanka/1598250758539.jpg,25,25,LK,en_only,english
1598252721487,Sri Lanka/1598252721487.jpg,20,20,LK,en_only,english
1598256742584,Bangladesh/1598256742584.jpg,25,25,BD,en_only,English Not Applicable (NA)
1598328849568,Sri Lanka/1598328849568.jpg,13,13,LK,mixed,sinhala tamil english
1598328894956,Sri Lanka/1598328894956.jpg,19,19,LK,en_only,english
1598329088640,Sri Lanka/1598329088640.jpg,20,20,LK,mixed,sinhala english
1598329103316,Sri Lanka/1598329103316.jpg,18,18,LK,mixed,sinhala english
1598329144934,Sri Lanka/1598329144934.jpg,25,25,LK,mixed,sinhala english
1598329229496,Sri Lanka/1598329229496.jpg,25,25,LK,mixed,english|sinhala english
1598329259376,Sri Lanka/1598329259376.jpg,20,20,LK,en_only,english
1598329274140,Sri Lanka/1598329274140.jpg,5,5,LK,local_only,sinhala
1598329304119,Sri Lanka/1598329304119.jpg,20,20,LK,en_only,english
1598329559393,Sri Lanka/1598329559393.jpg,25,25,LK,mixed,english|sinhala english
1598329766635,Sri Lanka/1598329766635.jpg,27,27,LK,mixed,sinhala tamil english
1598329784838,Sri Lanka/1598329784838.jpg,1,1,LK,mixed,sinhala english
1598329868100,Sri Lanka/1598329868100.jpg,1,1,LK,mixed,sinhala tamil english
1598329887755,Sri Lanka/1598329887755.jpg,27,27,LK,mixed,sinhala tamil english
1598329901499,Sri Lanka/1598329901499.jpg,15,15,LK,mixed,sinhala english
1598329902590,Sri Lanka/1598329902590.jpg,1,1,LK,mixed,sinhala english
1598330230023,Sri Lanka/1598330230023.jpg,15,15,LK,mixed,sinhala english
1598330269452,Sri Lanka/1598330269452.jpg,27,27,LK,mixed,sinhala english
1598331276974,Sri Lanka/1598331276974.jpg,29,29,LK,mixed,sinhala english
1598331295539,Sri Lanka/1598331295539.jpg,13,13,LK,mixed,sinhala english
1598331340736,Sri Lanka/1598331340736.jpg,1,1,LK,mixed,sinhala english
1598331362112,Sri Lanka/1598331362112.jpg,13,13,LK,mixed,sinhala tamil english
1598331389987,Sri Lanka/1598331389987.jpg,25,25,LK,mixed,sinhala english
1598331697446,Sri Lanka/1598331697446.jpg,20,20,LK,mixed,sinhala english
1598331714085,Sri Lanka/1598331714085.jpg,25,25,LK,mixed,sinhala english
1598331776536,Sri Lanka/1598331776536.jpg,25,25,LK,mixed,sinhala english
1598331796103,Sri Lanka/1598331796103.jpg,27,27,LK,mixed,english|sinhala english
1598331836018,Sri Lanka/1598331836018.jpg,1,1,LK,mixed,sinhala english
1598331864795,Sri Lanka/1598331864795.jpg,25,25,LK,mixed,sinhala english
1598331916279,Sri Lanka/1598331916279.jpg,20,20,LK,en_only,english
1598331938646,Sri Lanka/1598331938646.jpg,20,20,LK,en_only,english
1598331963633,Sri Lanka/1598331963633.jpg,27,27,LK,mixed,sinhala english
1598331964674,Sri Lanka/1598331964674.jpg,9,9,LK,mixed,sinhala english
1598332063724,Sri Lanka/1598332063724.jpg,25,25,LK,mixed,sinhala english
1598332081054,Sri Lanka/1598332081054.jpg,1,1,LK,mixed,sinhala english
1598332082954,Sri Lanka/1598332082954.jpg,19,19,LK,mixed,sinhala english
1598332095587,Sri Lanka/1598332095587.jpg,19,19,LK,en_only,english
1598332100959,Sri Lanka/1598332100959.jpg,15,15,LK,mixed,sinhala english
1598332130690,Sri Lanka/1598332130690.jpg,13,13,LK,mixed,sinhala english
1598332179060,Sri Lanka/1598332179060.jpg,25,25,LK,en_only,english
1598332205829,Sri Lanka/1598332205829.jpg,17,17,LK,mixed,sinhala english
1598332433543,Sri Lanka/1598332433543.jpg,14,14,LK,mixed,sinhala english
1598332729598,Sri Lanka/1598332729598.jpg,27,27,LK,mixed,sinhala english
1598332757128,Sri Lanka/1598332757128.jpg,14,14,LK,mixed,sinhala english
1598332804004,Sri Lanka/1598332804004.jpg,13,13,LK,mixed,sinhala tamil english
1598332936308,Sri Lanka/1598332936308.jpg,13,13,LK,mixed,sinhala tamil english
1598332949614,Sri Lanka/1598332949614.jpg,25,25,LK,mixed,sinhala english
1598333077380,Sri Lanka/1598333077380.jpg,20,20,LK,en_only,english
1598333129500,Sri Lanka/1598333129500.jpg,27,27,LK,mixed,sinhala english
1598333588542,Sri Lanka/1598333588542.jpg,1,1,LK,mixed,sinhala english
1598333602143,Sri Lanka/1598333602143.jpg,18,18,LK,mixed,sinhala english
1598333809086,Sri Lanka/1598333809086.jpg,25,25,LK,mixed,sinhala english
1598333829200,Sri Lanka/1598333829200.jpg,29,29,LK,mixed,sinhala tamil english
1598333852347,Sri Lanka/1598333852347.jpg,27,27,LK,mixed,sinhala english
1598333906580,Sri Lanka/1598333906580.jpg,20,20,LK,mixed,sinhala english
1598333944205,Sri Lanka/1598333944205.jpg,17,17,LK,mixed,sinhala tamil english
1598333951420,Sri Lanka/1598333951420.jpg,25,25,LK,mixed,sinhala english
1598334044333,Sri Lanka/1598334044333.jpg,14,14,LK,mixed,sinhala english
1598334066108,Sri Lanka/1598334066108.jpg,13,13,LK,mixed,sinhala english
1598334279424,Sri Lanka/1598334279424.jpg,27,27,LK,mixed,sinhala tamil english
1598334300202,Sri Lanka/1598334300202.jpg,24,24,LK,mixed,sinhala tamil english
1598334320421,Sri Lanka/1598334320421.jpg,27,27,LK,mixed,sinhala english
1598334670995,Sri Lanka/1598334670995.jpg,15,15,LK,mixed,sinhala english
1598334678743,Sri Lanka/1598334678743.jpg,1,1,LK,mixed,sinhala english
1598334700102,Sri Lanka/1598334700102.jpg,1,1,LK,local_only,sinhala
1598334704059,Sri Lanka/1598334704059.jpg,20,20,LK,mixed,sinhala english
1598334719378,Sri Lanka/1598334719378.jpg,1,1,LK,mixed,sinhala english
1598334739111,Sri Lanka/1598334739111.jpg,25,25,LK,mixed,sinhala english
1598334935981,Sri Lanka/1598334935981.jpg,20,20,LK,en_only,english
1598334958561,Sri Lanka/1598334958561.jpg,25,25,LK,mixed,sinhala english
1598334982085,Sri Lanka/1598334982085.jpg,27,27,LK,mixed,sinhala english
1598335028362,Sri Lanka/1598335028362.jpg,9,9,LK,en_only,english
1598335569356,Sri Lanka/1598335569356.jpg,25,25,LK,mixed,sinhala english
1598335595807,Sri Lanka/1598335595807.jpg,14,14,LK,en_only,english
1598335844463,Sri Lanka/1598335844463.jpg,1,1,LK,mixed,sinhala english|sinhala tamil english
1598336010977,Sri Lanka/1598336010977.jpg,20,20,LK,mixed,sinhala|sinhala english
1598336361530,Sri Lanka/1598336361530.jpg,1,1,LK,mixed,sinhala english|sinhala tamil english
1598336390278,Sri Lanka/1598336390278.jpg,25,25,LK,mixed,sinhala english
1598336394062,Sri Lanka/1598336394062.jpg,13,13,LK,mixed,sinhala english
1598336507103,Sri Lanka/1598336507103.jpg,20,20,LK,en_only,english
1598336827696,Sri Lanka/1598336827696.jpg,1,1,LK,mixed,sinhala english|sinhala tamil english
1598336852454,Sri Lanka/1598336852454.jpg,14,14,LK,mixed,sinhala english
1598336896846,Sri Lanka/1598336896846.jpg,25,25,LK,mixed,sinhala english
1598338109381,Sri Lanka/1598338109381.jpg,14,14,LK,mixed,sinhala english
1598338125470,Sri Lanka/1598338125470.jpg,9,9,LK,mixed,sinhala english
1598338739588,Sri Lanka/1598338739588.jpg,20,20,LK,mixed,sinhala english
1598338762679,Sri Lanka/1598338762679.jpg,14,14,LK,mixed,sinhala english|sinhala tamil english
1598414995590,Sri Lanka/1598414995590.jpg,20,20,LK,mixed,sinhala english
1598415022867,Sri Lanka/1598415022867.jpg,21,21,LK,mixed,sinhala english
1598415667796,Sri Lanka/1598415667796.jpg,25,25,LK,mixed,sinhala english
1598416224451,Sri Lanka/1598416224451.jpg,15,15,LK,mixed,sinhala english
1598416568701,Sri Lanka/1598416568701.jpg,13,13,LK,mixed,sinhala english
1598416654156,Sri Lanka/1598416654156.jpg,25,25,LK,mixed,sinhala english
1598416700163,Sri Lanka/1598416700163.jpg,25,25,LK,mixed,sinhala english
1598416722536,Sri Lanka/1598416722536.jpg,20,20,LK,en_only,english
1598416748855,Sri Lanka/1598416748855.jpg,5,5,LK,local_only,sinhala
1598416756570,Sri Lanka/1598416756570.jpg,1,1,LK,mixed,english|sinhala tamil english
1598416769354,Sri Lanka/1598416769354.jpg,27,27,LK,mixed,sinhala english
1598416776587,Sri Lanka/1598416776587.jpg,25,25,LK,mixed,sinhala english
1598417162685,Sri Lanka/1598417162685.jpg,14,14,LK,mixed,english|sinhala tamil english
1598417202052,Sri Lanka/1598417202052.jpg,25,25,LK,en_only,english
1598417222742,Sri Lanka/1598417222742.jpg,25,25,LK,mixed,sinhala english
1598417239774,Sri Lanka/1598417239774.jpg,25,25,LK,mixed,sinhala english
1598417284376,Sri Lanka/1598417284376.jpg,25,25,LK,mixed,sinhala english
1598417366883,Sri Lanka/1598417366883.jpg,25,25,LK,mixed,sinhala english
1598417431889,Sri Lanka/1598417431889.jpg,25,25,LK,mixed,sinhala english
1598417584551,Sri Lanka/1598417584551.jpg,27,27,LK,mixed,sinhala english
1598417627818,Sri Lanka/1598417627818.jpg,1,1,LK,mixed,sinhala english|sinhala tamil english
1598417632360,Sri Lanka/1598417632360.jpg,24,24,LK,mixed,english|sinhala english
1598417653766,Sri Lanka/1598417653766.jpg,21,21,LK,en_only,english
1598417682997,Sri Lanka/1598417682997.jpg,14,14,LK,mixed,sinhala english
1598417702792,Sri Lanka/1598417702792.jpg,19,19,LK,mixed,tamil english
1598417704844,Sri Lanka/1598417704844.jpg,9,9,LK,mixed,sinhala english
1598417762746,Sri Lanka/1598417762746.jpg,25,25,LK,mixed,sinhala english
1598417827766,Sri Lanka/1598417827766.jpg,1,1,LK,mixed,sinhala english
1598417842101,Sri Lanka/1598417842101.jpg,25,25,LK,mixed,sinhala english
1598418084997,Sri Lanka/1598418084997.jpg,25,25,LK,mixed,sinhala english
1598418200359,Sri Lanka/1598418200359.jpg,20,20,LK,mixed,sinhala english
1598418225286,Sri Lanka/1598418225286.jpg,19,19,LK,mixed,sinhala english
1598418289310,Sri Lanka/1598418289310.jpg,20,20,LK,en_only,english
1598418779725,Sri Lanka/1598418779725.jpg,29,29,LK,mixed,sinhala english
1598418797759,Sri Lanka/1598418797759.jpg,19,19,LK,mixed,sinhala english
1598418821632,Sri Lanka/1598418821632.jpg,14,14,LK,mixed,english|sinhala tamil english
1598418845925,Sri Lanka/1598418845925.jpg,25,25,LK,mixed,sinhala english
1598418963113,Sri Lanka/1598418963113.jpg,1,1,LK,mixed,sinhala english|sinhala tamil english
1598418991180,Sri Lanka/1598418991180.jpg,29,29,LK,local_only,sinhala
1598419130027,Sri Lanka/1598419130027.jpg,13,13,LK,mixed,sinhala english
1598419148678,Sri Lanka/1598419148678.jpg,20,20,LK,mixed,sinhala english
1598419176077,Sri Lanka/1598419176077.jpg,13,13,LK,mixed,sinhala tamil english
1598419341543,Sri Lanka/1598419341543.jpg,13,13,LK,mixed,sinhala english
1598419355696,Sri Lanka/1598419355696.jpg,25,25,LK,mixed,sinhala english
1598419407177,Sri Lanka/1598419407177.jpg,14,14,LK,mixed,sinhala tamil english
1598419456679,Sri Lanka/1598419456679.jpg,20,20,LK,mixed,sinhala english
1598419643919,Sri Lanka/1598419643919.jpg,21,21,LK,en_only,english
1598419662782,Sri Lanka/1598419662782.jpg,20,20,LK,mixed,sinhala english
1598419695314,Sri Lanka/1598419695314.jpg,20,20,LK,mixed,sinhala english
1598419722873,Sri Lanka/1598419722873.jpg,25,25,LK,mixed,sinhala english
1598419742867,Sri Lanka/1598419742867.jpg,19,19,LK,mixed,sinhala english|sinhala tamil english
1598419745602,Sri Lanka/1598419745602.jpg,20,20,LK,en_only,english
1598419803732,Sri Lanka/1598419803732.jpg,24,24,LK,mixed,sinhala english
1598419833656,Sri Lanka/1598419833656.jpg,25,25,LK,mixed,sinhala|sinhala english
1598419852394,Sri Lanka/1598419852394.jpg,18,18,LK,en_only,english
1598419872108,Sri Lanka/1598419872108.jpg,20,20,LK,mixed,sinhala english
1598419896866,Sri Lanka/1598419896866.jpg,1,1,LK,mixed,sinhala tamil english
1598419931070,Sri Lanka/1598419931070.jpg,1,1,LK,mixed,sinhala english|sinhala tamil english
1598419941247,Sri Lanka/1598419941247.jpg,14,14,LK,mixed,sinhala english
1598419984271,Sri Lanka/1598419984271.jpg,20,20,LK,mixed,sinhala english
1598420005300,Sri Lanka/1598420005300.jpg,24,24,LK,mixed,sinhala english
1598420311588,Sri Lanka/1598420311588.jpg,20,20,LK,mixed,sinhala english
1598420410572,Sri Lanka/1598420410572.jpg,9,9,LK,mixed,sinhala english
1598420427257,Sri Lanka/1598420427257.jpg,20,20,LK,mixed,sinhala english
1598420586723,Sri Lanka/1598420586723.jpg,20,20,LK,mixed,sinhala english
1598420660591,Sri Lanka/1598420660591.jpg,25,25,LK,en_only,english
1598420685828,Sri Lanka/1598420685828.jpg,20,20,LK,mixed,sinhala english
1598420702333,Sri Lanka/1598420702333.jpg,19,19,LK,mixed,sinhala english
1598420722946,Sri Lanka/1598420722946.jpg,1,1,LK,mixed,sinhala english|sinhala tamil english
1598421015934,Sri Lanka/1598421015934.jpg,20,20,LK,mixed,sinhala english
1598421061909,Sri Lanka/1598421061909.jpg,13,13,LK,mixed,sinhala tamil english
1598421097797,Sri Lanka/1598421097797.jpg,20,20,LK,mixed,sinhala english
1598421118825,Sri Lanka/1598421118825.jpg,19,19,LK,mixed,sinhala english
1598421145467,Sri Lanka/1598421145467.jpg,25,25,LK,mixed,sinhala english
1598421431427,Sri Lanka/1598421431427.jpg,27,27,LK,mixed,sinhala english
1598421498249,Sri Lanka/1598421498249.jpg,25,25,LK,mixed,sinhala english
1598421731100,Sri Lanka/1598421731100.jpg,14,14,LK,mixed,sinhala tamil english
1598421953242,Sri Lanka/1598421953242.jpg,1,1,LK,mixed,sinhala english|sinhala tamil english
1598422052954,Sri Lanka/1598422052954.jpg,20,20,LK,en_only,english
1598422628214,Sri Lanka/1598422628214.jpg,9,9,LK,mixed,sinhala english
1598422859074,Sri Lanka/1598422859074.jpg,27,27,LK,mixed,sinhala english
1598423024512,Sri Lanka/1598423024512.jpg,25,25,LK,mixed,sinhala english
1598502077923,Sri Lanka/1598502077923.jpg,29,29,LK,local_only,sinhala
1598502223400,Sri Lanka/1598502223400.jpg,20,20,LK,en_only,english
1598502238747,Sri Lanka/1598502238747.jpg,20,20,LK,en_only,english
1598502259170,Sri Lanka/1598502259170.jpg,25,25,LK,mixed,sinhala english
1598502381939,Sri Lanka/1598502381939.jpg,20,20,LK,mixed,sinhala english
1598502468405,Sri Lanka/1598502468405.jpg,20,20,LK,mixed,sinhala english
1598502832740,Sri Lanka/1598502832740.jpg,25,25,LK,mixed,sinhala english
1598502949297,Sri Lanka/1598502949297.jpg,14,14,LK,mixed,sinhala english
1598503028667,Sri Lanka/1598503028667.jpg,14,14,LK,mixed,sinhala english
1598503060857,Sri Lanka/1598503060857.jpg,14,14,LK,mixed,sinhala tamil english
1598503075188,Sri Lanka/1598503075188.jpg,14,14,LK,mixed,sinhala english
1598503087610,Sri Lanka/1598503087610.jpg,13,13,LK,mixed,sinhala english
1598503111505,Sri Lanka/1598503111505.jpg,19,19,LK,mixed,sinhala tamil english
1598503113909,Sri Lanka/1598503113909.jpg,25,25,LK,mixed,sinhala english
1598503133239,Sri Lanka/1598503133239.jpg,25,25,LK,mixed,sinhala english
1598503141690,Sri Lanka/1598503141690.jpg,13,13,LK,mixed,sinhala english
1598503408330,Sri Lanka/1598503408330.jpg,14,14,LK,mixed,sinhala english
1598503427775,Sri Lanka/1598503427775.jpg,15,15,LK,mixed,sinhala tamil english
1598503447135,Sri Lanka/1598503447135.jpg,1,1,LK,mixed,sinhala english
1598503464623,Sri Lanka/1598503464623.jpg,20,20,LK,en_only,english
1598503493721,Sri Lanka/1598503493721.jpg,25,25,LK,mixed,sinhala english
1598503496561,Sri Lanka/1598503496561.jpg,14,14,LK,mixed,sinhala english
1598503533096,Sri Lanka/1598503533096.jpg,1,1,LK,mixed,sinhala english
1598503537445,Sri Lanka/1598503537445.jpg,13,13,LK,mixed,sinhala english
1598503539528,Sri Lanka/1598503539528.jpg,21,21,LK,mixed,sinhala english
1598503576713,Sri Lanka/1598503576713.jpg,21,21,LK,mixed,sinhala english
1598503597949,Sri Lanka/1598503597949.jpg,27,27,LK,mixed,sinhala english
1598503615256,Sri Lanka/1598503615256.jpg,25,25,LK,mixed,sinhala english
1598503636593,Sri Lanka/1598503636593.jpg,14,14,LK,mixed,sinhala english
1598503653054,Sri Lanka/1598503653054.jpg,6,6,LK,en_only,english
1598503662004,Sri Lanka/1598503662004.jpg,9,9,LK,mixed,sinhala english
1598503682526,Sri Lanka/1598503682526.jpg,20,20,LK,en_only,english
1598503722504,Sri Lanka/1598503722504.jpg,25,25,LK,mixed,sinhala english
1598504064373,Sri Lanka/1598504064373.jpg,25,25,LK,en_only,english
1598504219997,Sri Lanka/1598504219997.jpg,1,1,LK,mixed,sinhala english
1598504396344,Sri Lanka/1598504396344.jpg,14,14,LK,mixed,sinhala english
1598504437980,Sri Lanka/1598504437980.jpg,14,14,LK,mixed,sinhala tamil english
1598504585377,Sri Lanka/1598504585377.jpg,14,14,LK,mixed,sinhala english
1598504587658,Sri Lanka/1598504587658.jpg,1,1,LK,mixed,sinhala english
1598504618950,Sri Lanka/1598504618950.jpg,20,20,LK,en_only,english
1598504643664,Sri Lanka/1598504643664.jpg,25,25,LK,mixed,sinhala english
1598504938223,Sri Lanka/1598504938223.jpg,14,14,LK,mixed,sinhala english
1598504940963,Sri Lanka/1598504940963.jpg,14,14,LK,mixed,sinhala english|sinhala tamil english
1598504953478,Sri Lanka/1598504953478.jpg,14,14,LK,mixed,sinhala tamil english
1598504969082,Sri Lanka/1598504969082.jpg,25,25,LK,mixed,sinhala english
1598505240403,Sri Lanka/1598505240403.jpg,14,14,LK,mixed,sinhala english
1598505263647,Sri Lanka/1598505263647.jpg,14,14,LK,mixed,sinhala|sinhala english|sinhala tamil english
1598505289536,Sri Lanka/1598505289536.jpg,18,18,LK,mixed,sinhala english
1598505447760,Sri Lanka/1598505447760.jpg,1,1,LK,mixed,sinhala tamil english
1598505502119,Sri Lanka/1598505502119.jpg,27,27,LK,mixed,sinhala english
1598505617830,Sri Lanka/1598505617830.jpg,13,13,LK,mixed,sinhala tamil english
1598505643806,Sri Lanka/1598505643806.jpg,20,20,LK,mixed,sinhala english
1598506065939,Sri Lanka/1598506065939.jpg,18,18,LK,mixed,sinhala english
1598506084748,Sri Lanka/1598506084748.jpg,19,19,LK,mixed,sinhala english
1598506126220,Sri Lanka/1598506126220.jpg,1,1,LK,mixed,sinhala english
1598506411457,Sri Lanka/1598506411457.jpg,25,25,LK,mixed,sinhala english
1598506423117,Sri Lanka/1598506423117.jpg,14,14,LK,mixed,sinhala english
1598506571172,Sri Lanka/1598506571172.jpg,20,20,LK,mixed,sinhala english
1598506589987,Sri Lanka/1598506589987.jpg,20,20,LK,mixed,sinhala english
1598506630425,Sri Lanka/1598506630425.jpg,25,25,LK,mixed,sinhala english
1598506675368,Sri Lanka/1598506675368.jpg,1,1,LK,mixed,sinhala english
1598506789767,Sri Lanka/1598506789767.jpg,25,25,LK,mixed,sinhala english
1598506810426,Sri Lanka/1598506810426.jpg,1,1,LK,mixed,sinhala english
1598507099748,Sri Lanka/1598507099748.jpg,25,25,LK,mixed,sinhala english
1598507707250,Sri Lanka/1598507707250.jpg,17,17,LK,mixed,sinhala tamil english
1598507730924,Sri Lanka/1598507730924.jpg,29,29,LK,mixed,sinhala english
1598508416971,Sri Lanka/1598508416971.jpg,14,14,LK,mixed,english|sinhala tamil english
1598508437842,Sri Lanka/1598508437842.jpg,1,1,LK,mixed,sinhala english
1598508447021,Sri Lanka/1598508447021.jpg,20,20,LK,en_only,english
1598508461206,Sri Lanka/1598508461206.jpg,14,14,LK,mixed,sinhala english
1598508474351,Sri Lanka/1598508474351.jpg,25,25,LK,mixed,sinhala english
1598508504836,Sri Lanka/1598508504836.jpg,9,9,LK,mixed,sinhala english
1598508595883,Sri Lanka/1598508595883.jpg,25,25,LK,en_only,english
1598508628538,Sri Lanka/1598508628538.jpg,25,25,LK,mixed,sinhala english
1598515924794,Sri Lanka/1598515924794.jpg,25,25,LK,mixed,sinhala english
1598516136759,Sri Lanka/1598516136759.jpg,1,1,LK,mixed,sinhala english
1598516444430,Sri Lanka/1598516444430.jpg,25,25,LK,mixed,sinhala english
1598516461487,Sri Lanka/1598516461487.jpg,1,1,LK,mixed,sinhala english
1598516827192,Sri Lanka/1598516827192.jpg,1,1,LK,mixed,sinhala english
1598516846053,Sri Lanka/1598516846053.jpg,14,14,LK,mixed,sinhala english
1598517232446,Sri Lanka/1598517232446.jpg,20,20,LK,mixed,sinhala english
1598517267747,Sri Lanka/1598517267747.jpg,1,1,LK,mixed,sinhala english
1598848363968,Bangladesh/1598848363968.jpg,14,14,BD,na,Not Applicable (NA)
1598851488784,Bangladesh/1598851488784.jpg,1,1,BD,en_only,English Not Applicable (NA)
1598858518647,Sri Lanka/1598858518647.jpg,25,25,LK,mixed,tamil english
1598858557236,Sri Lanka/1598858557236.jpg,19,19,LK,local_only,tamil
1598858968008,Sri Lanka/1598858968008.jpg,14,14,LK,mixed,tamil english
1598859238439,Sri Lanka/1598859238439.jpg,9,9,LK,mixed,sinhala tamil english
1598859286280,Sri Lanka/1598859286280.jpg,14,14,LK,mixed,tamil english
1598937118654,Bangladesh/1598937118654.jpg,25,25,BD,na,Not Applicable (NA)
1598938801254,Bangladesh/1598938801254.jpg,11,11,BD,en_only,English Not Applicable (NA)
1598939892462,Bangladesh/1598939892462.jpg,14,14,BD,na,Not Applicable (NA)
1598940120360,Bangladesh/1598940120360.jpg,14,14,BD,en_only,English Not Applicable (NA)
1598942044151,Bangladesh/1598942044151.jpg,25,25,BD,na,Not Applicable (NA)
1598942484973,Bangladesh/1598942484973.jpg,16,16,BD,na,Not Applicable (NA)
1598947620846,Bangladesh/1598947620846.jpg,13,13,BD,en_only,English Not Applicable (NA)
1599022912309,Sri Lanka/1599022912309.jpg,20,20,LK,mixed,sinhala english
1599022927728,Sri Lanka/1599022927728.jpg,15,15,LK,mixed,sinhala english
1599022961634,Sri Lanka/1599022961634.jpg,1,1,LK,mixed,sinhala english
1599022975306,Sri Lanka/1599022975306.jpg,19,19,LK,mixed,sinhala english
1599023163605,Sri Lanka/1599023163605.jpg,9,9,LK,mixed,sinhala english
1599023184125,Sri Lanka/1599023184125.jpg,29,29,LK,mixed,sinhala tamil english
1599023385744,Sri Lanka/1599023385744.jpg,1,1,LK,mixed,sinhala english
1599023542030,Sri Lanka/1599023542030.jpg,21,21,LK,mixed,sinhala english
1599023856473,Sri Lanka/1599023856473.jpg,14,14,LK,mixed,sinhala english
1599024303960,Sri Lanka/1599024303960.jpg,19,19,LK,mixed,sinhala english
1599024346532,Sri Lanka/1599024346532.jpg,25,25,LK,mixed,sinhala english
1599024368423,Sri Lanka/1599024368423.jpg,19,19,LK,mixed,sinhala english
1599024403138,Sri Lanka/1599024403138.jpg,18,18,LK,mixed,sinhala english
1599024414978,Sri Lanka/1599024414978.jpg,14,14,LK,mixed,sinhala english|sinhala tamil english
1599024555700,Sri Lanka/1599024555700.jpg,25,25,LK,mixed,sinhala english
1599024577305,Sri Lanka/1599024577305.jpg,1,1,LK,mixed,sinhala english|sinhala tamil english
1599024598610,Sri Lanka/1599024598610.jpg,15,15,LK,mixed,sinhala english
1599024612930,Sri Lanka/1599024612930.jpg,14,14,LK,mixed,sinhala english
1599024623303,Sri Lanka/1599024623303.jpg,1,1,LK,mixed,sinhala english
1599024630566,Sri Lanka/1599024630566.jpg,1,1,LK,local_only,sinhala
1599024644333,Sri Lanka/1599024644333.jpg,14,14,LK,mixed,sinhala english
1599024658426,Sri Lanka/1599024658426.jpg,25,25,LK,mixed,Sinhala English
1599024683534,Sri Lanka/1599024683534.jpg,25,25,LK,mixed,Sinhala English
1599024690598,Sri Lanka/1599024690598.jpg,20,20,LK,en_only,English
1599024745066,Sri Lanka/1599024745066.jpg,9,9,LK,mixed,Sinhala English
1599024812790,Sri Lanka/1599024812790.jpg,14,14,LK,mixed,Sinhala Tamil English
1599024943962,Sri Lanka/1599024943962.jpg,29,29,LK,local_only,Sinhala
1599024962522,Sri Lanka/1599024962522.jpg,25,25,LK,mixed,Sinhala English
1599024981482,Sri Lanka/1599024981482.jpg,1,1,LK,mixed,Sinhala English
1599024987896,Sri Lanka/1599024987896.jpg,13,13,LK,mixed,Sinhala English
1599025036429,Sri Lanka/1599025036429.jpg,19,19,LK,mixed,Sinhala Tamil English
1599025047145,Sri Lanka/1599025047145.jpg,14,14,LK,mixed,Sinhala English
1599025225518,Sri Lanka/1599025225518.jpg,1,1,LK,mixed,Sinhala English
1599025241533,Sri Lanka/1599025241533.jpg,16,16,LK,mixed,Sinhala English
1599025259586,Sri Lanka/1599025259586.jpg,20,20,LK,mixed,Sinhala English
1599025376642,Sri Lanka/1599025376642.jpg,29,29,LK,en_only,English
1599025558585,Sri Lanka/1599025558585.jpg,25,25,LK,mixed,Sinhala English
1599025559254,Bangladesh/1599025559254.jpg,11,11,BD,en_only,English Not Applicable (NA)
1599025581444,Sri Lanka/1599025581444.jpg,25,25,LK,en_only,English
1599025603886,Sri Lanka/1599025603886.jpg,24,24,LK,mixed,Sinhala English
1599025635535,Sri Lanka/1599025635535.jpg,29,29,LK,mixed,Sinhala English
1599025653684,Sri Lanka/1599025653684.jpg,15,15,LK,mixed,Sinhala English
1599025744563,Sri Lanka/1599025744563.jpg,17,17,LK,mixed,Sinhala English
1599025803017,Sri Lanka/1599025803017.jpg,20,20,LK,en_only,English
1599025832461,Sri Lanka/1599025832461.jpg,14,14,LK,mixed,Sinhala English
1599025995628,Sri Lanka/1599025995628.jpg,20,20,LK,en_only,English
1599026064850,Sri Lanka/1599026064850.jpg,25,25,LK,en_only,English
1599026127996,Sri Lanka/1599026127996.jpg,17,17,LK,mixed,Sinhala English
1599026360552,Sri Lanka/1599026360552.jpg,25,25,LK,mixed,Sinhala English
1599026379466,Sri Lanka/1599026379466.jpg,9,9,LK,mixed,Sinhala English
1599026467645,Sri Lanka/1599026467645.jpg,1,1,LK,mixed,Sinhala English
1599026490278,Sri Lanka/1599026490278.jpg,14,14,LK,mixed,Sinhala English
1599026937763,Sri Lanka/1599026937763.jpg,1,1,LK,mixed,Sinhala Tamil English
1599026969535,Sri Lanka/1599026969535.jpg,9,9,LK,mixed,Sinhala English
1599026991621,Sri Lanka/1599026991621.jpg,29,29,LK,mixed,Sinhala Tamil English
1599027329146,Sri Lanka/1599027329146.jpg,20,20,LK,mixed,Sinhala English
1599027360207,Sri Lanka/1599027360207.jpg,17,17,LK,mixed,Sinhala English
1599027379277,Sri Lanka/1599027379277.jpg,20,20,LK,en_only,English
1599027697274,Sri Lanka/1599027697274.jpg,25,25,LK,mixed,Sinhala English
1599027918516,Sri Lanka/1599027918516.jpg,1,1,LK,mixed,Sinhala English
1599027955268,Sri Lanka/1599027955268.jpg,20,20,LK,mixed,Sinhala English
1599028119605,Sri Lanka/1599028119605.jpg,20,20,LK,mixed,Sinhala English
1599028300166,Sri Lanka/1599028300166.jpg,29,29,LK,mixed,Sinhala English
1599028378520,Sri Lanka/1599028378520.jpg,9,9,LK,mixed,Sinhala English
1599028428872,Sri Lanka/1599028428872.jpg,14,14,LK,mixed,Sinhala English
1599028448385,Sri Lanka/1599028448385.jpg,1,1,LK,mixed,Sinhala English
1599028470542,Sri Lanka/1599028470542.jpg,14,14,LK,mixed,Sinhala English
1599028724793,Sri Lanka/1599028724793.jpg,25,25,LK,mixed,Sinhala English
1599028830559,Sri Lanka/1599028830559.jpg,25,25,LK,mixed,Sinhala English
1599028850075,Sri Lanka/1599028850075.jpg,13,13,LK,mixed,Sinhala English
1599028868311,Sri Lanka/1599028868311.jpg,25,25,LK,mixed,Sinhala English
1599029147526,Sri Lanka/1599029147526.jpg,6,6,LK,en_only,English
1599029171410,Sri Lanka/1599029171410.jpg,1,1,LK,en_only,English
1599029226168,Sri Lanka/1599029226168.jpg,20,20,LK,en_only,English
1599029290307,Sri Lanka/1599029290307.jpg,14,14,LK,mixed,Sinhala English
1599029308722,Sri Lanka/1599029308722.jpg,1,1,LK,mixed,Sinhala English
1599029458053,Sri Lanka/1599029458053.jpg,14,14,LK,mixed,Sinhala English|Sinhala Tamil English
1599029516976,Sri Lanka/1599029516976.jpg,25,25,LK,mixed,Sinhala Tamil English
1599029557210,Sri Lanka/1599029557210.jpg,14,14,LK,mixed,Sinhala English
1599029626835,Bangladesh/1599029626835.jpg,11,11,BD,en_only,English Not Applicable (NA)
1599029660279,Sri Lanka/1599029660279.jpg,25,25,LK,mixed,Sinhala English
1599029977306,Sri Lanka/1599029977306.jpg,1,1,LK,mixed,Sinhala English
1599030006652,Sri Lanka/1599030006652.jpg,14,14,LK,mixed,Sinhala English
1599030018676,Sri Lanka/1599030018676.jpg,9,9,LK,mixed,Sinhala English
1599030060617,Sri Lanka/1599030060617.jpg,17,17,LK,mixed,Sinhala English
1599030082678,Sri Lanka/1599030082678.jpg,25,25,LK,en_only,English
1599030301141,Sri Lanka/1599030301141.jpg,9,9,LK,mixed,Sinhala English
1599030328299,Sri Lanka/1599030328299.jpg,20,20,LK,mixed,Sinhala English
1599030380106,Sri Lanka/1599030380106.jpg,25,25,LK,mixed,Sinhala English
1599030387837,Sri Lanka/1599030387837.jpg,15,15,LK,mixed,Sinhala English
1599030558258,Sri Lanka/1599030558258.jpg,25,25,LK,mixed,Sinhala English
1599030981812,Sri Lanka/1599030981812.jpg,15,15,LK,mixed,Sinhala English
1599031504060,Sri Lanka/1599031504060.jpg,14,14,LK,mixed,Sinhala English
1599031527333,Sri Lanka/1599031527333.jpg,14,14,LK,mixed,Sinhala English
1599032206400,Sri Lanka/1599032206400.jpg,29,29,LK,mixed,Sinhala English
1599033248076,Sri Lanka/1599033248076.jpg,20,20,LK,en_only,English
1599033315307,Sri Lanka/1599033315307.jpg,20,20,LK,mixed,Sinhala English
1599033341449,Sri Lanka/1599033341449.jpg,20,20,LK,mixed,Sinhala English
1599033367988,Sri Lanka/1599033367988.jpg,25,25,LK,mixed,Sinhala English
1599033383062,Sri Lanka/1599033383062.jpg,25,25,LK,mixed,Sinhala English
1599033395583,Sri Lanka/1599033395583.jpg,9,9,LK,mixed,Sinhala English
1599033515718,Sri Lanka/1599033515718.jpg,20,20,LK,en_only,English
1599034056617,Sri Lanka/1599034056617.jpg,20,20,LK,mixed,Sinhala English
1599034072997,Sri Lanka/1599034072997.jpg,25,25,LK,mixed,Sinhala English
1599034111307,Sri Lanka/1599034111307.jpg,21,21,LK,mixed,Sinhala English
1599034127142,Sri Lanka/1599034127142.jpg,14,14,LK,mixed,Sinhala Tamil English
1599034283416,Sri Lanka/1599034283416.jpg,9,9,LK,mixed,Sinhala English
1599034302376,Sri Lanka/1599034302376.jpg,29,29,LK,mixed,Sinhala Tamil English
1599034459264,Sri Lanka/1599034459264.jpg,20,20,LK,en_only,English
1599034483128,Sri Lanka/1599034483128.jpg,25,25,LK,mixed,Sinhala English
1599034499570,Sri Lanka/1599034499570.jpg,20,20,LK,en_only,English
1599034809167,Sri Lanka/1599034809167.jpg,21,21,LK,mixed,Sinhala English
1599034948494,Sri Lanka/1599034948494.jpg,1,1,LK,mixed,Sinhala English
1599035421642,Sri Lanka/1599035421642.jpg,1,1,LK,mixed,Sinhala English
1599039146443,Bangladesh/1599039146443.jpg,20,20,BD,en_only,English
1599106618348,Bangladesh/1599106618348.jpg,25,25,BD,en_only,English Not Applicable (NA)
1599107897748,Sri Lanka/1599107897748.jpg,20,20,LK,en_only,english
1599107943837,Sri Lanka/1599107943837.jpg,27,27,LK,mixed,sinhala english
1599107978844,Sri Lanka/1599107978844.jpg,13,13,LK,mixed,sinhala english
1599108046879,Sri Lanka/1599108046879.jpg,15,15,LK,mixed,sinhala english
1599108072653,Sri Lanka/1599108072653.jpg,29,29,LK,local_only,sinhala
1599108521246,Sri Lanka/1599108521246.jpg,25,25,LK,mixed,sinhala english
1599108548298,Sri Lanka/1599108548298.jpg,25,25,LK,en_only,english
1599108566354,Sri Lanka/1599108566354.jpg,19,19,LK,mixed,sinhala english
1599109013223,Sri Lanka/1599109013223.jpg,15,15,LK,mixed,sinhala english
1599109079526,Sri Lanka/1599109079526.jpg,1,1,LK,mixed,sinhala english
1599109121324,Sri Lanka/1599109121324.jpg,15,15,LK,mixed,sinhala english
1599109252265,Sri Lanka/1599109252265.jpg,14,14,LK,mixed,Sinhala English
1599109269532,Sri Lanka/1599109269532.jpg,27,27,LK,mixed,Sinhala English
1599109343529,Sri Lanka/1599109343529.jpg,25,25,LK,mixed,Sinhala English
1599109389390,Sri Lanka/1599109389390.jpg,25,25,LK,en_only,English
1599109419750,Sri Lanka/1599109419750.jpg,14,14,LK,mixed,Sinhala English
1599109436977,Sri Lanka/1599109436977.jpg,20,20,LK,en_only,English
1599109458403,Sri Lanka/1599109458403.jpg,20,20,LK,mixed,Sinhala English
1599109463430,Sri Lanka/1599109463430.jpg,17,17,LK,mixed,sinhala english
1599109471574,Sri Lanka/1599109471574.jpg,25,25,LK,local_only,Sinhala
1599109481393,Sri Lanka/1599109481393.jpg,20,20,LK,local_only,Sinhala
1599109492390,Sri Lanka/1599109492390.jpg,19,19,LK,en_only,english
1599109504122,Sri Lanka/1599109504122.jpg,15,15,LK,mixed,Sinhala English
1599109517700,Sri Lanka/1599109517700.jpg,15,15,LK,mixed,Sinhala English
1599109538484,Sri Lanka/1599109538484.jpg,1,1,LK,local_only,Sinhala
1599109554004,Sri Lanka/1599109554004.jpg,24,24,LK,mixed,Sinhala English
1599109565468,Sri Lanka/1599109565468.jpg,27,27,LK,mixed,Sinhala English
1599109569518,Sri Lanka/1599109569518.jpg,15,15,LK,mixed,Sinhala English
1599109573246,Sri Lanka/1599109573246.jpg,23,23,LK,local_only,Sinhala
1599109587287,Sri Lanka/1599109587287.jpg,15,15,LK,mixed,Sinhala English
1599109589400,Sri Lanka/1599109589400.jpg,25,25,LK,mixed,Sinhala English
1599109592784,Sri Lanka/1599109592784.jpg,15,15,LK,mixed,Sinhala English
1599109599832,Sri Lanka/1599109599832.jpg,14,14,LK,local_only,sinhala
1599109606685,Sri Lanka/1599109606685.jpg,25,25,LK,mixed,Sinhala English
1599109607992,Sri Lanka/1599109607992.jpg,27,27,LK,mixed,Sinhala English
1599109611885,Sri Lanka/1599109611885.jpg,25,25,LK,local_only,Sinhala
1599109626765,Sri Lanka/1599109626765.jpg,27,27,LK,local_only,Sinhala
1599109643998,Sri Lanka/1599109643998.jpg,15,15,LK,mixed,Sinhala English
1599109738806,Sri Lanka/1599109738806.jpg,14,14,LK,local_only,Sinhala
1599109751627,Sri Lanka/1599109751627.jpg,27,27,LK,mixed,Sinhala English
1599109767842,Sri Lanka/1599109767842.jpg,20,20,LK,en_only,English
1599109846661,Sri Lanka/1599109846661.jpg,19,19,LK,na,not_applicable__na
1599109871531,Sri Lanka/1599109871531.jpg,25,25,LK,local_only,sinhala
1599109878462,Sri Lanka/1599109878462.jpg,25,25,LK,mixed,sinhala english
1599109881737,Sri Lanka/1599109881737.jpg,20,20,LK,local_only,sinhala
1599109888191,Sri Lanka/1599109888191.jpg,25,25,LK,mixed,sinhala english
1599109931906,Sri Lanka/1599109931906.jpg,14,14,LK,mixed,sinhala english
1599109956455,Sri Lanka/1599109956455.jpg,19,19,LK,en_only,english
1599110024037,Sri Lanka/1599110024037.jpg,19,19,LK,mixed,sinhala english
1599110026064,Sri Lanka/1599110026064.jpg,15,15,LK,mixed,sinhala english
1599110048971,Sri Lanka/1599110048971.jpg,19,19,LK,mixed,sinhala english
1599110080786,Sri Lanka/1599110080786.jpg,29,29,LK,local_only,sinhala
1599110141615,Sri Lanka/1599110141615.jpg,34,34,LK,mixed,sinhala english
1599110192825,Sri Lanka/1599110192825.jpg,19,19,LK,en_only,english
1599110293684,Sri Lanka/1599110293684.jpg,20,20,LK,en_only,english
1599110307012,Sri Lanka/1599110307012.jpg,15,15,LK,mixed,sinhala english
1599110454313,Sri Lanka/1599110454313.jpg,25,25,LK,na,not_applicable__na
1599110502378,Sri Lanka/1599110502378.jpg,15,15,LK,mixed,sinhala english
1599110725402,Sri Lanka/1599110725402.jpg,20,20,LK,local_only,sinhala
1599110742552,Sri Lanka/1599110742552.jpg,19,19,LK,na,not_applicable__na
1599110756004,Sri Lanka/1599110756004.jpg,23,23,LK,local_only,sinhala
1599110761694,Sri Lanka/1599110761694.jpg,15,15,LK,local_only,sinhala
1599110796467,Sri Lanka/1599110796467.jpg,15,15,LK,mixed,sinhala english
1599110827972,Sri Lanka/1599110827972.jpg,25,25,LK,mixed,sinhala english
1599110874674,Sri Lanka/1599110874674.jpg,15,15,LK,local_only,sinhala
1599110881685,Sri Lanka/1599110881685.jpg,19,19,LK,mixed,sinhala english
1599110887297,Sri Lanka/1599110887297.jpg,19,19,LK,en_only,english
1599110891269,Sri Lanka/1599110891269.jpg,15,15,LK,en_only,english
1599110901983,Sri Lanka/1599110901983.jpg,20,20,LK,local_only,sinhala
1599110912387,Sri Lanka/1599110912387.jpg,29,29,LK,local_only,sinhala
1599111037093,Sri Lanka/1599111037093.jpg,25,25,LK,mixed,sinhala english
1599111303245,Sri Lanka/1599111303245.jpg,20,20,LK,local_only,sinhala
1599111319145,Sri Lanka/1599111319145.jpg,1,1,LK,local_only,tamil
1599111332991,Sri Lanka/1599111332991.jpg,14,14,LK,local_only,sinhala
1599111346525,Sri Lanka/1599111346525.jpg,27,27,LK,mixed,sinhala english
1599111358728,Sri Lanka/1599111358728.jpg,25,25,LK,mixed,sinhala english
1599111400813,Sri Lanka/1599111400813.jpg,14,14,LK,mixed,sinhala english
1599111416706,Sri Lanka/1599111416706.jpg,14,14,LK,mixed,sinhala english
1599111432236,Sri Lanka/1599111432236.jpg,19,19,LK,mixed,sinhala english
1599111488583,Sri Lanka/1599111488583.jpg,17,17,LK,en_only,english
1599111517361,Sri Lanka/1599111517361.jpg,19,19,LK,local_only,sinhala
1599111528815,Sri Lanka/1599111528815.jpg,6,6,LK,en_only,english
1599111546788,Sri Lanka/1599111546788.jpg,1,1,LK,local_only,sinhala
1599111637528,Sri Lanka/1599111637528.jpg,19,19,LK,mixed,sinhala english
1599111643362,Sri Lanka/1599111643362.jpg,27,27,LK,mixed,sinhala english
1599111661295,Sri Lanka/1599111661295.jpg,15,15,LK,mixed,sinhala english
1599111856209,Sri Lanka/1599111856209.jpg,27,27,LK,mixed,sinhala english
1599111868142,Sri Lanka/1599111868142.jpg,15,15,LK,mixed,sinhala english
1599111919855,Sri Lanka/1599111919855.jpg,26,26,LK,en_only,english
1599112243876,Sri Lanka/1599112243876.jpg,28,28,LK,local_only,sinhala
1599112259579,Sri Lanka/1599112259579.jpg,25,25,LK,mixed,sinhala english
1599112344376,Bangladesh/1599112344376.jpg,19,19,BD,na,Not Applicable (NA)
1599112389604,Sri Lanka/1599112389604.jpg,17,17,LK,mixed,sinhala english
1599112546707,Sri Lanka/1599112546707.jpg,17,17,LK,mixed,sinhala english
1599112569517,Sri Lanka/1599112569517.jpg,21,21,LK,mixed,sinhala english
1599112756065,Sri Lanka/1599112756065.jpg,29,29,LK,local_only,sinhala
1599113182216,Sri Lanka/1599113182216.jpg,27,27,LK,mixed,sinhala english
1599113238301,Sri Lanka/1599113238301.jpg,29,29,LK,mixed,sinhala english
1599113262592,Sri Lanka/1599113262592.jpg,29,29,LK,local_only,sinhala
1599113263243,Sri Lanka/1599113263243.jpg,20,20,LK,en_only,english
1599113277354,Sri Lanka/1599113277354.jpg,17,17,LK,mixed,sinhala english
1599113283422,Sri Lanka/1599113283422.jpg,15,15,LK,local_only,sinhala
1599113310134,Sri Lanka/1599113310134.jpg,15,15,LK,local_only,sinhala
1599113334051,Sri Lanka/1599113334051.jpg,1,1,LK,local_only,sinhala
1599113605752,Sri Lanka/1599113605752.jpg,27,27,LK,mixed,sinhala english
1599113663791,Sri Lanka/1599113663791.jpg,27,27,LK,mixed,sinhala english
1599113729570,Sri Lanka/1599113729570.jpg,14,14,LK,mixed,sinhala english
1599113877755,Sri Lanka/1599113877755.jpg,25,25,LK,en_only,english
1599113896142,Sri Lanka/1599113896142.jpg,14,14,LK,mixed,sinhala english
1599113899401,Sri Lanka/1599113899401.jpg,7,7,LK,mixed,sinhala english
1599114013028,Sri Lanka/1599114013028.jpg,27,27,LK,mixed,sinhala english
1599114033419,Sri Lanka/1599114033419.jpg,27,27,LK,mixed,Sinhala English
1599114048141,Sri Lanka/1599114048141.jpg,20,20,LK,en_only,English
1599114074706,Sri Lanka/1599114074706.jpg,20,20,LK,local_only,Sinhala
1599114083219,Sri Lanka/1599114083219.jpg,27,27,LK,local_only,Sinhala
1599114380488,Sri Lanka/1599114380488.jpg,13,13,LK,mixed,sinhala english
1599114425084,Sri Lanka/1599114425084.jpg,20,20,LK,na,Not Applicable (NA)
1599114449074,Sri Lanka/1599114449074.jpg,14,14,LK,local_only,Sinhala
1599114459726,Sri Lanka/1599114459726.jpg,29,29,LK,local_only,Sinhala
1599114472968,Sri Lanka/1599114472968.jpg,19,19,LK,mixed,Sinhala English
1599114477498,Sri Lanka/1599114477498.jpg,15,15,LK,mixed,Sinhala English
1599114490683,Sri Lanka/1599114490683.jpg,15,15,LK,mixed,Sinhala English
1599114491266,Sri Lanka/1599114491266.jpg,14,14,LK,local_only,Sinhala
1599114543523,Sri Lanka/1599114543523.jpg,25,25,LK,mixed,sinhala english
1599114631674,Sri Lanka/1599114631674.jpg,19,19,LK,local_only,sinhala
1599114740430,Sri Lanka/1599114740430.jpg,19,19,LK,local_only,Sinhala
1599114768947,Sri Lanka/1599114768947.jpg,20,20,LK,mixed,sinhala english
1599114771602,Sri Lanka/1599114771602.jpg,13,13,LK,local_only,Sinhala
1599114787922,Sri Lanka/1599114787922.jpg,13,13,LK,mixed,sinhala english
1599114804205,Sri Lanka/1599114804205.jpg,25,25,LK,na,Not Applicable (NA)
1599115019543,Sri Lanka/1599115019543.jpg,25,25,LK,mixed,Sinhala English
1599115025779,Sri Lanka/1599115025779.jpg,13,13,LK,mixed,sinhala english
1599115038695,Sri Lanka/1599115038695.jpg,13,13,LK,local_only,Sinhala
1599115044994,Sri Lanka/1599115044994.jpg,15,15,LK,mixed,sinhala english
1599115057783,Sri Lanka/1599115057783.jpg,16,16,LK,en_only,English
1599115080745,Sri Lanka/1599115080745.jpg,19,19,LK,mixed,English|Sinhala English
1599115082619,Sri Lanka/1599115082619.jpg,25,25,LK,mixed,Sinhala English
1599115104302,Sri Lanka/1599115104302.jpg,20,20,LK,en_only,English
1599115261717,Sri Lanka/1599115261717.jpg,14,14,LK,local_only,Sinhala
1599115292782,Sri Lanka/1599115292782.jpg,20,20,LK,local_only,Sinhala
1599115339410,Sri Lanka/1599115339410.jpg,14,14,LK,mixed,Sinhala English
1599115389276,Sri Lanka/1599115389276.jpg,25,25,LK,mixed,Sinhala English
1599115431221,Sri Lanka/1599115431221.jpg,19,19,LK,na,Not Applicable (NA)
1599115483813,Sri Lanka/1599115483813.jpg,17,17,LK,mixed,Sinhala English
1599115610737,Sri Lanka/1599115610737.jpg,15,15,LK,mixed,Sinhala English
1599115724709,Sri Lanka/1599115724709.jpg,25,25,LK,local_only,Sinhala
1599115742702,Sri Lanka/1599115742702.jpg,25,25,LK,local_only,Sinhala
1599116042278,Sri Lanka/1599116042278.jpg,17,17,LK,mixed,Sinhala English
1599116069757,Sri Lanka/1599116069757.jpg,20,20,LK,en_only,English
1599116095149,Sri Lanka/1599116095149.jpg,20,20,LK,local_only,Sinhala
1599116114446,Sri Lanka/1599116114446.jpg,29,29,LK,mixed,Sinhala|Sinhala English
1599116132482,Sri Lanka/1599116132482.jpg,25,25,LK,en_only,English
1599116222009,Sri Lanka/1599116222009.jpg,13,13,LK,mixed,Sinhala Tamil English
1599116248227,Sri Lanka/1599116248227.jpg,15,15,LK,mixed,Sinhala English
1599116269662,Sri Lanka/1599116269662.jpg,21,21,LK,en_only,English
1599116542877,Sri Lanka/1599116542877.jpg,15,15,LK,mixed,sinhala english
1599116611730,Sri Lanka/1599116611730.jpg,1,1,LK,mixed,sinhala english
1599116649523,Sri Lanka/1599116649523.jpg,17,17,LK,en_only,english
1599116652981,Sri Lanka/1599116652981.jpg,15,15,LK,mixed,sinhala english
1599116723075,Sri Lanka/1599116723075.jpg,27,27,LK,mixed,sinhala english
1599116737665,Sri Lanka/1599116737665.jpg,15,15,LK,mixed,Sinhala English
1599116820230,Sri Lanka/1599116820230.jpg,9,9,LK,mixed,Sinhala English
1599116924452,Sri Lanka/1599116924452.jpg,27,27,LK,mixed,Sinhala English
1599117157597,Sri Lanka/1599117157597.jpg,27,27,LK,mixed,Sinhala English
1599117434418,Sri Lanka/1599117434418.jpg,21,21,LK,mixed,Sinhala English
1599117458176,Sri Lanka/1599117458176.jpg,9,9,LK,mixed,Sinhala English
1599117482293,Sri Lanka/1599117482293.jpg,14,14,LK,mixed,Sinhala English
1599117803405,Sri Lanka/1599117803405.jpg,25,25,LK,mixed,Sinhala English
1599117816944,Sri Lanka/1599117816944.jpg,19,19,LK,mixed,sinhala english
1599118218254,Sri Lanka/1599118218254.jpg,1,1,LK,mixed,Sinhala English
1599118288750,Sri Lanka/1599118288750.jpg,25,25,LK,mixed,Sinhala English
1599118300297,Sri Lanka/1599118300297.jpg,19,19,LK,mixed,Sinhala English
1599118322503,Sri Lanka/1599118322503.jpg,20,20,LK,en_only,English
1599118420117,Sri Lanka/1599118420117.jpg,25,25,LK,mixed,Sinhala English
1599118894024,Sri Lanka/1599118894024.jpg,20,20,LK,mixed,Sinhala English
1599118908927,Sri Lanka/1599118908927.jpg,20,20,LK,mixed,Sinhala English
1599118999695,Sri Lanka/1599118999695.jpg,20,20,LK,mixed,Sinhala English
1599119015892,Sri Lanka/1599119015892.jpg,25,25,LK,mixed,Sinhala English
1599119060394,Sri Lanka/1599119060394.jpg,25,25,LK,mixed,Sinhala English
1599119087133,Sri Lanka/1599119087133.jpg,25,25,LK,mixed,Sinhala English
1599119264848,Sri Lanka/1599119264848.jpg,20,20,LK,mixed,Sinhala English
1599119810459,Sri Lanka/1599119810459.jpg,14,14,LK,mixed,Sinhala English
1599119943009,Sri Lanka/1599119943009.jpg,20,20,LK,mixed,Sinhala English
1599120331643,Sri Lanka/1599120331643.jpg,20,20,LK,mixed,Sinhala English
1599120336429,Sri Lanka/1599120336429.jpg,20,20,LK,en_only,English
1599120359182,Sri Lanka/1599120359182.jpg,6,6,LK,en_only,English
1599120675954,Sri Lanka/1599120675954.jpg,25,25,LK,mixed,Sinhala English
1599191534723,Sri Lanka/1599191534723.jpg,15,15,LK,mixed,sinhala english
1599192144192,Sri Lanka/1599192144192.jpg,1,1,LK,mixed,sinhala english
1599192170786,Sri Lanka/1599192170786.jpg,15,15,LK,mixed,sinhala english
1599192198505,Sri Lanka/1599192198505.jpg,19,19,LK,mixed,sinhala english
1599192223723,Sri Lanka/1599192223723.jpg,25,25,LK,mixed,sinhala english
1599192258263,Sri Lanka/1599192258263.jpg,29,29,LK,local_only,sinhala
1599192303219,Sri Lanka/1599192303219.jpg,13,13,LK,mixed,sinhala english
1599192337366,Sri Lanka/1599192337366.jpg,1,1,LK,mixed,sinhala english
1599192390370,Sri Lanka/1599192390370.jpg,1,1,LK,mixed,sinhala english
1599192943056,Sri Lanka/1599192943056.jpg,27,27,LK,mixed,Sinhala English
1599192958559,Sri Lanka/1599192958559.jpg,20,20,LK,mixed,Sinhala English
1599192989539,Sri Lanka/1599192989539.jpg,19,19,LK,na,not_applicable__na
1599193013120,Sri Lanka/1599193013120.jpg,17,17,LK,en_only,english
1599193033883,Sri Lanka/1599193033883.jpg,13,13,LK,mixed,sinhala english
1599193056835,Sri Lanka/1599193056835.jpg,15,15,LK,mixed,sinhala english
1599193081856,Sri Lanka/1599193081856.jpg,25,25,LK,mixed,sinhala english
1599193139807,Sri Lanka/1599193139807.jpg,13,13,LK,mixed,sinhala english
1599193163429,Sri Lanka/1599193163429.jpg,27,27,LK,mixed,sinhala english
1599193202191,Sri Lanka/1599193202191.jpg,20,20,LK,mixed,Sinhala English
1599193639723,Sri Lanka/1599193639723.jpg,20,20,LK,en_only,english
1599193683545,Sri Lanka/1599193683545.jpg,25,25,LK,mixed,Sinhala English
1599193806976,Sri Lanka/1599193806976.jpg,20,20,LK,mixed,Sinhala English
1599193831313,Sri Lanka/1599193831313.jpg,25,25,LK,mixed,Sinhala English
1599193864547,Sri Lanka/1599193864547.jpg,15,15,LK,mixed,Sinhala English
1599193873716,Sri Lanka/1599193873716.jpg,25,25,LK,en_only,english
1599193909372,Sri Lanka/1599193909372.jpg,14,14,LK,mixed,Sinhala English
1599193927286,Sri Lanka/1599193927286.jpg,27,27,LK,mixed,sinhala english
1599193930870,Sri Lanka/1599193930870.jpg,25,25,LK,mixed,Sinhala English
1599193979393,Sri Lanka/1599193979393.jpg,13,13,LK,mixed,sinhala english
1599193992824,Sri Lanka/1599193992824.jpg,20,20,LK,en_only,English
1599194004769,Sri Lanka/1599194004769.jpg,25,25,LK,mixed,sinhala english
1599194058164,Sri Lanka/1599194058164.jpg,14,14,LK,mixed,Sinhala English
1599194070434,Sri Lanka/1599194070434.jpg,14,14,LK,mixed,Sinhala English
1599194082318,Sri Lanka/1599194082318.jpg,19,19,LK,mixed,Sinhala English
1599194175337,Sri Lanka/1599194175337.jpg,20,20,LK,mixed,Sinhala English
1599194208859,Sri Lanka/1599194208859.jpg,20,20,LK,en_only,English
1599194211207,Sri Lanka/1599194211207.jpg,25,25,LK,mixed,Sinhala English
1599194225657,Sri Lanka/1599194225657.jpg,25,25,LK,en_only,English
1599194437856,Sri Lanka/1599194437856.jpg,29,29,LK,mixed,Sinhala English
1599194685526,Sri Lanka/1599194685526.jpg,14,14,LK,local_only,Sinhala
1599194963933,Sri Lanka/1599194963933.jpg,29,29,LK,local_only,Sinhala
1599194997580,Sri Lanka/1599194997580.jpg,20,20,LK,en_only,English
1599195017272,Sri Lanka/1599195017272.jpg,25,25,LK,en_only,English
1599195326075,Sri Lanka/1599195326075.jpg,25,25,LK,mixed,Sinhala English
1599195348481,Sri Lanka/1599195348481.jpg,25,25,LK,mixed,Sinhala English
1599195394914,Sri Lanka/1599195394914.jpg,9,9,LK,mixed,Sinhala English
1599195415556,Sri Lanka/1599195415556.jpg,1,1,LK,mixed,Sinhala English
1599195537778,Sri Lanka/1599195537778.jpg,1,1,LK,mixed,sinhala english
1599195552587,Sri Lanka/1599195552587.jpg,15,15,LK,mixed,sinhala english
1599195571280,Sri Lanka/1599195571280.jpg,15,15,LK,mixed,sinhala english
1599195588207,Sri Lanka/1599195588207.jpg,20,20,LK,en_only,english
1599195603543,Sri Lanka/1599195603543.jpg,15,15,LK,mixed,Sinhala English
1599195662454,Sri Lanka/1599195662454.jpg,25,25,LK,mixed,sinhala english
1599195691203,Sri Lanka/1599195691203.jpg,13,13,LK,mixed,sinhala english
1599195707414,Sri Lanka/1599195707414.jpg,15,15,LK,mixed,sinhala english
1599195709027,Sri Lanka/1599195709027.jpg,14,14,LK,mixed,Sinhala English
1599195727221,Sri Lanka/1599195727221.jpg,25,25,LK,mixed,Sinhala English
1599195743501,Sri Lanka/1599195743501.jpg,17,17,LK,mixed,Sinhala English
1599195744941,Sri Lanka/1599195744941.jpg,25,25,LK,mixed,sinhala english
1599195760377,Sri Lanka/1599195760377.jpg,29,29,LK,mixed,Sinhala English
1599195760650,Sri Lanka/1599195760650.jpg,14,14,LK,mixed,Sinhala Tamil English
1599195772399,Sri Lanka/1599195772399.jpg,13,13,LK,en_only,English
1599195800432,Sri Lanka/1599195800432.jpg,14,14,LK,mixed,Sinhala English
1599195801060,Sri Lanka/1599195801060.jpg,20,20,LK,en_only,English
1599195894021,Sri Lanka/1599195894021.jpg,27,27,LK,mixed,Sinhala English
1599195907124,Sri Lanka/1599195907124.jpg,14,14,LK,mixed,Sinhala English
1599195923026,Sri Lanka/1599195923026.jpg,20,20,LK,mixed,Sinhala English
1599195982095,Sri Lanka/1599195982095.jpg,20,20,LK,mixed,Sinhala English
1599195997104,Sri Lanka/1599195997104.jpg,14,14,LK,mixed,sinhala english
1599196028926,Sri Lanka/1599196028926.jpg,17,17,LK,mixed,Sinhala English
1599196048172,Sri Lanka/1599196048172.jpg,14,14,LK,mixed,Sinhala English
1599196053021,Sri Lanka/1599196053021.jpg,27,27,LK,mixed,sinhala english
1599196104530,Sri Lanka/1599196104530.jpg,9,9,LK,mixed,Sinhala English
1599196117178,Sri Lanka/1599196117178.jpg,27,27,LK,mixed,Sinhala Tamil English
1599196136595,Sri Lanka/1599196136595.jpg,27,27,LK,mixed,Sinhala English
1599196314835,Sri Lanka/1599196314835.jpg,1,1,LK,mixed,Sinhala English
1599196406882,Sri Lanka/1599196406882.jpg,15,15,LK,mixed,Sinhala English
1599196423370,Sri Lanka/1599196423370.jpg,7,7,LK,mixed,Sinhala English
1599196438806,Sri Lanka/1599196438806.jpg,1,1,LK,mixed,Sinhala English
1599196443218,Sri Lanka/1599196443218.jpg,27,27,LK,mixed,Sinhala English
1599196451573,Sri Lanka/1599196451573.jpg,17,17,LK,mixed,sinhala english
1599196458854,Sri Lanka/1599196458854.jpg,9,9,LK,mixed,Sinhala English
1599196462034,Sri Lanka/1599196462034.jpg,29,29,LK,local_only,Sinhala
1599196487696,Sri Lanka/1599196487696.jpg,27,27,LK,mixed,Sinhala English
1599196499963,Sri Lanka/1599196499963.jpg,25,25,LK,mixed,sinhala english
1599196827272,Sri Lanka/1599196827272.jpg,20,20,LK,en_only,English
1599196835439,Sri Lanka/1599196835439.jpg,25,25,LK,en_only,English
1599197653232,Sri Lanka/1599197653232.jpg,9,9,LK,mixed,Sinhala English
1599197770711,Sri Lanka/1599197770711.jpg,32,22,LK,mixed,Sinhala English
1599197787264,Sri Lanka/1599197787264.jpg,24,24,LK,mixed,Sinhala Tamil English
1599197799250,Sri Lanka/1599197799250.jpg,27,27,LK,mixed,Sinhala English
1599197801250,Sri Lanka/1599197801250.jpg,20,20,LK,mixed,Sinhala English
1599197809507,Sri Lanka/1599197809507.jpg,1,1,LK,mixed,Sinhala English
1599197819243,Sri Lanka/1599197819243.jpg,25,25,LK,mixed,Sinhala English
1599198025218,Sri Lanka/1599198025218.jpg,25,25,LK,mixed,Sinhala English
1599198030848,Sri Lanka/1599198030848.jpg,14,14,LK,mixed,Sinhala Tamil English
1599198066846,Sri Lanka/1599198066846.jpg,19,19,LK,mixed,Sinhala English
1599198226090,Sri Lanka/1599198226090.jpg,27,27,LK,mixed,Sinhala English
1599198317261,Sri Lanka/1599198317261.jpg,13,13,LK,mixed,Sinhala Tamil English
1599198336785,Sri Lanka/1599198336785.jpg,18,18,LK,en_only,English
1599198445627,Sri Lanka/1599198445627.jpg,27,27,LK,mixed,sinhala english
1599198650002,Sri Lanka/1599198650002.jpg,27,27,LK,mixed,Sinhala English
1599198768421,Sri Lanka/1599198768421.jpg,18,18,LK,en_only,English
1599198789136,Sri Lanka/1599198789136.jpg,1,1,LK,mixed,Sinhala English
1599198889414,Sri Lanka/1599198889414.jpg,15,15,LK,mixed,Sinhala English
1599198922119,Sri Lanka/1599198922119.jpg,9,9,LK,mixed,Sinhala English
1599198966844,Sri Lanka/1599198966844.jpg,9,9,LK,mixed,English|Sinhala Tamil English
1599199087093,Sri Lanka/1599199087093.jpg,27,27,LK,mixed,Sinhala English
1599199449646,Sri Lanka/1599199449646.jpg,14,14,LK,mixed,Sinhala English
1599199608714,Sri Lanka/1599199608714.jpg,21,21,LK,mixed,tamil english
1599199686372,Sri Lanka/1599199686372.jpg,9,9,LK,mixed,Sinhala English
1599199702628,Sri Lanka/1599199702628.jpg,15,15,LK,mixed,Sinhala English
1599200191324,Sri Lanka/1599200191324.jpg,19,19,LK,en_only,English
1599370298295,Bangladesh/1599370298295.jpg,20,20,BD,en_only,English
1599371478916,Bangladesh/1599371478916.jpg,20,20,BD,en_only,English
1599371507751,Bangladesh/1599371507751.jpg,25,25,BD,na,Not Applicable (NA)
1599371893610,Bangladesh/1599371893610.jpg,34,34,BD,na,Not Applicable (NA)
1599381370062,Bangladesh/1599381370062.jpg,25,25,BD,na,Not Applicable (NA)
1599382250677,Bangladesh/1599382250677.jpg,34,34,BD,na,Not Applicable (NA)
1599384022921,Bangladesh/1599384022921.jpg,18,18,BD,na,Not Applicable (NA)
1599384180914,Bangladesh/1599384180914.jpg,25,25,BD,na,Not Applicable (NA)
1599451894094,Bangladesh/1599451894094.jpg,14,14,BD,en_only,English Not Applicable (NA)
1599452057715,Bangladesh/1599452057715.jpg,25,25,BD,en_only,English
1599453043440,Bangladesh/1599453043440.jpg,14,14,BD,na,Not Applicable (NA)
1599456897181,Bangladesh/1599456897181.jpg,25,25,BD,na,Not Applicable (NA)
1599458106048,Bangladesh/1599458106048.jpg,25,25,BD,na,Not Applicable (NA)
1599460990071,Bangladesh/1599460990071.jpg,25,25,BD,na,Not Applicable (NA)
1599466217541,Bangladesh/1599466217541.jpg,21,21,BD,en_only,English Not Applicable (NA)
1599466868213,Bangladesh/1599466868213.jpg,25,25,BD,na,Not Applicable (NA)
1599538145440,Bangladesh/1599538145440.jpg,14,14,BD,na,Not Applicable (NA)
1599538328150,Sri Lanka/1599538328150.jpg,13,13,LK,mixed,Sinhala Tamil English
1599538621594,Sri Lanka/1599538621594.jpg,19,19,LK,mixed,Sinhala English
1599538635379,Sri Lanka/1599538635379.jpg,20,20,LK,mixed,Sinhala English
1599538652835,Sri Lanka/1599538652835.jpg,21,21,LK,en_only,English
1599538740781,Sri Lanka/1599538740781.jpg,20,20,LK,mixed,Sinhala English
1599538751704,Sri Lanka/1599538751704.jpg,20,20,LK,mixed,Sinhala English
1599538764740,Sri Lanka/1599538764740.jpg,20,20,LK,en_only,English
1599538775407,Sri Lanka/1599538775407.jpg,20,20,LK,en_only,English
1599538927727,Sri Lanka/1599538927727.jpg,20,20,LK,en_only,English
1599539133357,Sri Lanka/1599539133357.jpg,1,1,LK,mixed,Sinhala English
1599539147466,Sri Lanka/1599539147466.jpg,25,25,LK,mixed,Sinhala English
1599539390650,Sri Lanka/1599539390650.jpg,20,20,LK,mixed,Sinhala English
1599539426740,Sri Lanka/1599539426740.jpg,13,13,LK,mixed,Sinhala Tamil English
1599539643225,Sri Lanka/1599539643225.jpg,20,20,LK,mixed,Sinhala English
1599539938523,Sri Lanka/1599539938523.jpg,20,20,LK,mixed,Sinhala English
1599540001537,Sri Lanka/1599540001537.jpg,13,13,LK,mixed,Sinhala Tamil English
1599540139421,Sri Lanka/1599540139421.jpg,13,13,LK,mixed,Sinhala English
1599540160373,Sri Lanka/1599540160373.jpg,25,25,LK,en_only,English
1599540209467,Sri Lanka/1599540209467.jpg,18,18,LK,mixed,Sinhala Tamil English
1599540254773,Sri Lanka/1599540254773.jpg,19,19,LK,mixed,Sinhala English
1599540344316,Sri Lanka/1599540344316.jpg,9,9,LK,mixed,Sinhala Tamil English
1599540359381,Sri Lanka/1599540359381.jpg,20,20,LK,en_only,English
1599540377351,Sri Lanka/1599540377351.jpg,1,1,LK,mixed,Sinhala English
1599540525910,Sri Lanka/1599540525910.jpg,27,27,LK,mixed,Sinhala English
1599540558883,Sri Lanka/1599540558883.jpg,25,25,LK,en_only,English
1599540581758,Sri Lanka/1599540581758.jpg,13,13,LK,mixed,Sinhala English
1599540603557,Sri Lanka/1599540603557.jpg,25,25,LK,mixed,Sinhala English
1599540670418,Sri Lanka/1599540670418.jpg,20,20,LK,mixed,Sinhala English
1599540799986,Sri Lanka/1599540799986.jpg,27,27,LK,mixed,Sinhala Tamil English
1599540845967,Sri Lanka/1599540845967.jpg,25,25,LK,en_only,English
1599540863752,Sri Lanka/1599540863752.jpg,20,20,LK,mixed,Sinhala English
1599540878079,Sri Lanka/1599540878079.jpg,25,25,LK,mixed,Sinhala English
1599540982694,Sri Lanka/1599540982694.jpg,20,20,LK,mixed,Sinhala English
1599541097415,Sri Lanka/1599541097415.jpg,13,13,LK,mixed,Sinhala Tamil English
1599541178567,Sri Lanka/1599541178567.jpg,9,9,LK,mixed,Sinhala English
1599541196673,Sri Lanka/1599541196673.jpg,13,13,LK,mixed,Sinhala Tamil English
1599541267284,Sri Lanka/1599541267284.jpg,18,18,LK,mixed,Sinhala Tamil English
1599541270414,Bangladesh/1599541270414.jpg,14,14,BD,en_only,English Not Applicable (NA)
1599541278480,Sri Lanka/1599541278480.jpg,20,20,LK,en_only,English
1599541291426,Sri Lanka/1599541291426.jpg,19,19,LK,mixed,Sinhala English
1599541334335,Sri Lanka/1599541334335.jpg,20,20,LK,mixed,Sinhala English
1599541353856,Sri Lanka/1599541353856.jpg,23,23,LK,en_only,English
1599541444313,Sri Lanka/1599541444313.jpg,25,25,LK,mixed,Sinhala English
1599541631881,Sri Lanka/1599541631881.jpg,25,25,LK,en_only,English
1599541644489,Sri Lanka/1599541644489.jpg,20,20,LK,mixed,Sinhala English
1599541661736,Sri Lanka/1599541661736.jpg,20,20,LK,mixed,Sinhala English
1599541675594,Sri Lanka/1599541675594.jpg,20,20,LK,en_only,English
1599541698114,Sri Lanka/1599541698114.jpg,20,20,LK,en_only,English
1599541711289,Sri Lanka/1599541711289.jpg,13,13,LK,mixed,Sinhala Tamil English
1599541729830,Sri Lanka/1599541729830.jpg,14,14,LK,mixed,Sinhala English
1599541879381,Sri Lanka/1599541879381.jpg,25,25,LK,mixed,Sinhala English
1599541932560,Sri Lanka/1599541932560.jpg,25,25,LK,mixed,Sinhala English
1599542181320,Sri Lanka/1599542181320.jpg,25,25,LK,mixed,Sinhala English
1599542209054,Sri Lanka/1599542209054.jpg,25,25,LK,mixed,Sinhala English
1599542249658,Sri Lanka/1599542249658.jpg,1,1,LK,mixed,Sinhala English
1599542419093,Sri Lanka/1599542419093.jpg,27,27,LK,mixed,Sinhala English
1599542475484,Sri Lanka/1599542475484.jpg,15,15,LK,en_only,English
1599542503371,Sri Lanka/1599542503371.jpg,20,20,LK,en_only,English
1599542604594,Bangladesh/1599542604594.jpg,25,25,BD,na,Not Applicable (NA)
1599542674463,Sri Lanka/1599542674463.jpg,20,20,LK,en_only,English
1599542700914,Sri Lanka/1599542700914.jpg,20,20,LK,mixed,sinhala english
1599542753195,Sri Lanka/1599542753195.jpg,20,20,LK,mixed,sinhala english
1599542765434,Sri Lanka/1599542765434.jpg,25,25,LK,local_only,sinhala
1599542972714,Sri Lanka/1599542972714.jpg,20,20,LK,mixed,sinhala english
1599542995785,Sri Lanka/1599542995785.jpg,25,25,LK,mixed,sinhala english
1599543077578,Sri Lanka/1599543077578.jpg,23,23,LK,mixed,sinhala english
1599543421876,Sri Lanka/1599543421876.jpg,15,15,LK,mixed,sinhala english
1599543434803,Sri Lanka/1599543434803.jpg,27,27,LK,mixed,sinhala english
1599543448836,Sri Lanka/1599543448836.jpg,20,20,LK,en_only,english
1599543461200,Sri Lanka/1599543461200.jpg,13,13,LK,mixed,sinhala english
1599543934412,Sri Lanka/1599543934412.jpg,19,19,LK,mixed,tamil english
1599543964983,Sri Lanka/1599543964983.jpg,15,15,LK,mixed,sinhala english
1599543999824,Sri Lanka/1599543999824.jpg,15,15,LK,mixed,sinhala english
1599544116655,Sri Lanka/1599544116655.jpg,15,15,LK,mixed,sinhala english
1599544228486,Sri Lanka/1599544228486.jpg,27,27,LK,mixed,sinhala english
1599544442955,Sri Lanka/1599544442955.jpg,25,25,LK,mixed,sinhala english
1599544617752,Sri Lanka/1599544617752.jpg,13,13,LK,mixed,tamil english
1599544815304,Sri Lanka/1599544815304.jpg,15,15,LK,mixed,sinhala english
1599545236463,Sri Lanka/1599545236463.jpg,15,15,LK,mixed,sinhala english
1599545336510,Sri Lanka/1599545336510.jpg,15,15,LK,local_only,sinhala
1599545972857,Sri Lanka/1599545972857.jpg,14,14,LK,mixed,sinhala english
1599545996826,Sri Lanka/1599545996826.jpg,13,13,LK,mixed,sinhala english
1599546533463,Sri Lanka/1599546533463.jpg,20,20,LK,en_only,english
1599546550727,Sri Lanka/1599546550727.jpg,14,14,LK,mixed,sinhala english
1599546560871,Sri Lanka/1599546560871.jpg,25,25,LK,mixed,sinhala english
1599546570708,Sri Lanka/1599546570708.jpg,14,14,LK,mixed,sinhala english
1599546579488,Sri Lanka/1599546579488.jpg,13,13,LK,mixed,sinhala english
1599546587112,Sri Lanka/1599546587112.jpg,20,20,LK,mixed,sinhala english
1599546611003,Sri Lanka/1599546611003.jpg,1,1,LK,mixed,sinhala english
1599546848224,Sri Lanka/1599546848224.jpg,13,13,LK,mixed,sinhala english
1599547007446,Sri Lanka/1599547007446.jpg,20,20,LK,mixed,sinhala english
1599547142777,Sri Lanka/1599547142777.jpg,25,25,LK,mixed,sinhala english
1599547513921,Sri Lanka/1599547513921.jpg,25,25,LK,mixed,sinhala english
1599547604793,Sri Lanka/1599547604793.jpg,20,20,LK,mixed,sinhala english
1599547622856,Sri Lanka/1599547622856.jpg,14,14,LK,en_only,english
1599548099726,Sri Lanka/1599548099726.jpg,25,25,LK,mixed,sinhala english
1599548115538,Sri Lanka/1599548115538.jpg,7,7,LK,local_only,sinhala
1599548364791,Sri Lanka/1599548364791.jpg,25,25,LK,mixed,sinhala english
1599548383889,Sri Lanka/1599548383889.jpg,20,20,LK,mixed,sinhala english
1599548487730,Sri Lanka/1599548487730.jpg,15,15,LK,mixed,sinhala english
1599548510361,Sri Lanka/1599548510361.jpg,25,25,LK,mixed,sinhala english
1599548565265,Sri Lanka/1599548565265.jpg,13,13,LK,mixed,sinhala english
1599548790879,Sri Lanka/1599548790879.jpg,20,20,LK,en_only,english
1599548823752,Sri Lanka/1599548823752.jpg,25,25,LK,local_only,sinhala
1599623464952,Bangladesh/1599623464952.jpg,20,20,BD,en_only,English
1599623714737,Bangladesh/1599623714737.jpg,20,20,BD,en_only,English Not Applicable (NA)
1599624656803,Sri Lanka/1599624656803.jpg,15,15,LK,mixed,sinhala english
1599624813297,Sri Lanka/1599624813297.jpg,25,25,LK,en_only,english
1599625375660,Sri Lanka/1599625375660.jpg,25,25,LK,en_only,english
1599625678102,Sri Lanka/1599625678102.jpg,20,20,LK,en_only,english
1599625908565,Sri Lanka/1599625908565.jpg,17,17,LK,mixed,sinhala english
1599625979350,Sri Lanka/1599625979350.jpg,14,14,LK,mixed,sinhala|sinhala english
1599626413779,Sri Lanka/1599626413779.jpg,20,20,LK,mixed,sinhala english
1599626441001,Sri Lanka/1599626441001.jpg,25,25,LK,local_only,sinhala
1599627304980,Sri Lanka/1599627304980.jpg,15,15,LK,mixed,sinhala english
1599627325797,Sri Lanka/1599627325797.jpg,20,20,LK,mixed,sinhala english
1599627634768,Sri Lanka/1599627634768.jpg,20,20,LK,en_only,english
1599627883832,Sri Lanka/1599627883832.jpg,14,14,LK,mixed,sinhala english
1599627918668,Sri Lanka/1599627918668.jpg,15,15,LK,local_only,sinhala
1599627962867,Sri Lanka/1599627962867.jpg,15,15,LK,local_only,sinhala
1599628119595,Sri Lanka/1599628119595.jpg,25,25,LK,en_only,english
1599628193787,Sri Lanka/1599628193787.jpg,15,15,LK,mixed,sinhala english
1599629209485,Sri Lanka/1599629209485.jpg,15,15,LK,mixed,sinhala english
1599629261244,Sri Lanka/1599629261244.jpg,15,15,LK,local_only,sinhala
1599710880165,Sri Lanka/1599710880165.jpg,20,20,LK,mixed,sinhala english
1599710895617,Sri Lanka/1599710895617.jpg,25,25,LK,local_only,sinhala
1599711665890,Sri Lanka/1599711665890.jpg,15,15,LK,en_only,english
1599711838916,Sri Lanka/1599711838916.jpg,19,19,LK,mixed,sinhala english
1599711849308,Sri Lanka/1599711849308.jpg,25,25,LK,local_only,sinhala
1599711863367,Sri Lanka/1599711863367.jpg,1,1,LK,mixed,sinhala english
1599711950098,Sri Lanka/1599711950098.jpg,4,4,LK,local_only,sinhala
1599712220420,Sri Lanka/1599712220420.jpg,17,17,LK,mixed,tamil english
1599712437401,Sri Lanka/1599712437401.jpg,25,25,LK,local_only,sinhala
1599712477307,Sri Lanka/1599712477307.jpg,25,25,LK,na,not_applicable__na
1599712986116,Sri Lanka/1599712986116.jpg,14,14,LK,local_only,sinhala
1599713011216,Sri Lanka/1599713011216.jpg,25,25,LK,local_only,sinhala
1599713055827,Sri Lanka/1599713055827.jpg,13,13,LK,na,not_applicable__na
1599713076179,Sri Lanka/1599713076179.jpg,19,19,LK,en_only,english
1599713244240,Sri Lanka/1599713244240.jpg,25,25,LK,local_only,sinhala
1599713354509,Sri Lanka/1599713354509.jpg,14,14,LK,mixed,sinhala english
1599713778173,Sri Lanka/1599713778173.jpg,15,15,LK,mixed,sinhala english
1599713911977,Sri Lanka/1599713911977.jpg,27,27,LK,local_only,sinhala
1599713931926,Sri Lanka/1599713931926.jpg,21,21,LK,local_only,sinhala
1599714255085,Sri Lanka/1599714255085.jpg,16,16,LK,mixed,sinhala tamil english
1599714281712,Sri Lanka/1599714281712.jpg,13,13,LK,mixed,sinhala english
1599714707937,Sri Lanka/1599714707937.jpg,25,25,LK,local_only,sinhala
1599714841041,Sri Lanka/1599714841041.jpg,25,25,LK,local_only,sinhala
1599715021911,Sri Lanka/1599715021911.jpg,25,25,LK,na,not_applicable__na
1599715318328,Sri Lanka/1599715318328.jpg,25,25,LK,local_only,sinhala
1599715344557,Sri Lanka/1599715344557.jpg,14,14,LK,mixed,sinhala english
1599715967969,Sri Lanka/1599715967969.jpg,1,1,LK,mixed,sinhala english
1599716206423,Sri Lanka/1599716206423.jpg,32,32,LK,en_only,english
1599716322593,Sri Lanka/1599716322593.jpg,25,25,LK,local_only,sinhala
1599716358317,Sri Lanka/1599716358317.jpg,25,25,LK,local_only,sinhala
1599716374959,Sri Lanka/1599716374959.jpg,1,1,LK,mixed,sinhala english
1599716381163,Sri Lanka/1599716381163.jpg,20,20,LK,en_only,english
1599716402026,Sri Lanka/1599716402026.jpg,1,1,LK,mixed,sinhala english
1599716418560,Sri Lanka/1599716418560.jpg,32,32,LK,mixed,sinhala english
1599716429639,Sri Lanka/1599716429639.jpg,25,25,LK,en_only,english
1599716436094,Sri Lanka/1599716436094.jpg,1,1,LK,mixed,sinhala english
1599716437377,Sri Lanka/1599716437377.jpg,32,32,LK,en_only,english
1599716453933,Sri Lanka/1599716453933.jpg,20,20,LK,en_only,english
1599716475226,Sri Lanka/1599716475226.jpg,1,1,LK,mixed,sinhala english
1599716496837,Sri Lanka/1599716496837.jpg,25,25,LK,mixed,sinhala english
1599716945368,Sri Lanka/1599716945368.jpg,25,25,LK,en_only,english
1599717447539,Bangladesh/1599717447539.jpg,27,27,BD,na,Not Applicable (NA)
1599717499738,Sri Lanka/1599717499738.jpg,20,20,LK,en_only,english
1599717628342,Sri Lanka/1599717628342.jpg,14,14,LK,local_only,sinhala
1599717978888,Sri Lanka/1599717978888.jpg,20,20,LK,local_only,sinhala
1599718397305,Sri Lanka/1599718397305.jpg,25,25,LK,local_only,sinhala
1599718530830,Sri Lanka/1599718530830.jpg,14,14,LK,local_only,sinhala
1599718949472,Sri Lanka/1599718949472.jpg,20,20,LK,en_only,english
1599719254186,Sri Lanka/1599719254186.jpg,14,14,LK,mixed,sinhala english
1599719277074,Sri Lanka/1599719277074.jpg,1,1,LK,local_only,sinhala
1599719475090,Sri Lanka/1599719475090.jpg,25,25,LK,local_only,sinhala
1599719496701,Sri Lanka/1599719496701.jpg,13,13,LK,mixed,sinhala english
1599719627753,Sri Lanka/1599719627753.jpg,32,32,LK,en_only,english
1599719793887,Sri Lanka/1599719793887.jpg,14,14,LK,local_only,sinhala
1599719813370,Sri Lanka/1599719813370.jpg,25,25,LK,local_only,sinhala
1599720017523,Sri Lanka/1599720017523.jpg,14,14,LK,local_only,sinhala
1599720539572,Sri Lanka/1599720539572.jpg,15,15,LK,local_only,sinhala
1599720823086,Sri Lanka/1599720823086.jpg,25,25,LK,mixed,sinhala english
1599720894478,Sri Lanka/1599720894478.jpg,13,13,LK,local_only,sinhala
1599720912449,Sri Lanka/1599720912449.jpg,20,20,LK,en_only,english
1599720927558,Sri Lanka/1599720927558.jpg,14,14,LK,en_only,english
1599720944039,Sri Lanka/1599720944039.jpg,5,5,LK,mixed,sinhala english
1599721016136,Sri Lanka/1599721016136.jpg,19,19,LK,mixed,sinhala english
1599721035366,Sri Lanka/1599721035366.jpg,20,20,LK,mixed,sinhala english
1599721064012,Sri Lanka/1599721064012.jpg,20,20,LK,local_only,sinhala
1599721103368,Sri Lanka/1599721103368.jpg,1,1,LK,local_only,sinhala
1599721288188,Sri Lanka/1599721288188.jpg,17,17,LK,local_only,sinhala
1599721304847,Sri Lanka/1599721304847.jpg,13,13,LK,mixed,sinhala english
1599721472726,Sri Lanka/1599721472726.jpg,29,29,LK,mixed,sinhala english
1599721831824,Sri Lanka/1599721831824.jpg,14,14,LK,mixed,sinhala english
1599721851451,Sri Lanka/1599721851451.jpg,25,25,LK,mixed,sinhala english
1599722407393,Sri Lanka/1599722407393.jpg,1,1,LK,en_only,english
1599737404938,Sri Lanka/1599737404938.jpg,25,25,LK,mixed,tamil english
1599796703878,Sri Lanka/1599796703878.jpg,14,14,LK,mixed,sinhala english
1599796715774,Sri Lanka/1599796715774.jpg,17,17,LK,mixed,sinhala english
1599796735621,Sri Lanka/1599796735621.jpg,25,25,LK,en_only,english
1599796736440,Sri Lanka/1599796736440.jpg,25,25,LK,mixed,sinhala english
1599796779733,Sri Lanka/1599796779733.jpg,14,14,LK,mixed,sinhala tamil english
1599796960828,Sri Lanka/1599796960828.jpg,1,1,LK,mixed,sinhala english
1599796965090,Sri Lanka/1599796965090.jpg,20,20,LK,en_only,english
1599797056564,Sri Lanka/1599797056564.jpg,25,25,LK,mixed,sinhala english
1599797421898,Sri Lanka/1599797421898.jpg,25,25,LK,mixed,sinhala english
1599797827916,Sri Lanka/1599797827916.jpg,25,25,LK,mixed,sinhala english
1599797877523,Sri Lanka/1599797877523.jpg,20,20,LK,mixed,sinhala english
1599797884828,Sri Lanka/1599797884828.jpg,1,1,LK,mixed,sinhala english
1599797899004,Sri Lanka/1599797899004.jpg,25,25,LK,mixed,sinhala english
1599797903652,Sri Lanka/1599797903652.jpg,23,23,LK,en_only,english
1599797907734,Sri Lanka/1599797907734.jpg,14,14,LK,mixed,sinhala english
1599797919974,Sri Lanka/1599797919974.jpg,13,13,LK,mixed,sinhala english
1599797935063,Sri Lanka/1599797935063.jpg,14,14,LK,mixed,sinhala english
1599797953839,Sri Lanka/1599797953839.jpg,25,25,LK,mixed,sinhala english
1599798057668,Sri Lanka/1599798057668.jpg,25,25,LK,mixed,sinhala english
1599798396627,Sri Lanka/1599798396627.jpg,25,25,LK,mixed,sinhala english
1599798729688,Sri Lanka/1599798729688.jpg,14,14,LK,mixed,sinhala tamil english
1599798811872,Sri Lanka/1599798811872.jpg,25,25,LK,mixed,sinhala english
1599798930857,Sri Lanka/1599798930857.jpg,25,25,LK,mixed,sinhala english
1599798989067,Sri Lanka/1599798989067.jpg,27,27,LK,mixed,sinhala english
1599799004827,Sri Lanka/1599799004827.jpg,25,25,LK,mixed,sinhala english
1599799481459,Sri Lanka/1599799481459.jpg,25,25,LK,en_only,english
1599799996737,Sri Lanka/1599799996737.jpg,14,14,LK,mixed,sinhala english
1599800367593,Sri Lanka/1599800367593.jpg,13,13,LK,mixed,sinhala english
1599800385014,Sri Lanka/1599800385014.jpg,14,14,LK,mixed,sinhala english
1599800409973,Sri Lanka/1599800409973.jpg,25,25,LK,mixed,sinhala english
1599800426545,Sri Lanka/1599800426545.jpg,25,25,LK,en_only,english
1599800448573,Sri Lanka/1599800448573.jpg,14,14,LK,mixed,sinhala english
1599800467117,Sri Lanka/1599800467117.jpg,25,25,LK,en_only,english
1599800752357,Sri Lanka/1599800752357.jpg,14,14,LK,mixed,sinhala english
1599800779579,Sri Lanka/1599800779579.jpg,19,19,LK,mixed,sinhala english
1599800809293,Sri Lanka/1599800809293.jpg,25,25,LK,mixed,sinhala english
1599800867377,Sri Lanka/1599800867377.jpg,14,14,LK,mixed,sinhala english
1599800928817,Sri Lanka/1599800928817.jpg,20,20,LK,mixed,sinhala english
1599801950626,Sri Lanka/1599801950626.jpg,25,25,LK,mixed,sinhala english
1599802070974,Sri Lanka/1599802070974.jpg,29,29,LK,en_only,english
1599802163134,Sri Lanka/1599802163134.jpg,20,20,LK,en_only,english
1599802179788,Sri Lanka/1599802179788.jpg,25,25,LK,mixed,sinhala english
1599802853663,Sri Lanka/1599802853663.jpg,14,14,LK,mixed,sinhala tamil english
1599803442091,Sri Lanka/1599803442091.jpg,25,25,LK,mixed,sinhala english
1599803656428,Sri Lanka/1599803656428.jpg,25,25,LK,mixed,sinhala english
1599803704967,Sri Lanka/1599803704967.jpg,14,14,LK,mixed,sinhala tamil english
1599803807742,Sri Lanka/1599803807742.jpg,25,25,LK,mixed,sinhala english
1599804202423,Sri Lanka/1599804202423.jpg,20,20,LK,mixed,sinhala english
1599804218168,Sri Lanka/1599804218168.jpg,25,25,LK,mixed,sinhala english
1599805658403,Sri Lanka/1599805658403.jpg,25,25,LK,mixed,sinhala english
1599805658559,Sri Lanka/1599805658559.jpg,25,25,LK,mixed,sinhala english
1599805679293,Sri Lanka/1599805679293.jpg,25,25,LK,mixed,sinhala english
1599806758634,Sri Lanka/1599806758634.jpg,14,14,LK,mixed,sinhala english
1599806773451,Sri Lanka/1599806773451.jpg,25,25,LK,mixed,sinhala english
1599806774568,Sri Lanka/1599806774568.jpg,25,25,LK,mixed,sinhala english
1599806791506,Sri Lanka/1599806791506.jpg,25,25,LK,mixed,sinhala english
1599807309543,Sri Lanka/1599807309543.jpg,27,27,LK,mixed,sinhala english
1599807327418,Sri Lanka/1599807327418.jpg,14,14,LK,mixed,sinhala tamil english
1599807337850,Sri Lanka/1599807337850.jpg,25,25,LK,mixed,sinhala english
1599807434133,Sri Lanka/1599807434133.jpg,25,25,LK,mixed,sinhala english
1599809729509,Sri Lanka/1599809729509.jpg,14,14,LK,mixed,sinhala english
1599809743892,Sri Lanka/1599809743892.jpg,1,1,LK,mixed,sinhala tamil english
1599809760403,Sri Lanka/1599809760403.jpg,13,13,LK,mixed,sinhala english
1599881199593,Sri Lanka/1599881199593.jpg,19,19,LK,mixed,sinhala english
1599881229167,Sri Lanka/1599881229167.jpg,25,25,LK,mixed,tamil english
1599881256143,Sri Lanka/1599881256143.jpg,25,25,LK,mixed,tamil english
1599881401098,Sri Lanka/1599881401098.jpg,21,21,LK,mixed,tamil english
1599882950641,Sri Lanka/1599882950641.jpg,9,9,LK,mixed,sinhala tamil english
1599882996017,Sri Lanka/1599882996017.jpg,19,19,LK,en_only,english
1599883449352,Sri Lanka/1599883449352.jpg,19,19,LK,mixed,tamil english
1599883471261,Sri Lanka/1599883471261.jpg,25,25,LK,mixed,tamil english
1599886326041,Sri Lanka/1599886326041.jpg,25,25,LK,mixed,tamil english
1599886545220,Sri Lanka/1599886545220.jpg,19,19,LK,mixed,tamil english
1599886772266,Sri Lanka/1599886772266.jpg,19,19,LK,mixed,tamil english
1599886809500,Sri Lanka/1599886809500.jpg,19,19,LK,mixed,tamil english
1599976156101,Bangladesh/1599976156101.jpg,14,14,BD,en_only,English Not Applicable (NA)
1599976287703,Bangladesh/1599976287703.jpg,18,18,BD,na,Not Applicable (NA)
1599976594340,Bangladesh/1599976594340.jpg,20,20,BD,en_only,English
1600062101857,Bangladesh/1600062101857.jpg,14,14,BD,en_only,English Not Applicable (NA)
1600142735732,Sri Lanka/1600142735732.jpg,25,25,LK,mixed,sinhala english
1600143098727,Sri Lanka/1600143098727.jpg,25,25,LK,mixed,sinhala english
1600143171152,Sri Lanka/1600143171152.jpg,17,17,LK,mixed,sinhala english
1600143235751,Sri Lanka/1600143235751.jpg,9,9,LK,mixed,sinhala english
1600143273435,Sri Lanka/1600143273435.jpg,25,25,LK,mixed,sinhala english
1600143493630,Sri Lanka/1600143493630.jpg,25,25,LK,mixed,sinhala english
1600143535098,Sri Lanka/1600143535098.jpg,9,9,LK,mixed,sinhala english
1600143697886,Sri Lanka/1600143697886.jpg,27,27,LK,mixed,sinhala english
1600143713048,Sri Lanka/1600143713048.jpg,1,1,LK,mixed,sinhala english
1600143783349,Sri Lanka/1600143783349.jpg,19,19,LK,mixed,sinhala english
1600143861764,Sri Lanka/1600143861764.jpg,19,19,LK,mixed,sinhala english
1600144010250,Sri Lanka/1600144010250.jpg,25,25,LK,mixed,sinhala english
1600144262862,Sri Lanka/1600144262862.jpg,25,25,LK,mixed,english|sinhala english
1600144454948,Sri Lanka/1600144454948.jpg,15,15,LK,mixed,sinhala english
1600144708938,Sri Lanka/1600144708938.jpg,27,27,LK,mixed,sinhala tamil english
1600144739466,Sri Lanka/1600144739466.jpg,14,14,LK,mixed,sinhala english
1600144875140,Sri Lanka/1600144875140.jpg,20,20,LK,en_only,english
1600144891472,Sri Lanka/1600144891472.jpg,15,15,LK,mixed,sinhala english
1600144922801,Sri Lanka/1600144922801.jpg,1,1,LK,mixed,sinhala english
1600145046287,Bangladesh/1600145046287.jpg,25,25,BD,en_only,English Not Applicable (NA)
1600145056135,Sri Lanka/1600145056135.jpg,25,25,LK,en_only,english
1600145124314,Sri Lanka/1600145124314.jpg,25,25,LK,mixed,sinhala english
1600145141019,Sri Lanka/1600145141019.jpg,25,25,LK,en_only,english
1600145155893,Sri Lanka/1600145155893.jpg,25,25,LK,en_only,english
1600145171648,Sri Lanka/1600145171648.jpg,25,25,LK,mixed,sinhala english
1600145202730,Sri Lanka/1600145202730.jpg,25,25,LK,en_only,english
1600145431910,Sri Lanka/1600145431910.jpg,13,13,LK,mixed,sinhala english
1600145485533,Sri Lanka/1600145485533.jpg,17,17,LK,mixed,sinhala english
1600145501348,Sri Lanka/1600145501348.jpg,25,25,LK,mixed,sinhala english
1600145630663,Sri Lanka/1600145630663.jpg,25,25,LK,mixed,sinhala english
1600145652277,Sri Lanka/1600145652277.jpg,21,21,LK,mixed,english|sinhala
1600145728290,Sri Lanka/1600145728290.jpg,25,25,LK,en_only,english
1600145811722,Sri Lanka/1600145811722.jpg,25,25,LK,en_only,english
1600145824153,Sri Lanka/1600145824153.jpg,21,21,LK,local_only,sinhala
1600145837513,Sri Lanka/1600145837513.jpg,19,19,LK,na,not_applicable__na
1600146012826,Sri Lanka/1600146012826.jpg,1,1,LK,mixed,sinhala tamil english
1600146028263,Sri Lanka/1600146028263.jpg,20,20,LK,local_only,sinhala
1600146042065,Sri Lanka/1600146042065.jpg,14,14,LK,mixed,sinhala english
1600146055390,Sri Lanka/1600146055390.jpg,14,14,LK,mixed,sinhala english
1600146072298,Sri Lanka/1600146072298.jpg,25,25,LK,local_only,sinhala
1600146092162,Sri Lanka/1600146092162.jpg,25,25,LK,na,not_applicable__na
1600146108667,Sri Lanka/1600146108667.jpg,20,20,LK,local_only,sinhala
1600146127873,Sri Lanka/1600146127873.jpg,13,13,LK,mixed,sinhala english
1600146146169,Sri Lanka/1600146146169.jpg,15,15,LK,en_only,english
1600146184265,Sri Lanka/1600146184265.jpg,20,20,LK,en_only,english
1600146831617,Sri Lanka/1600146831617.jpg,25,25,LK,local_only,sinhala
1600147158464,Sri Lanka/1600147158464.jpg,27,27,LK,local_only,sinhala
1600147635326,Sri Lanka/1600147635326.jpg,25,25,LK,en_only,english
1600147797093,Sri Lanka/1600147797093.jpg,25,25,LK,mixed,sinhala english
1600147814618,Sri Lanka/1600147814618.jpg,1,1,LK,local_only,sinhala
1600147964755,Sri Lanka/1600147964755.jpg,24,24,LK,mixed,sinhala english
1600148114142,Sri Lanka/1600148114142.jpg,1,1,LK,mixed,sinhala tamil english
1600148170125,Sri Lanka/1600148170125.jpg,19,19,LK,mixed,sinhala english
1600148189789,Sri Lanka/1600148189789.jpg,25,25,LK,local_only,sinhala
1600148206642,Sri Lanka/1600148206642.jpg,20,20,LK,mixed,sinhala english
1600148243411,Sri Lanka/1600148243411.jpg,20,20,LK,mixed,sinhala english
1600148259718,Sri Lanka/1600148259718.jpg,25,25,LK,local_only,sinhala
1600148275356,Sri Lanka/1600148275356.jpg,20,20,LK,local_only,sinhala
1600148356555,Sri Lanka/1600148356555.jpg,25,25,LK,mixed,sinhala english
1600148476765,Sri Lanka/1600148476765.jpg,25,25,LK,mixed,sinhala english
1600148491419,Sri Lanka/1600148491419.jpg,20,20,LK,local_only,sinhala
1600148509571,Sri Lanka/1600148509571.jpg,13,13,LK,mixed,sinhala english
1600148672919,Sri Lanka/1600148672919.jpg,25,25,LK,mixed,sinhala english
1600148763568,Sri Lanka/1600148763568.jpg,20,20,LK,en_only,english
1600148775995,Sri Lanka/1600148775995.jpg,20,20,LK,mixed,sinhala english
1600148790025,Sri Lanka/1600148790025.jpg,14,14,LK,mixed,sinhala english
1600148804691,Sri Lanka/1600148804691.jpg,20,20,LK,local_only,sinhala
1600148867079,Sri Lanka/1600148867079.jpg,25,25,LK,mixed,sinhala english
1600148942880,Sri Lanka/1600148942880.jpg,20,20,LK,en_only,english
1600149002738,Sri Lanka/1600149002738.jpg,20,20,LK,local_only,sinhala
1600149016747,Sri Lanka/1600149016747.jpg,17,17,LK,en_only,english
1600149036485,Sri Lanka/1600149036485.jpg,15,15,LK,mixed,sinhala english
1600149089997,Sri Lanka/1600149089997.jpg,25,25,LK,mixed,sinhala english
1600149113543,Sri Lanka/1600149113543.jpg,15,15,LK,local_only,sinhala
1600149140573,Sri Lanka/1600149140573.jpg,25,25,LK,mixed,sinhala english
1600149159100,Sri Lanka/1600149159100.jpg,20,20,LK,mixed,sinhala english
1600149332707,Sri Lanka/1600149332707.jpg,29,29,LK,mixed,sinhala english
1600149344153,Sri Lanka/1600149344153.jpg,20,20,LK,local_only,sinhala
1600149401125,Sri Lanka/1600149401125.jpg,25,25,LK,mixed,english|sinhala
1600149908619,Sri Lanka/1600149908619.jpg,15,15,LK,na,not_applicable__na
1600150388971,Sri Lanka/1600150388971.jpg,15,15,LK,local_only,sinhala
1600150693325,Sri Lanka/1600150693325.jpg,25,25,LK,mixed,sinhala english
1600151040636,Sri Lanka/1600151040636.jpg,20,20,LK,local_only,sinhala
1600151168180,Sri Lanka/1600151168180.jpg,17,17,LK,local_only,sinhala
1600151195729,Sri Lanka/1600151195729.jpg,20,20,LK,mixed,sinhala english
1600151246774,Sri Lanka/1600151246774.jpg,25,25,LK,mixed,sinhala english
1600151941216,Sri Lanka/1600151941216.jpg,17,17,LK,mixed,sinhala english
1600152206885,Sri Lanka/1600152206885.jpg,20,20,LK,mixed,sinhala english
1600152263685,Sri Lanka/1600152263685.jpg,20,20,LK,local_only,sinhala
1600152650755,Sri Lanka/1600152650755.jpg,25,25,LK,mixed,sinhala|sinhala english
1600153251167,Sri Lanka/1600153251167.jpg,20,20,LK,mixed,sinhala english
1600153295590,Sri Lanka/1600153295590.jpg,25,25,LK,mixed,sinhala english
1600153972687,Sri Lanka/1600153972687.jpg,25,25,LK,mixed,sinhala english
1600154432785,Sri Lanka/1600154432785.jpg,19,19,LK,mixed,sinhala english
1600154550571,Sri Lanka/1600154550571.jpg,25,25,LK,mixed,sinhala english
1600154675047,Sri Lanka/1600154675047.jpg,19,19,LK,local_only,sinhala
1600154781013,Sri Lanka/1600154781013.jpg,1,1,LK,local_only,sinhala
1600154811554,Sri Lanka/1600154811554.jpg,20,20,LK,local_only,sinhala
1600154929607,Sri Lanka/1600154929607.jpg,20,20,LK,local_only,sinhala
1600155184768,Sri Lanka/1600155184768.jpg,25,25,LK,local_only,sinhala
1600155205355,Sri Lanka/1600155205355.jpg,20,20,LK,mixed,sinhala english
1600229177047,Sri Lanka/1600229177047.jpg,25,25,LK,en_only,english
1600229191825,Sri Lanka/1600229191825.jpg,20,20,LK,en_only,english
1600229555366,Sri Lanka/1600229555366.jpg,20,20,LK,en_only,english
1600229613415,Sri Lanka/1600229613415.jpg,19,19,LK,local_only,sinhala
1600229632532,Sri Lanka/1600229632532.jpg,20,20,LK,en_only,english
1600229783008,Sri Lanka/1600229783008.jpg,20,20,LK,local_only,sinhala
1600230419522,Sri Lanka/1600230419522.jpg,25,25,LK,local_only,sinhala
1600230487097,Sri Lanka/1600230487097.jpg,25,25,LK,mixed,sinhala|sinhala english
1600230510213,Sri Lanka/1600230510213.jpg,27,27,LK,mixed,sinhala english
1600230528642,Sri Lanka/1600230528642.jpg,15,15,LK,mixed,sinhala english
1600230901332,Sri Lanka/1600230901332.jpg,19,19,LK,local_only,sinhala
1600230928012,Sri Lanka/1600230928012.jpg,15,15,LK,mixed,sinhala english
1600231446359,Sri Lanka/1600231446359.jpg,25,25,LK,local_only,sinhala
1600232881100,Sri Lanka/1600232881100.jpg,1,1,LK,mixed,sinhala tamil english
1600232901955,Sri Lanka/1600232901955.jpg,20,20,LK,na,not_applicable__na
1600233239588,Sri Lanka/1600233239588.jpg,19,19,LK,local_only,sinhala
1600233258596,Sri Lanka/1600233258596.jpg,19,19,LK,local_only,sinhala
1600237174410,Sri Lanka/1600237174410.jpg,25,25,LK,local_only,sinhala
1600237189283,Sri Lanka/1600237189283.jpg,20,20,LK,mixed,sinhala english
1600237204530,Sri Lanka/1600237204530.jpg,20,20,LK,local_only,sinhala
1600237252128,Sri Lanka/1600237252128.jpg,25,25,LK,local_only,sinhala
1600237322951,Sri Lanka/1600237322951.jpg,25,25,LK,local_only,sinhala
1600237327762,Sri Lanka/1600237327762.jpg,17,17,LK,en_only,english
1600237345832,Sri Lanka/1600237345832.jpg,25,25,LK,local_only,sinhala
1600237369765,Sri Lanka/1600237369765.jpg,25,25,LK,local_only,sinhala
1600237603268,Sri Lanka/1600237603268.jpg,25,25,LK,local_only,sinhala
1600237776593,Sri Lanka/1600237776593.jpg,20,20,LK,en_only,english
1600237779935,Sri Lanka/1600237779935.jpg,25,25,LK,local_only,sinhala
1600237792398,Sri Lanka/1600237792398.jpg,25,25,LK,local_only,sinhala
1600237816192,Sri Lanka/1600237816192.jpg,25,25,LK,local_only,sinhala
1600237954818,Sri Lanka/1600237954818.jpg,25,25,LK,local_only,sinhala
1600237961230,Sri Lanka/1600237961230.jpg,25,25,LK,local_only,sinhala
1600238166863,Sri Lanka/1600238166863.jpg,17,17,LK,local_only,sinhala
1600238183576,Sri Lanka/1600238183576.jpg,27,27,LK,local_only,sinhala
1600238190647,Sri Lanka/1600238190647.jpg,25,25,LK,local_only,sinhala
1600238208019,Sri Lanka/1600238208019.jpg,13,13,LK,mixed,sinhala english
1600238253501,Sri Lanka/1600238253501.jpg,19,19,LK,local_only,sinhala
1600238276348,Sri Lanka/1600238276348.jpg,25,25,LK,mixed,sinhala english
1600238500274,Sri Lanka/1600238500274.jpg,20,20,LK,local_only,sinhala
1600238535731,Sri Lanka/1600238535731.jpg,17,17,LK,mixed,sinhala english
1600238928166,Sri Lanka/1600238928166.jpg,14,14,LK,mixed,sinhala english
1600238949500,Sri Lanka/1600238949500.jpg,25,25,LK,mixed,sinhala english
1600238965761,Sri Lanka/1600238965761.jpg,19,19,LK,na,not_applicable__na
1600238980283,Sri Lanka/1600238980283.jpg,25,25,LK,local_only,sinhala
1600238983969,Sri Lanka/1600238983969.jpg,25,25,LK,local_only,sinhala
1600239256470,Sri Lanka/1600239256470.jpg,25,25,LK,mixed,sinhala english
1600401344424,Sri Lanka/1600401344424.jpg,27,27,LK,mixed,sinhala english
1600401480920,Sri Lanka/1600401480920.jpg,19,19,LK,mixed,sinhala english
1600401506092,Sri Lanka/1600401506092.jpg,20,20,LK,mixed,sinhala english
1600401622509,Sri Lanka/1600401622509.jpg,25,25,LK,mixed,sinhala english
1600401652278,Sri Lanka/1600401652278.jpg,15,15,LK,mixed,sinhala english
1600401698733,Sri Lanka/1600401698733.jpg,25,25,LK,en_only,english
1600401715852,Sri Lanka/1600401715852.jpg,20,20,LK,mixed,sinhala english
1600401855705,Sri Lanka/1600401855705.jpg,19,19,LK,mixed,sinhala english
1600402519749,Sri Lanka/1600402519749.jpg,1,1,LK,mixed,sinhala english
1600402596610,Sri Lanka/1600402596610.jpg,14,14,LK,en_only,english
1600402807664,Sri Lanka/1600402807664.jpg,19,19,LK,mixed,sinhala english
1600402839698,Sri Lanka/1600402839698.jpg,20,20,LK,local_only,sinhala
1600403020289,Sri Lanka/1600403020289.jpg,25,25,LK,mixed,sinhala english
1600403137984,Sri Lanka/1600403137984.jpg,15,15,LK,en_only,english
1600403151123,Sri Lanka/1600403151123.jpg,14,14,LK,mixed,sinhala english
1600403153445,Sri Lanka/1600403153445.jpg,21,21,LK,mixed,sinhala english
1600403204500,Sri Lanka/1600403204500.jpg,25,25,LK,mixed,sinhala english
1600403230667,Sri Lanka/1600403230667.jpg,25,25,LK,mixed,sinhala english
1600403251611,Sri Lanka/1600403251611.jpg,5,5,LK,mixed,sinhala english
1600403302715,Sri Lanka/1600403302715.jpg,27,27,LK,mixed,sinhala english
1600403315561,Sri Lanka/1600403315561.jpg,17,17,LK,mixed,sinhala english
1600403497974,Sri Lanka/1600403497974.jpg,14,14,LK,local_only,sinhala
1600403498355,Sri Lanka/1600403498355.jpg,14,14,LK,mixed,sinhala english
1600403511166,Sri Lanka/1600403511166.jpg,21,21,LK,mixed,sinhala english
1600403523785,Sri Lanka/1600403523785.jpg,14,14,LK,mixed,sinhala english
1600403537458,Sri Lanka/1600403537458.jpg,15,15,LK,mixed,sinhala english
1600403759182,Sri Lanka/1600403759182.jpg,25,25,LK,mixed,sinhala english
1600403770481,Sri Lanka/1600403770481.jpg,25,25,LK,en_only,English
1600403792410,Sri Lanka/1600403792410.jpg,17,17,LK,mixed,sinhala english
1600403808370,Sri Lanka/1600403808370.jpg,19,19,LK,en_only,english
1600403836960,Sri Lanka/1600403836960.jpg,25,25,LK,mixed,sinhala english
1600403857088,Sri Lanka/1600403857088.jpg,14,14,LK,mixed,sinhala english
1600403874997,Sri Lanka/1600403874997.jpg,20,20,LK,mixed,sinhala english
1600403894715,Sri Lanka/1600403894715.jpg,25,25,LK,en_only,english
1600404098713,Sri Lanka/1600404098713.jpg,25,25,LK,mixed,sinhala english
1600404110373,Sri Lanka/1600404110373.jpg,14,14,LK,en_only,english
1600404112390,Sri Lanka/1600404112390.jpg,15,15,LK,mixed,sinhala english
1600404137908,Sri Lanka/1600404137908.jpg,19,19,LK,mixed,sinhala english
1600404153809,Sri Lanka/1600404153809.jpg,21,21,LK,mixed,sinhala english
1600404407148,Sri Lanka/1600404407148.jpg,1,1,LK,mixed,sinhala english
1600404503715,Sri Lanka/1600404503715.jpg,29,29,LK,mixed,sinhala english
1600404544508,Sri Lanka/1600404544508.jpg,25,25,LK,mixed,sinhala english
1600404666612,Sri Lanka/1600404666612.jpg,25,25,LK,mixed,sinhala english
1600404666790,Sri Lanka/1600404666790.jpg,14,14,LK,mixed,sinhala english
1600404695611,Sri Lanka/1600404695611.jpg,14,14,LK,en_only,english
1600404981808,Sri Lanka/1600404981808.jpg,29,29,LK,local_only,sinhala tamil
1600404997353,Sri Lanka/1600404997353.jpg,21,21,LK,mixed,sinhala english
1600405013623,Sri Lanka/1600405013623.jpg,14,14,LK,mixed,sinhala english
1600405214971,Sri Lanka/1600405214971.jpg,19,19,LK,mixed,sinhala english
1600405234183,Sri Lanka/1600405234183.jpg,15,15,LK,mixed,sinhala english
1600405460975,Sri Lanka/1600405460975.jpg,27,27,LK,mixed,sinhala english
1600405738169,Sri Lanka/1600405738169.jpg,23,23,LK,mixed,sinhala english
1600405756638,Sri Lanka/1600405756638.jpg,14,14,LK,en_only,english
1600406119741,Sri Lanka/1600406119741.jpg,15,15,LK,mixed,sinhala english
1600406138140,Sri Lanka/1600406138140.jpg,15,15,LK,mixed,sinhala english
1600406272493,Sri Lanka/1600406272493.jpg,15,15,LK,mixed,sinhala english
1600406291321,Sri Lanka/1600406291321.jpg,13,13,LK,en_only,english
1600406492593,Sri Lanka/1600406492593.jpg,20,20,LK,en_only,english
1600406938522,Sri Lanka/1600406938522.jpg,20,20,LK,en_only,english
1600406957133,Sri Lanka/1600406957133.jpg,15,15,LK,mixed,sinhala english
1600406976198,Sri Lanka/1600406976198.jpg,14,14,LK,mixed,sinhala english
1600406998197,Sri Lanka/1600406998197.jpg,14,14,LK,mixed,sinhala english
1600407048019,Sri Lanka/1600407048019.jpg,25,25,LK,en_only,english
1600407065494,Sri Lanka/1600407065494.jpg,19,19,LK,mixed,sinhala english
1600407442493,Sri Lanka/1600407442493.jpg,14,14,LK,mixed,Sinhala English
1600408081248,Sri Lanka/1600408081248.jpg,21,21,LK,mixed,sinhala english
1600408095448,Sri Lanka/1600408095448.jpg,14,14,LK,mixed,sinhala english
1600408124210,Sri Lanka/1600408124210.jpg,17,17,LK,mixed,sinhala english
1600408323923,Sri Lanka/1600408323923.jpg,14,14,LK,mixed,sinhala english
1600408349536,Sri Lanka/1600408349536.jpg,17,17,LK,mixed,sinhala english
1600408385417,Sri Lanka/1600408385417.jpg,20,20,LK,mixed,sinhala english
1600408887455,Sri Lanka/1600408887455.jpg,20,20,LK,mixed,sinhala english
1600408914078,Sri Lanka/1600408914078.jpg,25,25,LK,mixed,sinhala english
1600409110185,Sri Lanka/1600409110185.jpg,20,20,LK,mixed,sinhala english
1600409137963,Sri Lanka/1600409137963.jpg,25,25,LK,local_only,sinhala
1600409168442,Sri Lanka/1600409168442.jpg,21,21,LK,mixed,sinhala english
1600410624920,Sri Lanka/1600410624920.jpg,11,11,LK,en_only,english
1600574917019,Sri Lanka/1600574917019.jpg,21,21,LK,mixed,tamil english
1600575753715,Sri Lanka/1600575753715.jpg,19,19,LK,en_only,english
1600585361415,Sri Lanka/1600585361415.jpg,19,19,LK,mixed,tamil english
1600586436453,Sri Lanka/1600586436453.jpg,19,19,LK,mixed,tamil english
1600586617246,Sri Lanka/1600586617246.jpg,25,25,LK,en_only,english
1600661827457,Sri Lanka/1600661827457.jpg,1,1,LK,mixed,sinhala english
1600662377654,Sri Lanka/1600662377654.jpg,14,14,LK,mixed,sinhala english
1600662393368,Sri Lanka/1600662393368.jpg,15,15,LK,en_only,english
1600662413704,Sri Lanka/1600662413704.jpg,25,25,LK,mixed,sinhala english
1600662450988,Sri Lanka/1600662450988.jpg,25,25,LK,mixed,sinhala english
1600662467340,Sri Lanka/1600662467340.jpg,19,19,LK,mixed,sinhala english
1600662504159,Sri Lanka/1600662504159.jpg,1,1,LK,mixed,sinhala english
1600662945746,Sri Lanka/1600662945746.jpg,25,25,LK,mixed,sinhala english
1600663507991,Sri Lanka/1600663507991.jpg,20,20,LK,mixed,sinhala english
1600663523056,Sri Lanka/1600663523056.jpg,13,13,LK,mixed,sinhala english
1600663544340,Sri Lanka/1600663544340.jpg,25,25,LK,mixed,sinhala english
1600663547397,Sri Lanka/1600663547397.jpg,25,25,LK,mixed,sinhala english
1600663565098,Sri Lanka/1600663565098.jpg,19,19,LK,local_only,sinhala
1600663567614,Sri Lanka/1600663567614.jpg,20,20,LK,mixed,sinhala english
1600663592174,Sri Lanka/1600663592174.jpg,19,19,LK,en_only,english
1600663728884,Sri Lanka/1600663728884.jpg,19,19,LK,mixed,sinhala english
1600663993568,Sri Lanka/1600663993568.jpg,14,14,LK,na,not_applicable__na
1600664019672,Sri Lanka/1600664019672.jpg,15,15,LK,mixed,sinhala english
1600664029289,Sri Lanka/1600664029289.jpg,25,25,LK,na,not_applicable__na
1600664350546,Sri Lanka/1600664350546.jpg,25,25,LK,na,not_applicable__na
1600664375161,Sri Lanka/1600664375161.jpg,25,25,LK,mixed,sinhala english
1600664406763,Sri Lanka/1600664406763.jpg,17,17,LK,mixed,sinhala english
1600664532712,Sri Lanka/1600664532712.jpg,20,20,LK,mixed,sinhala english
1600664679350,Sri Lanka/1600664679350.jpg,14,14,LK,mixed,sinhala english
1600664698042,Sri Lanka/1600664698042.jpg,13,13,LK,en_only,english
1600664858389,Sri Lanka/1600664858389.jpg,25,25,LK,mixed,sinhala english
1600664920470,Sri Lanka/1600664920470.jpg,25,25,LK,mixed,sinhala english
1600664979041,Sri Lanka/1600664979041.jpg,25,25,LK,mixed,Sinhala English
1600665171986,Sri Lanka/1600665171986.jpg,14,14,LK,mixed,sinhala english
1600665228168,Sri Lanka/1600665228168.jpg,25,25,LK,mixed,sinhala english
1600665246336,Sri Lanka/1600665246336.jpg,21,21,LK,mixed,sinhala english
1600665264818,Sri Lanka/1600665264818.jpg,19,19,LK,mixed,sinhala english
1600665597469,Sri Lanka/1600665597469.jpg,14,14,LK,mixed,Sinhala English
1600665623088,Sri Lanka/1600665623088.jpg,25,25,LK,mixed,sinhala english
1600665637931,Sri Lanka/1600665637931.jpg,20,20,LK,mixed,sinhala english
1600666420775,Sri Lanka/1600666420775.jpg,20,20,LK,mixed,sinhala english
1600666462067,Sri Lanka/1600666462067.jpg,25,25,LK,mixed,sinhala english
1600666501996,Sri Lanka/1600666501996.jpg,15,15,LK,en_only,english
1600666656529,Sri Lanka/1600666656529.jpg,20,20,LK,mixed,sinhala english
1600666810402,Sri Lanka/1600666810402.jpg,25,25,LK,mixed,Sinhala English
1600666839083,Sri Lanka/1600666839083.jpg,21,21,LK,mixed,sinhala english
1600666847399,Sri Lanka/1600666847399.jpg,1,1,LK,mixed,sinhala english
1600666892458,Sri Lanka/1600666892458.jpg,15,15,LK,mixed,english|tamil
1600666967331,Sri Lanka/1600666967331.jpg,25,25,LK,mixed,Sinhala English
1600667494906,Sri Lanka/1600667494906.jpg,25,25,LK,mixed,Sinhala English
1600667600547,Sri Lanka/1600667600547.jpg,25,25,LK,en_only,english
1600668030114,Sri Lanka/1600668030114.jpg,17,17,LK,mixed,sinhala english
1600668242413,Sri Lanka/1600668242413.jpg,25,25,LK,mixed,sinhala english
1600668255829,Sri Lanka/1600668255829.jpg,20,20,LK,mixed,sinhala english
1600669124424,Sri Lanka/1600669124424.jpg,14,14,LK,local_only,sinhala
1600669256988,Sri Lanka/1600669256988.jpg,14,14,LK,mixed,sinhala english
1600669276424,Sri Lanka/1600669276424.jpg,25,25,LK,mixed,Sinhala English
1600669314067,Sri Lanka/1600669314067.jpg,25,25,LK,mixed,sinhala english
1600669559956,Sri Lanka/1600669559956.jpg,1,1,LK,mixed,Sinhala English
1600669698483,Sri Lanka/1600669698483.jpg,25,25,LK,mixed,sinhala english
1600669944245,Sri Lanka/1600669944245.jpg,17,17,LK,mixed,sinhala english
1600669944515,Sri Lanka/1600669944515.jpg,14,14,LK,mixed,sinhala english
1600669960782,Sri Lanka/1600669960782.jpg,14,14,LK,mixed,sinhala english
1600669971218,Sri Lanka/1600669971218.jpg,15,15,LK,mixed,sinhala english
1600670051837,Sri Lanka/1600670051837.jpg,25,25,LK,mixed,sinhala english
1600670759297,Sri Lanka/1600670759297.jpg,20,20,LK,mixed,sinhala english
1600747940560,Sri Lanka/1600747940560.jpg,25,25,LK,mixed,sinhala english
1600748458158,Sri Lanka/1600748458158.jpg,25,25,LK,en_only,english
1600749079623,Sri Lanka/1600749079623.jpg,20,20,LK,local_only,sinhala
1600749135927,Sri Lanka/1600749135927.jpg,25,25,LK,mixed,sinhala english
1600749218325,Sri Lanka/1600749218325.jpg,23,23,LK,local_only,tamil
1600749362509,Sri Lanka/1600749362509.jpg,1,1,LK,mixed,sinhala english
1600749365795,Sri Lanka/1600749365795.jpg,25,25,LK,local_only,sinhala
1600749378045,Sri Lanka/1600749378045.jpg,17,17,LK,local_only,sinhala
1600749380232,Sri Lanka/1600749380232.jpg,20,20,LK,local_only,sinhala
1600749527970,Sri Lanka/1600749527970.jpg,25,25,LK,mixed,Sinhala English
1600749591669,Sri Lanka/1600749591669.jpg,20,20,LK,en_only,english
1600749702857,Sri Lanka/1600749702857.jpg,20,20,LK,en_only,english
1600749919480,Sri Lanka/1600749919480.jpg,19,19,LK,mixed,sinhala english
1600749955639,Sri Lanka/1600749955639.jpg,25,25,LK,mixed,Sinhala English
1600750048759,Sri Lanka/1600750048759.jpg,25,25,LK,mixed,sinhala english
1600750066081,Sri Lanka/1600750066081.jpg,20,20,LK,mixed,sinhala english
1600750228135,Sri Lanka/1600750228135.jpg,14,14,LK,mixed,sinhala english
1600750260132,Sri Lanka/1600750260132.jpg,14,14,LK,mixed,sinhala english
1600750532525,Sri Lanka/1600750532525.jpg,25,25,LK,na,not_applicable__na
1600750632729,Sri Lanka/1600750632729.jpg,25,25,LK,mixed,Sinhala English
1600750720398,Sri Lanka/1600750720398.jpg,1,1,LK,mixed,sinhala english
1600750721344,Sri Lanka/1600750721344.jpg,25,25,LK,en_only,english
1600750945557,Sri Lanka/1600750945557.jpg,25,25,LK,mixed,sinhala english
1600750988308,Sri Lanka/1600750988308.jpg,25,25,LK,mixed,sinhala english
1600751028697,Sri Lanka/1600751028697.jpg,20,20,LK,mixed,sinhala english
1600751266633,Sri Lanka/1600751266633.jpg,20,20,LK,mixed,sinhala english
1600751321347,Sri Lanka/1600751321347.jpg,25,25,LK,en_only,english
1600751729014,Sri Lanka/1600751729014.jpg,25,25,LK,mixed,Sinhala English
1600752192180,Sri Lanka/1600752192180.jpg,25,25,LK,mixed,sinhala english
1600752298830,Sri Lanka/1600752298830.jpg,25,25,LK,mixed,sinhala english
1600752299851,Sri Lanka/1600752299851.jpg,19,19,LK,local_only,sinhala
1600752403784,Sri Lanka/1600752403784.jpg,25,25,LK,mixed,sinhala english
1600753064802,Sri Lanka/1600753064802.jpg,19,19,LK,mixed,sinhala english
1600753103056,Sri Lanka/1600753103056.jpg,20,20,LK,mixed,Sinhala English
1600753205770,Sri Lanka/1600753205770.jpg,25,25,LK,mixed,sinhala english
1600753602650,Sri Lanka/1600753602650.jpg,15,15,LK,en_only,english
1600753726161,Sri Lanka/1600753726161.jpg,25,25,LK,mixed,sinhala english
1600753829470,Sri Lanka/1600753829470.jpg,19,19,LK,mixed,tamil english
1600753832612,Sri Lanka/1600753832612.jpg,15,15,LK,local_only,sinhala
1600753849813,Sri Lanka/1600753849813.jpg,25,25,LK,en_only,english
1600753852361,Sri Lanka/1600753852361.jpg,25,25,LK,mixed,sinhala english
1600753854627,Sri Lanka/1600753854627.jpg,14,14,LK,mixed,sinhala english
1600754028676,Sri Lanka/1600754028676.jpg,14,14,LK,mixed,sinhala english
1600754034193,Sri Lanka/1600754034193.jpg,20,20,LK,en_only,english
1600754275594,Sri Lanka/1600754275594.jpg,20,20,LK,en_only,english
1600754366941,Sri Lanka/1600754366941.jpg,29,29,LK,local_only,sinhala
1600754505415,Sri Lanka/1600754505415.jpg,15,15,LK,mixed,tamil english
1600754516064,Sri Lanka/1600754516064.jpg,17,17,LK,mixed,sinhala english
1600754520833,Sri Lanka/1600754520833.jpg,13,13,LK,en_only,english
1600754535434,Sri Lanka/1600754535434.jpg,25,25,LK,mixed,sinhala english
1600754709928,Sri Lanka/1600754709928.jpg,25,25,LK,mixed,sinhala english
1600754723899,Sri Lanka/1600754723899.jpg,25,25,LK,na,not_applicable__na
1600754964608,Sri Lanka/1600754964608.jpg,23,23,LK,en_only,English
1600754994380,Sri Lanka/1600754994380.jpg,14,14,LK,na,not_applicable__na
1600755113294,Sri Lanka/1600755113294.jpg,14,14,LK,local_only,sinhala
1600755113328,Sri Lanka/1600755113328.jpg,20,20,LK,en_only,english
1600755997002,Sri Lanka/1600755997002.jpg,25,25,LK,mixed,Sinhala English
1600756009767,Sri Lanka/1600756009767.jpg,14,14,LK,mixed,Sinhala English
1600756399336,Sri Lanka/1600756399336.jpg,14,14,LK,mixed,Sinhala English
1600758162557,Sri Lanka/1600758162557.jpg,25,25,LK,en_only,english
1600835303325,Sri Lanka/1600835303325.jpg,29,29,LK,local_only,sinhala
1600835657122,Sri Lanka/1600835657122.jpg,25,25,LK,na,not_applicable__na
1600836084308,Sri Lanka/1600836084308.jpg,21,21,LK,en_only,english
1600836091377,Sri Lanka/1600836091377.jpg,20,20,LK,mixed,sinhala english
1600836251498,Sri Lanka/1600836251498.jpg,19,19,LK,mixed,sinhala english
1600836282868,Sri Lanka/1600836282868.jpg,25,25,LK,mixed,sinhala english
1600836367459,Sri Lanka/1600836367459.jpg,27,27,LK,mixed,sinhala english
1600836388621,Sri Lanka/1600836388621.jpg,19,19,LK,en_only,english
1600836584702,Sri Lanka/1600836584702.jpg,14,14,LK,mixed,sinhala english
1600836601522,Sri Lanka/1600836601522.jpg,17,17,LK,mixed,sinhala english
1600836618647,Sri Lanka/1600836618647.jpg,25,25,LK,mixed,sinhala english
1600836789637,Sri Lanka/1600836789637.jpg,25,25,LK,na,not_applicable__na
1600837383669,Sri Lanka/1600837383669.jpg,20,20,LK,mixed,sinhala english
1600837401124,Sri Lanka/1600837401124.jpg,27,27,LK,mixed,sinhala english
1600837413994,Sri Lanka/1600837413994.jpg,13,13,LK,mixed,sinhala english
1600837415366,Sri Lanka/1600837415366.jpg,30,30,LK,mixed,sinhala english
1600837440301,Sri Lanka/1600837440301.jpg,20,20,LK,mixed,english|sinhala
1600837543238,Sri Lanka/1600837543238.jpg,14,14,LK,mixed,sinhala english
1600837558996,Sri Lanka/1600837558996.jpg,17,17,LK,mixed,sinhala english
1600837569158,Sri Lanka/1600837569158.jpg,25,25,LK,mixed,Sinhala English
1600837759331,Sri Lanka/1600837759331.jpg,25,25,LK,mixed,sinhala english
1600837881820,Sri Lanka/1600837881820.jpg,20,20,LK,mixed,sinhala english
1600837903913,Sri Lanka/1600837903913.jpg,20,20,LK,mixed,Sinhala English
1600838183137,Sri Lanka/1600838183137.jpg,19,19,LK,mixed,tamil english
1600838375371,Sri Lanka/1600838375371.jpg,20,20,LK,mixed,Sinhala English
1600838383779,Sri Lanka/1600838383779.jpg,20,20,LK,mixed,sinhala english
1600838393904,Sri Lanka/1600838393904.jpg,15,15,LK,mixed,sinhala english
1600838480996,Sri Lanka/1600838480996.jpg,25,25,LK,mixed,sinhala english
1600838596295,Sri Lanka/1600838596295.jpg,25,25,LK,local_only,sinhala
1600838603637,Sri Lanka/1600838603637.jpg,25,25,LK,mixed,sinhala english
1600838610991,Sri Lanka/1600838610991.jpg,20,20,LK,en_only,english
1600838619014,Sri Lanka/1600838619014.jpg,25,25,LK,en_only,english
1600838840692,Sri Lanka/1600838840692.jpg,19,19,LK,mixed,sinhala english
1600838873067,Sri Lanka/1600838873067.jpg,25,25,LK,en_only,english
1600838879335,Sri Lanka/1600838879335.jpg,25,25,LK,mixed,sinhala english
1600838902501,Sri Lanka/1600838902501.jpg,25,25,LK,mixed,sinhala english
1600839385711,Sri Lanka/1600839385711.jpg,13,13,LK,mixed,sinhala english
1600839706567,Sri Lanka/1600839706567.jpg,14,14,LK,mixed,sinhala english
1600839786653,Sri Lanka/1600839786653.jpg,20,20,LK,en_only,English
1600839821888,Sri Lanka/1600839821888.jpg,15,15,LK,mixed,sinhala english
1600839880186,Sri Lanka/1600839880186.jpg,14,14,LK,mixed,Sinhala English
1600840179182,Sri Lanka/1600840179182.jpg,1,1,LK,local_only,sinhala
1600840381292,Sri Lanka/1600840381292.jpg,25,25,LK,en_only,english
1600840765980,Sri Lanka/1600840765980.jpg,1,1,LK,mixed,Sinhala English
1600841008524,Sri Lanka/1600841008524.jpg,15,15,LK,en_only,english
1600841022597,Sri Lanka/1600841022597.jpg,1,1,LK,mixed,Sinhala Tamil English
1600841037246,Sri Lanka/1600841037246.jpg,25,25,LK,mixed,sinhala english
1600841050109,Sri Lanka/1600841050109.jpg,20,20,LK,en_only,English
1600841165789,Sri Lanka/1600841165789.jpg,1,1,LK,mixed,sinhala english
1600841203161,Sri Lanka/1600841203161.jpg,20,20,LK,en_only,english
1600841483474,Sri Lanka/1600841483474.jpg,19,19,LK,mixed,sinhala english
1600842587807,Sri Lanka/1600842587807.jpg,20,20,LK,en_only,english
1600842804039,Sri Lanka/1600842804039.jpg,19,19,LK,mixed,sinhala english
1600845931014,Sri Lanka/1600845931014.jpg,20,20,LK,mixed,sinhala english
1600846382602,Sri Lanka/1600846382602.jpg,13,13,LK,mixed,sinhala english
1600846398059,Sri Lanka/1600846398059.jpg,14,14,LK,mixed,sinhala english
1600846538904,Sri Lanka/1600846538904.jpg,23,23,LK,mixed,sinhala english
1600847244189,Sri Lanka/1600847244189.jpg,25,25,LK,mixed,sinhala english
1600847829818,Sri Lanka/1600847829818.jpg,20,20,LK,mixed,sinhala english
1601032599961,Sri Lanka/1601032599961.jpg,25,25,LK,mixed,tamil english
1601032683693,Sri Lanka/1601032683693.jpg,19,19,LK,en_only,english
1601035604213,Sri Lanka/1601035604213.jpg,19,19,LK,mixed,tamil english
1601035630776,Sri Lanka/1601035630776.jpg,19,19,LK,en_only,english
1601347132202,Sri Lanka/1601347132202.jpg,19,19,LK,mixed,tamil english
1601349051479,Sri Lanka/1601349051479.jpg,14,14,LK,mixed,tamil english
1601349072735,Sri Lanka/1601349072735.jpg,19,19,LK,en_only,english
1601349090813,Sri Lanka/1601349090813.jpg,25,25,LK,mixed,tamil english
1601349121079,Sri Lanka/1601349121079.jpg,21,21,LK,mixed,tamil english
1601349147529,Sri Lanka/1601349147529.jpg,14,14,LK,mixed,tamil english
1601349180962,Sri Lanka/1601349180962.jpg,21,21,LK,mixed,tamil english
1601349210962,Sri Lanka/1601349210962.jpg,19,19,LK,mixed,sinhala tamil english
1601349231505,Sri Lanka/1601349231505.jpg,21,21,LK,mixed,tamil english
1601349263042,Sri Lanka/1601349263042.jpg,17,17,LK,mixed,tamil english
1601349293687,Sri Lanka/1601349293687.jpg,25,25,LK,mixed,tamil english
1601349334367,Sri Lanka/1601349334367.jpg,25,25,LK,mixed,tamil english
1601356145906,Sri Lanka/1601356145906.jpg,20,20,LK,en_only,english
1601360075208,Sri Lanka/1601360075208.jpg,14,14,LK,mixed,tamil english
1601360108435,Sri Lanka/1601360108435.jpg,14,14,LK,mixed,tamil english
1601360149000,Sri Lanka/1601360149000.jpg,19,19,LK,mixed,tamil english
1601360406544,Sri Lanka/1601360406544.jpg,19,19,LK,mixed,sinhala tamil english
1601360470159,Sri Lanka/1601360470159.jpg,14,14,LK,mixed,tamil english
1601360498545,Sri Lanka/1601360498545.jpg,14,14,LK,mixed,tamil english
1601463431124,Sri Lanka/1601463431124.jpg,14,14,LK,mixed,tamil english
1601463458985,Sri Lanka/1601463458985.jpg,21,21,LK,mixed,sinhala english
1601464273204,Sri Lanka/1601464273204.jpg,17,17,LK,mixed,tamil english
1601464294796,Sri Lanka/1601464294796.jpg,17,17,LK,mixed,tamil english
1601464331941,Sri Lanka/1601464331941.jpg,25,25,LK,mixed,sinhala english
1601464848773,Sri Lanka/1601464848773.jpg,14,14,LK,mixed,tamil english
1601464870159,Sri Lanka/1601464870159.jpg,25,25,LK,en_only,english
1601464890520,Sri Lanka/1601464890520.jpg,25,25,LK,mixed,tamil english
1601464932978,Sri Lanka/1601464932978.jpg,20,20,LK,en_only,english
1601464965735,Sri Lanka/1601464965735.jpg,20,20,LK,en_only,english
1601465006800,Sri Lanka/1601465006800.jpg,25,25,LK,mixed,tamil english
1601465031167,Sri Lanka/1601465031167.jpg,25,25,LK,mixed,tamil english
1601465274326,Sri Lanka/1601465274326.jpg,25,25,LK,mixed,tamil english
1601465308312,Sri Lanka/1601465308312.jpg,19,19,LK,en_only,english
1601465899825,Sri Lanka/1601465899825.jpg,21,21,LK,mixed,tamil english
1601466061086,Sri Lanka/1601466061086.jpg,21,21,LK,mixed,sinhala english
1601466130357,Sri Lanka/1601466130357.jpg,20,20,LK,mixed,tamil english
1601466977316,Sri Lanka/1601466977316.jpg,25,25,LK,mixed,english|sinhala|tamil
1601639350437,Sri Lanka/1601639350437.jpg,21,21,LK,mixed,tamil english
1601639367601,Sri Lanka/1601639367601.jpg,21,21,LK,mixed,sinhala english
1601639387983,Sri Lanka/1601639387983.jpg,17,17,LK,en_only,english
1601639403510,Sri Lanka/1601639403510.jpg,25,25,LK,mixed,tamil english
1601639420215,Sri Lanka/1601639420215.jpg,19,19,LK,mixed,tamil english
1601639458360,Sri Lanka/1601639458360.jpg,25,25,LK,mixed,tamil english
1601640194322,Sri Lanka/1601640194322.jpg,25,25,LK,mixed,tamil english
1601640252461,Sri Lanka/1601640252461.jpg,25,25,LK,mixed,tamil english
1601640290713,Sri Lanka/1601640290713.jpg,14,14,LK,mixed,tamil english
1604031610960,India/1604031610960.jpg,5,5,IN,en_only,English
1604031675571,India/1604031675571.jpg,17,17,IN,en_only,English
1604032299992,India/1604032299992.jpg,29,29,IN,en_only,English
1604032891237,India/1604032891237.jpg,5,5,IN,en_only,English
1604032954008,India/1604032954008.jpg,29,29,IN,en_only,English Not Applicable (NA)
1604032990406,India/1604032990406.jpg,27,27,IN,en_only,English Not Applicable (NA)
1604033230020,India/1604033230020.jpg,19,19,IN,en_only,English
1604033882513,India/1604033882513.jpg,1,1,IN,en_only,English
1604033959979,India/1604033959979.jpg,19,19,IN,en_only,English
1604033987448,India/1604033987448.jpg,20,20,IN,en_only,English
1604035974273,India/1604035974273.jpg,14,14,IN,en_only,English
1604036244533,India/1604036244533.jpg,1,1,IN,en_only,English
1604036260779,India/1604036260779.jpg,19,19,IN,na,Not Applicable (NA)
1604036300097,India/1604036300097.jpg,4,4,IN,na,Not Applicable (NA)
1604036330025,India/1604036330025.jpg,3,3,IN,en_only,English
1604036543179,India/1604036543179.jpg,34,34,IN,en_only,English
1604036572707,India/1604036572707.jpg,17,17,IN,en_only,English
1604036729860,India/1604036729860.jpg,27,27,IN,en_only,English
1604036900512,India/1604036900512.jpg,5,5,IN,en_only,English
1604037188042,India/1604037188042.jpg,29,29,IN,en_only,English Not Applicable (NA)
1604037328071,India/1604037328071.jpg,25,25,IN,en_only,English Not Applicable (NA)
1604037584920,India/1604037584920.jpg,34,34,IN,na,Not Applicable (NA)
1604037609232,India/1604037609232.jpg,34,34,IN,na,Not Applicable (NA)
1604037687833,India/1604037687833.jpg,17,17,IN,en_only,English
1604037709876,India/1604037709876.jpg,23,23,IN,en_only,English
1604037738623,India/1604037738623.jpg,1,1,IN,en_only,English
1604037841292,India/1604037841292.jpg,1,1,IN,en_only,English
1604039043560,India/1604039043560.jpg,16,16,IN,en_only,English
1604041314627,India/1604041314627.jpg,25,25,IN,na,Not Applicable (NA)
1604042117022,India/1604042117022.jpg,29,29,IN,en_only,English Not Applicable (NA)
1604043718532,India/1604043718532.jpg,20,20,IN,en_only,English
1604117974505,India/1604117974505.jpg,21,21,IN,en_only,English
1604118169374,India/1604118169374.jpg,1,1,IN,en_only,English
1604118182238,India/1604118182238.jpg,27,27,IN,en_only,English Not Applicable (NA)
1604118847994,India/1604118847994.jpg,17,17,IN,en_only,English
1604119224931,India/1604119224931.jpg,19,19,IN,en_only,English
1604119245979,India/1604119245979.jpg,18,18,IN,en_only,English
1604119264848,India/1604119264848.jpg,1,1,IN,en_only,English
1604119606863,India/1604119606863.jpg,19,19,IN,en_only,English
1604119829417,India/1604119829417.jpg,1,1,IN,en_only,English
1604119838722,India/1604119838722.jpg,25,25,IN,na,Not Applicable (NA)
1604119868915,India/1604119868915.jpg,1,1,IN,en_only,English Not Applicable (NA)
1604119887207,India/1604119887207.jpg,14,14,IN,en_only,English
1604119899456,India/1604119899456.jpg,14,14,IN,en_only,English
1604120039352,India/1604120039352.jpg,29,29,IN,en_only,English
1604120056051,India/1604120056051.jpg,17,17,IN,en_only,English Not Applicable (NA)
1604121896512,India/1604121896512.jpg,14,14,IN,en_only,English
1604121922714,India/1604121922714.jpg,14,14,IN,en_only,English
1604122185991,India/1604122185991.jpg,1,1,IN,en_only,English
1604122221294,India/1604122221294.jpg,17,17,IN,en_only,English
1604122639996,India/1604122639996.jpg,32,22,IN,en_only,English
1604123032895,India/1604123032895.jpg,34,34,IN,na,Not Applicable (NA)
1604123107197,India/1604123107197.jpg,27,27,IN,en_only,English
1604123533912,India/1604123533912.jpg,20,20,IN,en_only,English
1604123667551,India/1604123667551.jpg,21,21,IN,en_only,English Not Applicable (NA)
1604123684054,India/1604123684054.jpg,21,21,IN,en_only,English|English Not Applicable (NA)
1604123770328,India/1604123770328.jpg,1,1,IN,en_only,English
1604124013288,India/1604124013288.jpg,9,9,IN,en_only,English Not Applicable (NA)
1604124025147,India/1604124025147.jpg,9,9,IN,en_only,English Not Applicable (NA)
1604124287759,India/1604124287759.jpg,9,9,IN,en_only,English Not Applicable (NA)
1604124325960,India/1604124325960.jpg,14,14,IN,en_only,English
1604124339130,India/1604124339130.jpg,14,14,IN,en_only,English
1604124353202,India/1604124353202.jpg,17,17,IN,en_only,English
1604124696704,India/1604124696704.jpg,25,25,IN,en_only,English
1604126216541,India/1604126216541.jpg,9,9,IN,en_only,English Not Applicable (NA)
1604126395613,India/1604126395613.jpg,7,7,IN,en_only,English Not Applicable (NA)
1604126463346,India/1604126463346.jpg,1,1,IN,en_only,English
1604127292022,India/1604127292022.jpg,25,25,IN,na,Not Applicable (NA)
1604127874167,India/1604127874167.jpg,17,17,IN,na,Not Applicable (NA)
1604128322443,India/1604128322443.jpg,32,22,IN,na,Not Applicable (NA)
1604137816198,India/1604137816198.jpg,34,34,IN,na,Not Applicable (NA)
1604141616954,India/1604141616954.jpg,34,34,IN,en_only,English
1604487681243,India/1604487681243.jpg,17,17,IN,en_only,English
1604554935392,India/1604554935392.jpg,9,9,IN,en_only,English
1604555017946,India/1604555017946.jpg,19,19,IN,en_only,English
1604555030395,India/1604555030395.jpg,23,23,IN,na,Not Applicable (NA)
1604555264458,India/1604555264458.jpg,34,34,IN,na,Not Applicable (NA)
1604555304141,India/1604555304141.jpg,34,34,IN,na,Not Applicable (NA)
1604555643383,India/1604555643383.jpg,14,14,IN,en_only,English Not Applicable (NA)
1604555709066,India/1604555709066.jpg,24,24,IN,en_only,English Not Applicable (NA)
1604555743274,India/1604555743274.jpg,17,17,IN,en_only,English
1604555929667,India/1604555929667.jpg,1,1,IN,en_only,English Not Applicable (NA)
1604556219684,India/1604556219684.jpg,17,17,IN,na,Not Applicable (NA)
1604556893034,India/1604556893034.jpg,1,1,IN,en_only,English
1604557402523,India/1604557402523.jpg,1,1,IN,en_only,English
1604557427143,India/1604557427143.jpg,17,17,IN,en_only,English
1604557596389,India/1604557596389.jpg,25,25,IN,na,Not Applicable (NA)
1604557620493,India/1604557620493.jpg,25,25,IN,na,Not Applicable (NA)
1604557647644,India/1604557647644.jpg,19,19,IN,na,Not Applicable (NA)
1604557783972,India/1604557783972.jpg,27,27,IN,na,Not Applicable (NA)
1604558755406,India/1604558755406.jpg,17,17,IN,en_only,English
1604559739751,India/1604559739751.jpg,1,1,IN,en_only,English
1604560204937,India/1604560204937.jpg,19,19,IN,en_only,English
1604561486028,India/1604561486028.jpg,18,18,IN,en_only,English
1604561847540,India/1604561847540.jpg,27,27,IN,en_only,English
1604561872056,India/1604561872056.jpg,1,1,IN,en_only,English
1604638506958,India/1604638506958.jpg,21,21,IN,en_only,English
1604639483327,India/1604639483327.jpg,13,13,IN,en_only,English
1604639501900,India/1604639501900.jpg,13,13,IN,en_only,English
1604639917384,India/1604639917384.jpg,1,1,IN,en_only,English
1604639938130,India/1604639938130.jpg,24,24,IN,en_only,English
1604640232906,India/1604640232906.jpg,27,27,IN,en_only,English
1605175396298,India/1605175396298.jpg,34,34,IN,na,Not Applicable (NA)
1605176986883,India/1605176986883.jpg,14,14,IN,na,Not Applicable (NA)
1605339437174,Bangladesh/1605339437174.jpg,20,20,BD,en_only,English
1605340479083,Bangladesh/1605340479083.jpg,20,20,BD,en_only,English
1605407592848,Bangladesh/1605407592848.jpg,20,20,BD,en_only,English
1605495602728,Bangladesh/1605495602728.jpg,18,18,BD,en_only,English Not Applicable (NA)
1605507870697,Bangladesh/1605507870697.jpg,34,34,BD,na,Not Applicable (NA)
1605695564406,India/1605695564406.jpg,21,21,IN,na,Not Applicable (NA)
1605762125170,Bangladesh/1605762125170.jpg,20,20,BD,en_only,English
1606103776391,Bangladesh/1606103776391.jpg,20,20,BD,en_only,English
1606300092755,India/1606300092755.jpg,18,18,IN,en_only,English
1606300122580,India/1606300122580.jpg,25,25,IN,na,Not Applicable (NA)
1606300211569,India/1606300211569.jpg,19,19,IN,na,Not Applicable (NA)
1606543912757,Bangladesh/1606543912757.jpg,11,11,BD,en_only,English
1606547121659,Bangladesh/1606547121659.jpg,20,20,BD,en_only,English
1606709682038,Bangladesh/1606709682038.jpg,20,20,BD,na,Not Applicable (NA)
1606715410710,Bangladesh/1606715410710.jpg,20,20,BD,en_only,English
1606715550462,India/1606715550462.jpg,19,19,IN,na,Not Applicable (NA)
1606715640522,India/1606715640522.jpg,1,1,IN,en_only,English
1606715655838,India/1606715655838.jpg,13,13,IN,en_only,English Not Applicable (NA)
1606716062181,India/1606716062181.jpg,20,20,IN,en_only,English
1606717020968,Bangladesh/1606717020968.jpg,20,20,BD,en_only,English Not Applicable (NA)
1606717619258,India/1606717619258.jpg,29,29,IN,en_only,English
1606717652088,India/1606717652088.jpg,19,19,IN,en_only,English
1606717700260,India/1606717700260.jpg,21,21,IN,en_only,English
1606717719933,India/1606717719933.jpg,1,1,IN,en_only,English
1606717737550,India/1606717737550.jpg,19,19,IN,na,Not Applicable (NA)
1606718442480,India/1606718442480.jpg,21,21,IN,en_only,English
1606718518727,India/1606718518727.jpg,27,27,IN,na,Not Applicable (NA)
1606718623321,India/1606718623321.jpg,19,19,IN,en_only,English
1606719014644,India/1606719014644.jpg,21,21,IN,en_only,English
1606719606938,India/1606719606938.jpg,29,29,IN,en_only,English
1606719636881,India/1606719636881.jpg,1,1,IN,en_only,English
1606796810115,Bangladesh/1606796810115.jpg,20,20,BD,na,Not Applicable (NA)
1606801506954,Bangladesh/1606801506954.jpg,20,20,BD,en_only,English
1606979869424,Bangladesh/1606979869424.jpg,20,20,BD,en_only,English
1607140557530,Bangladesh/1607140557530.jpg,20,20,BD,en_only,English
1607144104452,Bangladesh/1607144104452.jpg,20,20,BD,na,Not Applicable (NA)
1607225834609,Bangladesh/1607225834609.jpg,20,20,BD,en_only,English
1607229110426,Bangladesh/1607229110426.jpg,20,20,BD,na,Not Applicable (NA)
1607312735685,Bangladesh/1607312735685.jpg,14,14,BD,en_only,English Not Applicable (NA)
1607401895286,Bangladesh/1607401895286.jpg,14,14,BD,na,Not Applicable (NA)
1607405617876,Bangladesh/1607405617876.jpg,18,18,BD,en_only,English
1607406748690,Bangladesh/1607406748690.jpg,11,11,BD,en_only,English Not Applicable (NA)
1607421566506,Bangladesh/1607421566506.jpg,18,18,BD,en_only,English Not Applicable (NA)
1607422635359,Bangladesh/1607422635359.jpg,20,20,BD,na,Not Applicable (NA)
1607485973827,Bangladesh/1607485973827.jpg,25,25,BD,en_only,English
1607490044199,Bangladesh/1607490044199.jpg,11,11,BD,en_only,English Not Applicable (NA)
1607490494218,Bangladesh/1607490494218.jpg,34,34,BD,na,Not Applicable (NA)
1607491637809,Bangladesh/1607491637809.jpg,34,34,BD,na,Not Applicable (NA)
1607494017242,Bangladesh/1607494017242.jpg,20,20,BD,na,Not Applicable (NA)
1607495023750,Bangladesh/1607495023750.jpg,20,20,BD,en_only,English
1607495617222,Bangladesh/1607495617222.jpg,25,25,BD,na,Not Applicable (NA)
1607572067644,Bangladesh/1607572067644.jpg,19,19,BD,na,Not Applicable (NA)
1607572255132,Bangladesh/1607572255132.jpg,13,13,BD,na,Not Applicable (NA)
1607579491127,Bangladesh/1607579491127.jpg,25,25,BD,en_only,English
1607580583959,Bangladesh/1607580583959.jpg,25,25,BD,en_only,English Not Applicable (NA)
1607588084567,Bangladesh/1607588084567.jpg,25,25,BD,na,Not Applicable (NA)
1607654736270,Bangladesh/1607654736270.jpg,32,32,BD,na,Not Applicable (NA)
1607658023254,Bangladesh/1607658023254.jpg,13,13,BD,na,Not Applicable (NA)
1607659524480,Bangladesh/1607659524480.jpg,18,18,BD,en_only,English Not Applicable (NA)
1607660040975,Bangladesh/1607660040975.jpg,14,14,BD,en_only,English Not Applicable (NA)
1607660454311,Bangladesh/1607660454311.jpg,25,25,BD,en_only,English
1607744372903,Bangladesh/1607744372903.jpg,32,32,BD,na,Not Applicable (NA)
1607745099291,Bangladesh/1607745099291.jpg,32,32,BD,en_only,English
1607745921161,Bangladesh/1607745921161.jpg,28,28,BD,en_only,English Not Applicable (NA)
1607753906622,Bangladesh/1607753906622.jpg,18,18,BD,en_only,English Not Applicable (NA)
1607832706745,Bangladesh/1607832706745.jpg,25,25,BD,en_only,English Not Applicable (NA)
1607833018720,Bangladesh/1607833018720.jpg,18,18,BD,en_only,English Not Applicable (NA)
1607834217517,Bangladesh/1607834217517.jpg,20,20,BD,en_only,English
1607838019655,Bangladesh/1607838019655.jpg,25,25,BD,na,Not Applicable (NA)
1607919439751,Bangladesh/1607919439751.jpg,13,13,BD,na,Not Applicable (NA)
1607919902834,Bangladesh/1607919902834.jpg,24,24,BD,na,Not Applicable (NA)
1607920877146,Bangladesh/1607920877146.jpg,17,17,BD,na,Not Applicable (NA)
1607921120356,Bangladesh/1607921120356.jpg,13,13,BD,na,Not Applicable (NA)
1607922585404,Bangladesh/1607922585404.jpg,20,20,BD,en_only,English
1607924399507,Bangladesh/1607924399507.jpg,20,20,BD,en_only,English
1607926386121,Bangladesh/1607926386121.jpg,13,13,BD,na,Not Applicable (NA)
1607926683979,Bangladesh/1607926683979.jpg,14,14,BD,na,Not Applicable (NA)
1608005807452,Bangladesh/1608005807452.jpg,13,13,BD,na,Not Applicable (NA)
1608008923697,Bangladesh/1608008923697.jpg,11,11,BD,en_only,English Not Applicable (NA)
1608009276156,Bangladesh/1608009276156.jpg,13,13,BD,na,Not Applicable (NA)
1608009596338,Bangladesh/1608009596338.jpg,14,14,BD,en_only,English Not Applicable (NA)
1611642549013,Bangladesh/1611642549013.jpg,34,34,BD,na,Not Applicable (NA)
1611986576182,Bangladesh/1611986576182.jpg,20,20,BD,na,Not Applicable (NA)
1613445654387,Sri Lanka/1613445654387.jpg,20,20,LK,en_only,english
1613447292633,Sri Lanka/1613447292633.jpg,25,25,LK,en_only,english
1613447402323,Sri Lanka/1613447402323.jpg,19,19,LK,local_only,tamil
1613447402582,Sri Lanka/1613447402582.jpg,14,14,LK,mixed,tamil english
1613447427799,Sri Lanka/1613447427799.jpg,29,29,LK,mixed,tamil english
1613447428904,Sri Lanka/1613447428904.jpg,1,1,LK,mixed,tamil english
1613447433435,Sri Lanka/1613447433435.jpg,25,25,LK,mixed,tamil english
1613447451669,Sri Lanka/1613447451669.jpg,19,19,LK,mixed,tamil english
1613447479056,Sri Lanka/1613447479056.jpg,21,21,LK,mixed,tamil english
1613447489774,Sri Lanka/1613447489774.jpg,19,19,LK,mixed,tamil english
1613447506529,Sri Lanka/1613447506529.jpg,25,25,LK,mixed,tamil english
1613447561637,Sri Lanka/1613447561637.jpg,13,13,LK,en_only,english
1613447567880,Sri Lanka/1613447567880.jpg,25,25,LK,mixed,sinhala english
1613447602232,Sri Lanka/1613447602232.jpg,1,1,LK,mixed,tamil english
1613447606534,Sri Lanka/1613447606534.jpg,11,11,LK,mixed,tamil english
1613447697266,Sri Lanka/1613447697266.jpg,15,15,LK,local_only,tamil
1613447725876,Sri Lanka/1613447725876.jpg,13,13,LK,mixed,tamil english
1613447813697,Sri Lanka/1613447813697.jpg,25,25,LK,mixed,tamil english
1613447830147,Sri Lanka/1613447830147.jpg,11,11,LK,mixed,tamil english
1613447838575,Sri Lanka/1613447838575.jpg,21,21,LK,mixed,tamil english
1613447872022,Sri Lanka/1613447872022.jpg,29,29,LK,local_only,tamil
1613447877042,Sri Lanka/1613447877042.jpg,19,19,LK,en_only,english
1613448009725,Sri Lanka/1613448009725.jpg,14,14,LK,mixed,tamil english
1613448052345,Sri Lanka/1613448052345.jpg,1,1,LK,mixed,tamil english
1613448080413,Sri Lanka/1613448080413.jpg,14,14,LK,mixed,tamil english
1613448123588,Sri Lanka/1613448123588.jpg,25,25,LK,en_only,english
1613448138007,Sri Lanka/1613448138007.jpg,1,1,LK,mixed,tamil english
1613448336875,Sri Lanka/1613448336875.jpg,20,20,LK,mixed,tamil english
1613448355289,Sri Lanka/1613448355289.jpg,19,19,LK,local_only,tamil
1613448434676,Sri Lanka/1613448434676.jpg,19,19,LK,mixed,tamil english
1613448460483,Sri Lanka/1613448460483.jpg,15,15,LK,mixed,tamil english
1613448476570,Sri Lanka/1613448476570.jpg,15,15,LK,mixed,tamil english
1613448610377,Sri Lanka/1613448610377.jpg,25,25,LK,mixed,tamil english
1613448663874,Sri Lanka/1613448663874.jpg,27,27,LK,local_only,tamil
1613448681000,Sri Lanka/1613448681000.jpg,19,19,LK,mixed,tamil english
1613448725478,Sri Lanka/1613448725478.jpg,1,1,LK,mixed,tamil english
1613449092816,Sri Lanka/1613449092816.jpg,21,21,LK,mixed,tamil english
1613449094921,Sri Lanka/1613449094921.jpg,17,17,LK,en_only,english
1613449112418,Sri Lanka/1613449112418.jpg,14,14,LK,mixed,tamil english
1613449141803,Sri Lanka/1613449141803.jpg,14,14,LK,mixed,tamil english
1613449168427,Sri Lanka/1613449168427.jpg,14,14,LK,mixed,tamil english
1613449227149,Sri Lanka/1613449227149.jpg,25,25,LK,mixed,sinhala english
1613449275616,Sri Lanka/1613449275616.jpg,25,25,LK,en_only,english
1613449309485,Sri Lanka/1613449309485.jpg,15,15,LK,mixed,tamil english
1613449339632,Sri Lanka/1613449339632.jpg,29,29,LK,mixed,sinhala english
1613449373054,Sri Lanka/1613449373054.jpg,25,25,LK,mixed,tamil english
1613449575686,Sri Lanka/1613449575686.jpg,25,25,LK,en_only,english
1613449598311,Sri Lanka/1613449598311.jpg,25,25,LK,mixed,sinhala english
1613449640052,Sri Lanka/1613449640052.jpg,13,13,LK,mixed,sinhala english
1613449650455,Sri Lanka/1613449650455.jpg,21,21,LK,mixed,tamil english
1613450140919,Sri Lanka/1613450140919.jpg,25,25,LK,mixed,sinhala english
1613450235886,Sri Lanka/1613450235886.jpg,7,7,LK,mixed,tamil english
1613450325113,Sri Lanka/1613450325113.jpg,19,19,LK,en_only,english
1613450456547,Sri Lanka/1613450456547.jpg,1,1,LK,mixed,tamil english
1613450481421,Sri Lanka/1613450481421.jpg,25,25,LK,mixed,sinhala english
1613450565730,Sri Lanka/1613450565730.jpg,25,25,LK,mixed,sinhala english
1613450729813,Sri Lanka/1613450729813.jpg,25,25,LK,en_only,english
1613450944910,Sri Lanka/1613450944910.jpg,1,1,LK,mixed,tamil english
1613451503209,Sri Lanka/1613451503209.jpg,25,25,LK,mixed,tamil english
1613451646303,Sri Lanka/1613451646303.jpg,1,1,LK,mixed,tamil english
1613452537838,Sri Lanka/1613452537838.jpg,25,25,LK,mixed,tamil english
1613452864703,Sri Lanka/1613452864703.jpg,15,15,LK,local_only,tamil
1613452895459,Sri Lanka/1613452895459.jpg,25,25,LK,mixed,tamil english
1613452927101,Sri Lanka/1613452927101.jpg,27,27,LK,local_only,tamil
1613455204030,Sri Lanka/1613455204030.jpg,25,25,LK,en_only,english
1613456942433,Sri Lanka/1613456942433.jpg,21,21,LK,mixed,tamil english
1613456960846,Sri Lanka/1613456960846.jpg,19,19,LK,mixed,tamil english
1613457014953,Sri Lanka/1613457014953.jpg,20,20,LK,en_only,english
1613457017757,Sri Lanka/1613457017757.jpg,21,21,LK,mixed,tamil english
1613457045009,Sri Lanka/1613457045009.jpg,20,20,LK,mixed,sinhala english
1613457050643,Sri Lanka/1613457050643.jpg,29,29,LK,en_only,english
1613457082520,Sri Lanka/1613457082520.jpg,21,21,LK,mixed,tamil english
1613457104811,Sri Lanka/1613457104811.jpg,1,1,LK,mixed,tamil english
1613457110864,Sri Lanka/1613457110864.jpg,19,19,LK,local_only,tamil
1613457141154,Sri Lanka/1613457141154.jpg,25,25,LK,mixed,sinhala english
1613457215658,Sri Lanka/1613457215658.jpg,25,25,LK,local_only,tamil
1613457248895,Sri Lanka/1613457248895.jpg,20,20,LK,mixed,tamil english
1613457273054,Sri Lanka/1613457273054.jpg,19,19,LK,mixed,tamil english
1613457660655,Sri Lanka/1613457660655.jpg,14,14,LK,mixed,Tamil English
1613457770120,Sri Lanka/1613457770120.jpg,14,14,LK,mixed,Tamil English
1613458254851,Sri Lanka/1613458254851.jpg,14,14,LK,mixed,Tamil English
1613458276536,Sri Lanka/1613458276536.jpg,9,9,LK,mixed,Tamil English
1613458321847,Sri Lanka/1613458321847.jpg,29,29,LK,mixed,Tamil English
1613458358290,Sri Lanka/1613458358290.jpg,25,25,LK,mixed,Tamil English
1613459056936,Sri Lanka/1613459056936.jpg,20,20,LK,mixed,Tamil English
1613459487461,Sri Lanka/1613459487461.jpg,29,29,LK,local_only,Sinhala
1613459511647,Sri Lanka/1613459511647.jpg,25,25,LK,en_only,English
1613459551260,Sri Lanka/1613459551260.jpg,1,1,LK,mixed,Tamil English
1613459607415,Sri Lanka/1613459607415.jpg,14,14,LK,mixed,Tamil English
1613459628703,Sri Lanka/1613459628703.jpg,14,14,LK,mixed,Tamil English
1613459651687,Sri Lanka/1613459651687.jpg,17,17,LK,mixed,Sinhala English
1613459678281,Sri Lanka/1613459678281.jpg,17,17,LK,mixed,Tamil English
1613459718645,Sri Lanka/1613459718645.jpg,1,1,LK,mixed,Sinhala English
1614486485788,Sri Lanka/1614486485788.jpg,14,14,LK,mixed,Sinhala English
1614486507604,Sri Lanka/1614486507604.jpg,29,29,LK,mixed,Sinhala Tamil English
1614486606272,Sri Lanka/1614486606272.jpg,21,21,LK,mixed,Sinhala English
1614489479068,Sri Lanka/1614489479068.jpg,29,29,LK,local_only,Sinhala
1614489785297,Sri Lanka/1614489785297.jpg,29,29,LK,mixed,Sinhala English
1614489802805,Sri Lanka/1614489802805.jpg,14,14,LK,mixed,Sinhala Tamil English
1614493004515,Sri Lanka/1614493004515.jpg,14,14,LK,mixed,Sinhala English
1614493043715,Sri Lanka/1614493043715.jpg,20,20,LK,en_only,English
1614495395622,Sri Lanka/1614495395622.jpg,25,25,LK,mixed,Tamil English
1614835261009,Sri Lanka/1614835261009.jpg,20,20,LK,en_only,English
1614848659820,Sri Lanka/1614848659820.jpg,14,14,LK,mixed,Sinhala English
1615607764155,Sri Lanka/1615607764155.jpg,9,9,LK,mixed,Sinhala Tamil English
1615607784265,Sri Lanka/1615607784265.jpg,29,29,LK,local_only,Sinhala Tamil
1615607956716,Sri Lanka/1615607956716.jpg,29,29,LK,local_only,Sinhala
1615608022969,Sri Lanka/1615608022969.jpg,27,27,LK,local_only,Tamil
1615608054499,Sri Lanka/1615608054499.jpg,14,14,LK,mixed,Tamil English
1615608056760,Sri Lanka/1615608056760.jpg,25,25,LK,mixed,Tamil English
1615608067677,Sri Lanka/1615608067677.jpg,13,13,LK,local_only,Tamil
1615608094243,Sri Lanka/1615608094243.jpg,29,29,LK,local_only,Sinhala
1615608111684,Sri Lanka/1615608111684.jpg,9,9,LK,mixed,Sinhala Tamil English
1615608118069,Sri Lanka/1615608118069.jpg,17,17,LK,mixed,Sinhala Tamil English
1615608142551,Sri Lanka/1615608142551.jpg,25,25,LK,en_only,English
1615608145693,Sri Lanka/1615608145693.jpg,25,25,LK,mixed,Tamil English
1615608163323,Sri Lanka/1615608163323.jpg,25,25,LK,mixed,Tamil English
1615608176912,Sri Lanka/1615608176912.jpg,21,21,LK,mixed,Sinhala English
1615608325811,Sri Lanka/1615608325811.jpg,29,29,LK,mixed,Sinhala Tamil English
1615608353051,Sri Lanka/1615608353051.jpg,5,5,LK,mixed,Sinhala Tamil English
1615608375951,Sri Lanka/1615608375951.jpg,9,9,LK,mixed,Sinhala Tamil English
1615608377503,Sri Lanka/1615608377503.jpg,15,15,LK,mixed,Sinhala English
1615608394277,Sri Lanka/1615608394277.jpg,7,7,LK,mixed,Tamil English
1615608399949,Sri Lanka/1615608399949.jpg,20,20,LK,en_only,English
1615608421705,Sri Lanka/1615608421705.jpg,17,17,LK,mixed,Sinhala English
1615608455693,Sri Lanka/1615608455693.jpg,15,15,LK,mixed,Sinhala English
1615608566107,Sri Lanka/1615608566107.jpg,9,9,LK,local_only,Tamil
1615608582028,Sri Lanka/1615608582028.jpg,13,13,LK,local_only,Tamil
1615608600255,Sri Lanka/1615608600255.jpg,27,27,LK,local_only,Tamil
1615608619788,Sri Lanka/1615608619788.jpg,25,25,LK,local_only,Tamil
1615608929215,Sri Lanka/1615608929215.jpg,20,20,LK,en_only,English
1615608949874,Sri Lanka/1615608949874.jpg,15,15,LK,mixed,Sinhala English
1615608972734,Sri Lanka/1615608972734.jpg,27,27,LK,mixed,Sinhala Tamil English
1615609704128,Sri Lanka/1615609704128.jpg,9,9,LK,en_only,English
1615609719703,Sri Lanka/1615609719703.jpg,21,21,LK,mixed,Tamil English
1615610176758,Sri Lanka/1615610176758.jpg,27,27,LK,mixed,Sinhala English
1615610287846,Sri Lanka/1615610287846.jpg,5,5,LK,mixed,Tamil English
1615610326653,Sri Lanka/1615610326653.jpg,25,25,LK,en_only,English
1615610511592,Sri Lanka/1615610511592.jpg,25,25,LK,mixed,Tamil English
1615610655563,Sri Lanka/1615610655563.jpg,24,24,LK,mixed,Sinhala English
1615610669279,Sri Lanka/1615610669279.jpg,20,20,LK,en_only,English
1615610913390,Sri Lanka/1615610913390.jpg,25,25,LK,en_only,English
1615610969600,Sri Lanka/1615610969600.jpg,20,20,LK,en_only,English
1615610999131,Sri Lanka/1615610999131.jpg,25,25,LK,mixed,Tamil English
1615611120420,Sri Lanka/1615611120420.jpg,5,5,LK,mixed,Tamil English
1615611546772,Sri Lanka/1615611546772.jpg,9,9,LK,mixed,Sinhala Tamil English
1615611626014,Sri Lanka/1615611626014.jpg,29,29,LK,en_only,English
1615611643803,Sri Lanka/1615611643803.jpg,25,25,LK,mixed,Sinhala English
1615611674293,Sri Lanka/1615611674293.jpg,25,25,LK,mixed,Tamil English
1615611802335,Sri Lanka/1615611802335.jpg,25,25,LK,mixed,Tamil English
1615612118783,Sri Lanka/1615612118783.jpg,7,7,LK,mixed,Tamil English
1615612137675,Sri Lanka/1615612137675.jpg,15,15,LK,en_only,English
1615612159284,Sri Lanka/1615612159284.jpg,19,19,LK,mixed,Sinhala English
1615612177114,Sri Lanka/1615612177114.jpg,20,20,LK,mixed,Sinhala English
1615612198253,Sri Lanka/1615612198253.jpg,19,19,LK,local_only,Sinhala Tamil
1615612288813,Sri Lanka/1615612288813.jpg,25,25,LK,mixed,Sinhala English
1615612844760,Sri Lanka/1615612844760.jpg,19,19,LK,mixed,Sinhala English
1615612865726,Sri Lanka/1615612865726.jpg,14,14,LK,mixed,Tamil English
1615612871152,Sri Lanka/1615612871152.jpg,29,29,LK,mixed,Sinhala English
1615612873474,Sri Lanka/1615612873474.jpg,25,25,LK,en_only,English
1615612892741,Sri Lanka/1615612892741.jpg,25,25,LK,mixed,Tamil English
1615612925220,Sri Lanka/1615612925220.jpg,20,20,LK,mixed,Tamil English
1615612935719,Sri Lanka/1615612935719.jpg,14,14,LK,mixed,Tamil English
1615612998585,Sri Lanka/1615612998585.jpg,25,25,LK,mixed,Sinhala English
1615614328534,Sri Lanka/1615614328534.jpg,25,25,LK,mixed,Tamil English
1615614347140,Sri Lanka/1615614347140.jpg,25,25,LK,mixed,Sinhala English
1615614368077,Sri Lanka/1615614368077.jpg,20,20,LK,en_only,English
1615614393592,Sri Lanka/1615614393592.jpg,21,21,LK,mixed,Sinhala English
1615614422703,Sri Lanka/1615614422703.jpg,20,20,LK,mixed,Tamil English
1615614447670,Sri Lanka/1615614447670.jpg,21,21,LK,en_only,English
1615614488893,Sri Lanka/1615614488893.jpg,19,19,LK,mixed,Tamil English
1616660317561,Bangladesh/1616660317561.jpg,34,34,BD,na,Not Applicable (NA)
1617096022375,Sri Lanka/1617096022375.jpg,9,9,LK,mixed,Tamil English
1617096045176,Sri Lanka/1617096045176.jpg,29,29,LK,mixed,Sinhala English|Tamil English
1617096067296,Sri Lanka/1617096067296.jpg,21,21,LK,mixed,Tamil English
1617096204503,Sri Lanka/1617096204503.jpg,25,25,LK,en_only,English
1617096262998,Sri Lanka/1617096262998.jpg,13,13,LK,local_only,Tamil
1617096432883,Sri Lanka/1617096432883.jpg,15,15,LK,en_only,English
1617098482922,Sri Lanka/1617098482922.jpg,19,19,LK,mixed,Tamil English
1617098568884,Sri Lanka/1617098568884.jpg,25,25,LK,en_only,English
1617098604084,Sri Lanka/1617098604084.jpg,25,25,LK,en_only,English
1617098638522,Sri Lanka/1617098638522.jpg,20,20,LK,local_only,Tamil
1617099616856,Sri Lanka/1617099616856.jpg,25,25,LK,en_only,English
1617099661632,Sri Lanka/1617099661632.jpg,25,25,LK,mixed,Tamil English
1617099787840,Sri Lanka/1617099787840.jpg,9,9,LK,mixed,Tamil English
1617099874635,Sri Lanka/1617099874635.jpg,20,20,LK,mixed,Sinhala Tamil English
1617100225978,Sri Lanka/1617100225978.jpg,13,13,LK,en_only,English
1617100253651,Sri Lanka/1617100253651.jpg,7,7,LK,mixed,Sinhala Tamil English
1617100882905,Sri Lanka/1617100882905.jpg,25,25,LK,mixed,Tamil English
1617170422136,Sri Lanka/1617170422136.jpg,29,29,LK,mixed,Sinhala Tamil English
1617175875095,Sri Lanka/1617175875095.jpg,27,27,LK,mixed,Sinhala Tamil English
1617176359260,Sri Lanka/1617176359260.jpg,13,13,LK,mixed,Sinhala English|Tamil English
1617176397382,Sri Lanka/1617176397382.jpg,29,29,LK,local_only,Sinhala Tamil
1617176419313,Sri Lanka/1617176419313.jpg,29,29,LK,mixed,Sinhala Tamil English
1617176490994,Sri Lanka/1617176490994.jpg,29,29,LK,mixed,Tamil English
1617183400963,Sri Lanka/1617183400963.jpg,29,29,LK,mixed,Sinhala English
1617184509941,Sri Lanka/1617184509941.jpg,20,20,LK,mixed,Sinhala English
1617184538878,Sri Lanka/1617184538878.jpg,9,9,LK,en_only,English
1617184566651,Sri Lanka/1617184566651.jpg,20,20,LK,en_only,English
1617184593204,Sri Lanka/1617184593204.jpg,15,15,LK,mixed,Tamil English
1617184629502,Sri Lanka/1617184629502.jpg,29,29,LK,local_only,Tamil
1617191763945,Sri Lanka/1617191763945.jpg,9,9,LK,mixed,Tamil English
1617357494633,Sri Lanka/1617357494633.jpg,15,15,LK,mixed,Sinhala Tamil English
1617357515130,Sri Lanka/1617357515130.jpg,25,25,LK,en_only,English
1617357533364,Sri Lanka/1617357533364.jpg,29,29,LK,mixed,Sinhala Tamil English
1617357980036,Sri Lanka/1617357980036.jpg,19,19,LK,mixed,Tamil English
1617357997476,Sri Lanka/1617357997476.jpg,14,14,LK,mixed,Sinhala English
1617358018209,Sri Lanka/1617358018209.jpg,14,14,LK,mixed,Sinhala English
1617358060712,Sri Lanka/1617358060712.jpg,9,9,LK,mixed,Tamil English
1617358607001,Sri Lanka/1617358607001.jpg,21,21,LK,mixed,Tamil English
1617358628810,Sri Lanka/1617358628810.jpg,9,9,LK,mixed,Tamil English
1617358648732,Sri Lanka/1617358648732.jpg,25,25,LK,mixed,Tamil English
1617358670969,Sri Lanka/1617358670969.jpg,1,1,LK,local_only,Tamil
1617359009973,Sri Lanka/1617359009973.jpg,21,21,LK,mixed,Tamil English
1617359045040,Sri Lanka/1617359045040.jpg,14,14,LK,mixed,Sinhala English
1617359127023,Sri Lanka/1617359127023.jpg,21,21,LK,en_only,English
1617359136285,Sri Lanka/1617359136285.jpg,21,21,LK,mixed,Tamil English
1617359154734,Sri Lanka/1617359154734.jpg,1,1,LK,mixed,Sinhala English
1617359154818,Sri Lanka/1617359154818.jpg,21,21,LK,mixed,Tamil English
1617359196598,Sri Lanka/1617359196598.jpg,25,25,LK,mixed,Tamil English
1617359545006,Sri Lanka/1617359545006.jpg,29,29,LK,mixed,Tamil English
1617359586011,Sri Lanka/1617359586011.jpg,27,27,LK,mixed,Sinhala English
1617359706204,Sri Lanka/1617359706204.jpg,14,14,LK,mixed,Tamil English
1617359739584,Sri Lanka/1617359739584.jpg,14,14,LK,mixed,Sinhala English
1617359779493,Sri Lanka/1617359779493.jpg,15,15,LK,en_only,English
1617359815747,Sri Lanka/1617359815747.jpg,25,25,LK,mixed,Tamil English
1617359851859,Sri Lanka/1617359851859.jpg,27,27,LK,local_only,Tamil
1617360269326,Sri Lanka/1617360269326.jpg,15,15,LK,mixed,Tamil English
1617362927452,Sri Lanka/1617362927452.jpg,19,19,LK,mixed,Sinhala English
1617362947150,Sri Lanka/1617362947150.jpg,21,21,LK,en_only,English
1617362968315,Sri Lanka/1617362968315.jpg,9,9,LK,en_only,English
1617362986087,Sri Lanka/1617362986087.jpg,21,21,LK,en_only,English
1617515535506,Sri Lanka/1617515535506.jpg,29,29,LK,local_only,Tamil
1617515570912,Sri Lanka/1617515570912.jpg,19,19,LK,mixed,Tamil English
1617515592651,Sri Lanka/1617515592651.jpg,25,25,LK,en_only,English
1617515611553,Sri Lanka/1617515611553.jpg,19,19,LK,mixed,Sinhala English
1617515792294,Sri Lanka/1617515792294.jpg,19,19,LK,mixed,Tamil English
1617515841694,Sri Lanka/1617515841694.jpg,25,25,LK,mixed,Tamil English
1617516011123,Sri Lanka/1617516011123.jpg,1,1,LK,mixed,Sinhala English
1617516040242,Sri Lanka/1617516040242.jpg,14,14,LK,mixed,Sinhala English
1617516318946,Sri Lanka/1617516318946.jpg,20,20,LK,en_only,English
1617516340184,Sri Lanka/1617516340184.jpg,9,9,LK,en_only,English
1617516358179,Sri Lanka/1617516358179.jpg,25,25,LK,mixed,Sinhala English|Tamil English
1617516380532,Sri Lanka/1617516380532.jpg,25,25,LK,mixed,Sinhala English
1617516657393,Sri Lanka/1617516657393.jpg,29,29,LK,mixed,Tamil English
1617518265720,Sri Lanka/1617518265720.jpg,25,25,LK,en_only,English
1617518288684,Sri Lanka/1617518288684.jpg,29,29,LK,mixed,Sinhala English
1617518944949,Sri Lanka/1617518944949.jpg,25,25,LK,en_only,English
1617519004385,Sri Lanka/1617519004385.jpg,1,1,LK,mixed,Sinhala English
1617519037195,Sri Lanka/1617519037195.jpg,14,14,LK,mixed,Sinhala English
1617519281670,Sri Lanka/1617519281670.jpg,27,27,LK,mixed,Tamil English
1617519306581,Sri Lanka/1617519306581.jpg,25,25,LK,mixed,Tamil English
1617595192123,Sri Lanka/1617595192123.jpg,9,9,LK,mixed,Tamil English
1617595210502,Sri Lanka/1617595210502.jpg,7,7,LK,mixed,Sinhala English
1617595279225,Sri Lanka/1617595279225.jpg,25,25,LK,mixed,Sinhala English
1617595329164,Sri Lanka/1617595329164.jpg,29,29,LK,mixed,Sinhala Tamil English
1617595763831,Sri Lanka/1617595763831.jpg,21,21,LK,en_only,English
1617595786500,Sri Lanka/1617595786500.jpg,25,25,LK,mixed,Tamil English
1617595822738,Sri Lanka/1617595822738.jpg,11,11,LK,mixed,Tamil English
1617595881042,Sri Lanka/1617595881042.jpg,25,25,LK,mixed,Tamil English
1617595919330,Sri Lanka/1617595919330.jpg,25,25,LK,en_only,English
1617596086802,Sri Lanka/1617596086802.jpg,14,14,LK,mixed,Sinhala English
1617596105974,Sri Lanka/1617596105974.jpg,14,14,LK,mixed,Sinhala English
1617596251098,Sri Lanka/1617596251098.jpg,25,25,LK,mixed,Tamil English
1617596253085,Sri Lanka/1617596253085.jpg,29,29,LK,mixed,Tamil English
1617596281523,Sri Lanka/1617596281523.jpg,19,19,LK,mixed,Sinhala English
1617596432867,Sri Lanka/1617596432867.jpg,29,29,LK,mixed,Tamil English
1617596457562,Sri Lanka/1617596457562.jpg,29,29,LK,mixed,Tamil English
1617596489195,Sri Lanka/1617596489195.jpg,15,15,LK,mixed,Sinhala English
1617596506752,Sri Lanka/1617596506752.jpg,25,25,LK,mixed,Sinhala English
1617596582732,Sri Lanka/1617596582732.jpg,29,29,LK,mixed,Sinhala English
1617596612997,Sri Lanka/1617596612997.jpg,9,9,LK,local_only,Tamil
1617596835067,Sri Lanka/1617596835067.jpg,21,21,LK,en_only,english
1617596851295,Sri Lanka/1617596851295.jpg,21,21,LK,mixed,Tamil English
1617596866936,Sri Lanka/1617596866936.jpg,29,29,LK,local_only,Sinhala Tamil
1617596870264,Sri Lanka/1617596870264.jpg,21,21,LK,mixed,Tamil English
1617596886521,Sri Lanka/1617596886521.jpg,9,9,LK,mixed,Sinhala English
1617596893252,Sri Lanka/1617596893252.jpg,21,21,LK,en_only,English
1617596906556,Sri Lanka/1617596906556.jpg,21,21,LK,en_only,English
1617597078429,Sri Lanka/1617597078429.jpg,25,25,LK,en_only,English
1617597095107,Sri Lanka/1617597095107.jpg,21,21,LK,mixed,Tamil English
1617597117067,Sri Lanka/1617597117067.jpg,25,25,LK,mixed,Sinhala English
1617597169415,Sri Lanka/1617597169415.jpg,29,29,LK,local_only,Sinhala
1617597191922,Sri Lanka/1617597191922.jpg,29,29,LK,mixed,Sinhala English
1617597226050,Sri Lanka/1617597226050.jpg,19,19,LK,mixed,Tamil English
1617597244499,Sri Lanka/1617597244499.jpg,19,19,LK,mixed,Tamil English
1617597406192,SL cleaned Images/1617597406192.jpg,25,25,LK,mixed,Tamil English
1617597423908,SL cleaned Images/1617597423908.jpg,15,15,LK,mixed,Sinhala English
1617597637730,SL cleaned Images/1617597637730.jpg,25,25,LK,mixed,Sinhala English
1617597664171,SL cleaned Images/1617597664171.jpg,25,25,LK,mixed,Tamil English
1617597693692,SL cleaned Images/1617597693692.jpg,9,9,LK,mixed,Sinhala English
1617597713041,SL cleaned Images/1617597713041.jpg,21,21,LK,en_only,English
1617597727348,SL cleaned Images/1617597727348.jpg,19,19,LK,mixed,Sinhala English
1617597747679,SL cleaned Images/1617597747679.jpg,21,21,LK,en_only,English
1617597780592,SL cleaned Images/1617597780592.jpg,9,9,LK,en_only,English
1617597800526,SL cleaned Images/1617597800526.jpg,21,21,LK,mixed,Sinhala English
1617597853717,SL cleaned Images/1617597853717.jpg,19,19,LK,mixed,Sinhala English
1617597896821,SL cleaned Images/1617597896821.jpg,25,25,LK,en_only,English
1617598348132,SL cleaned Images/1617598348132.jpg,19,19,LK,mixed,Tamil English
1617598419129,SL cleaned Images/1617598419129.jpg,29,29,LK,mixed,Sinhala English
1617598447878,SL cleaned Images/1617598447878.jpg,27,27,LK,local_only,Tamil
1617598664174,SL cleaned Images/1617598664174.jpg,25,25,LK,mixed,Sinhala English
1617598851977,SL cleaned Images/1617598851977.jpg,27,27,LK,mixed,Sinhala English
1617599072108,SL cleaned Images/1617599072108.jpg,20,20,LK,en_only,English
1617599093060,SL cleaned Images/1617599093060.jpg,25,25,LK,mixed,Sinhala English
1617599118132,SL cleaned Images/1617599118132.jpg,25,25,LK,mixed,Sinhala English
1621759024603,Bangladesh/1621759024603.jpg,20,20,BD,na,Not Applicable (NA)
1621922900611,Bangladesh/1621922900611.jpg,20,20,BD,na,Not Applicable (NA)
1622281331331,Bangladesh/1622281331331.jpg,20,20,BD,na,Not Applicable (NA)
1622434407281,Bangladesh/1622434407281.jpg,14,14,BD,en_only,English Not Applicable (NA)
1622527687752,Bangladesh/1622527687752.jpg,25,25,BD,en_only,English Not Applicable (NA)
1622702539537,Bangladesh/1622702539537.jpg,20,20,BD,en_only,English
1626681148403,Pakistan/1626681148403.jpg,34,34,PK,na,Not Applicable (NA)
1626843558125,SL cleaned Images/1626843558125.jpg,25,25,LK,en_only,English
1626843965789,SL cleaned Images/1626843965789.jpg,25,25,LK,en_only,English
1626843984991,SL cleaned Images/1626843984991.jpg,9,9,LK,mixed,Sinhala Tamil English
1626844019462,SL cleaned Images/1626844019462.jpg,19,19,LK,mixed,Tamil English
1626845830064,SL cleaned Images/1626845830064.jpg,14,14,LK,mixed,Sinhala English
1626846000492,SL cleaned Images/1626846000492.jpg,25,25,LK,mixed,Tamil English
1626847294951,SL cleaned Images/1626847294951.jpg,20,20,LK,en_only,English
1626847339295,SL cleaned Images/1626847339295.jpg,25,25,LK,mixed,Tamil English
1626847361506,SL cleaned Images/1626847361506.jpg,25,25,LK,mixed,Tamil English
1626847381803,SL cleaned Images/1626847381803.jpg,13,13,LK,en_only,English
1626847401871,SL cleaned Images/1626847401871.jpg,25,25,LK,mixed,Tamil English
1626847424619,SL cleaned Images/1626847424619.jpg,25,25,LK,mixed,Tamil English
1626847504814,SL cleaned Images/1626847504814.jpg,20,20,LK,en_only,English
1627272404960,Pakistan/1627272404960.jpg,34,34,PK,na,Not Applicable (NA)
1627274705953,Pakistan/1627274705953.jpg,15,15,PK,en_only,English
1627274923916,Pakistan/1627274923916.jpg,20,20,PK,en_only,English
1627276333903,Pakistan/1627276333903.jpg,25,25,PK,na,Not Applicable (NA)
1627277060953,Pakistan/1627277060953.jpg,18,18,PK,en_only,English
1627283556065,Pakistan/1627283556065.jpg,25,25,PK,na,Not Applicable (NA)
1627284572308,Pakistan/1627284572308.jpg,20,20,PK,en_only,English
1627298131362,Bangladesh/1627298131362.jpg,20,20,BD,na,Not Applicable (NA)
1627299001452,Bangladesh/1627299001452.jpg,19,19,BD,na,Not Applicable (NA)
1627357924078,Pakistan/1627357924078.jpg,32,22,PK,en_only,English
1627360757868,Pakistan/1627360757868.jpg,20,20,PK,en_only,English
1627362305256,Pakistan/1627362305256.jpg,3,3,PK,na,Not Applicable (NA)
1627362415534,Pakistan/1627362415534.jpg,3,3,PK,na,Not Applicable (NA)
1627381890846,Bangladesh/1627381890846.jpg,25,25,BD,en_only,English Not Applicable (NA)
1627383910682,Bangladesh/1627383910682.jpg,25,25,BD,na,Not Applicable (NA)
1627384398246,Bangladesh/1627384398246.jpg,20,20,BD,en_only,English
1627386041032,Bangladesh/1627386041032.jpg,20,20,BD,en_only,English
1627445949896,Pakistan/1627445949896.jpg,20,20,PK,na,Not Applicable (NA)
1627446006779,Pakistan/1627446006779.jpg,34,34,PK,na,Not Applicable (NA)
1627447002275,Pakistan/1627447002275.jpg,25,25,PK,na,Not Applicable (NA)
1627448005209,Pakistan/1627448005209.jpg,6,6,PK,na,Not Applicable (NA)
1627450490178,Pakistan/1627450490178.jpg,20,20,PK,en_only,English
1627453584044,Pakistan/1627453584044.jpg,6,6,PK,na,Not Applicable (NA)
1627454006450,Pakistan/1627454006450.jpg,20,20,PK,en_only,English
1627466012049,Bangladesh/1627466012049.jpg,21,21,BD,na,Not Applicable (NA)
1627466029425,Bangladesh/1627466029425.jpg,25,25,BD,na,Not Applicable (NA)
1627531706199,Pakistan/1627531706199.jpg,5,5,PK,na,Not Applicable (NA)
1627531724614,Pakistan/1627531724614.jpg,20,20,PK,en_only,English
1627531904932,Pakistan/1627531904932.jpg,20,20,PK,en_only,English
1627532170175,Pakistan/1627532170175.jpg,17,17,PK,en_only,English
1627532808029,Pakistan/1627532808029.jpg,1,1,PK,en_only,English
1627533024189,Pakistan/1627533024189.jpg,6,6,PK,na,Not Applicable (NA)
1627533197977,Pakistan/1627533197977.jpg,6,6,PK,na,Not Applicable (NA)
1627533410850,Pakistan/1627533410850.jpg,14,14,PK,na,Not Applicable (NA)
1627533475424,Pakistan/1627533475424.jpg,20,20,PK,en_only,English
1627534403489,Pakistan/1627534403489.jpg,18,18,PK,en_only,English
1627534455229,Pakistan/1627534455229.jpg,6,6,PK,na,Not Applicable (NA)
1627535108993,Pakistan/1627535108993.jpg,25,25,PK,na,Not Applicable (NA)
1627535964000,Pakistan/1627535964000.jpg,4,4,PK,na,Not Applicable (NA)
1627536563523,Pakistan/1627536563523.jpg,25,25,PK,na,Not Applicable (NA)
1627538658318,Pakistan/1627538658318.jpg,20,20,PK,na,Not Applicable (NA)
1627540490164,Pakistan/1627540490164.jpg,19,19,PK,na,Not Applicable (NA)
1627545274864,Pakistan/1627545274864.jpg,20,20,PK,na,Not Applicable (NA)
1627545776108,Pakistan/1627545776108.jpg,25,25,PK,na,Not Applicable (NA)
1627546385903,Pakistan/1627546385903.jpg,17,17,PK,na,Not Applicable (NA)
1627619080989,Pakistan/1627619080989.jpg,32,22,PK,na,Not Applicable (NA)
1627619546101,Pakistan/1627619546101.jpg,19,19,PK,na,Not Applicable (NA)
1627619550537,Pakistan/1627619550537.jpg,20,20,PK,na,Not Applicable (NA)
1627621209637,Pakistan/1627621209637.jpg,34,34,PK,na,Not Applicable (NA)
1627621378512,Pakistan/1627621378512.jpg,34,34,PK,na,Not Applicable (NA)
1627621464191,Pakistan/1627621464191.jpg,32,22,PK,na,Not Applicable (NA)
1627621804423,Pakistan/1627621804423.jpg,32,22,PK,en_only,English Not Applicable (NA)
1627621986260,Pakistan/1627621986260.jpg,34,34,PK,na,Not Applicable (NA)
1627622254691,Pakistan/1627622254691.jpg,6,6,PK,na,Not Applicable (NA)
1627622347964,Pakistan/1627622347964.jpg,32,22,PK,na,Not Applicable (NA)
1627622414857,Pakistan/1627622414857.jpg,20,20,PK,na,Not Applicable (NA)
1627622492809,Pakistan/1627622492809.jpg,6,6,PK,na,Not Applicable (NA)
1627622616265,Pakistan/1627622616265.jpg,17,17,PK,en_only,English
1627623733553,Pakistan/1627623733553.jpg,34,34,PK,na,Not Applicable (NA)
1627625221707,Pakistan/1627625221707.jpg,20,20,PK,en_only,English
1627625926956,Pakistan/1627625926956.jpg,20,20,PK,en_only,English
1627626533203,Pakistan/1627626533203.jpg,19,19,PK,na,Not Applicable (NA)
1627626539417,Pakistan/1627626539417.jpg,34,34,PK,na,Not Applicable (NA)
1627626634554,Pakistan/1627626634554.jpg,6,6,PK,na,Not Applicable (NA)
1627626643857,Pakistan/1627626643857.jpg,6,6,PK,na,Not Applicable (NA)
1627627006866,Pakistan/1627627006866.jpg,20,20,PK,na,Not Applicable (NA)
1627705713641,Pakistan/1627705713641.jpg,34,34,PK,na,Not Applicable (NA)
1627706380803,Pakistan/1627706380803.jpg,19,19,PK,na,Not Applicable (NA)
1627706539777,Pakistan/1627706539777.jpg,34,34,PK,na,Not Applicable (NA)
1627706708285,Pakistan/1627706708285.jpg,19,19,PK,na,Not Applicable (NA)
1627707088041,Pakistan/1627707088041.jpg,25,25,PK,en_only,English
1627707285614,Pakistan/1627707285614.jpg,6,6,PK,na,Not Applicable (NA)
1627707628856,Pakistan/1627707628856.jpg,19,19,PK,na,Not Applicable (NA)
1627708509329,Pakistan/1627708509329.jpg,6,6,PK,na,Not Applicable (NA)
1627709035991,Pakistan/1627709035991.jpg,20,20,PK,na,Not Applicable (NA)
1627709562230,Pakistan/1627709562230.jpg,25,25,PK,na,Not Applicable (NA)
1627709585115,Pakistan/1627709585115.jpg,32,22,PK,na,Not Applicable (NA)
1627711091346,Pakistan/1627711091346.jpg,19,19,PK,na,Not Applicable (NA)
1627711121323,Pakistan/1627711121323.jpg,19,19,PK,na,Not Applicable (NA)
1627711511973,Pakistan/1627711511973.jpg,20,20,PK,na,Not Applicable (NA)
1627711565878,Pakistan/1627711565878.jpg,25,25,PK,en_only,English
1627712936040,Pakistan/1627712936040.jpg,6,6,PK,na,Not Applicable (NA)
1627714024771,Pakistan/1627714024771.jpg,6,6,PK,na,Not Applicable (NA)
1627714277003,Pakistan/1627714277003.jpg,25,25,PK,en_only,English
1627714309087,Pakistan/1627714309087.jpg,14,14,PK,en_only,English
1627714496777,Pakistan/1627714496777.jpg,25,25,PK,en_only,English Not Applicable (NA)
1627727144621,Bangladesh/1627727144621.jpg,25,25,BD,na,Not Applicable (NA)
1627727615894,Bangladesh/1627727615894.jpg,21,21,BD,na,Not Applicable (NA)
1627729454845,Bangladesh/1627729454845.jpg,25,25,BD,na,Not Applicable (NA)
1627733119487,Bangladesh/1627733119487.jpg,20,20,BD,en_only,English
1627733317109,Bangladesh/1627733317109.jpg,25,25,BD,na,Not Applicable (NA)
1627792606195,Pakistan/1627792606195.jpg,14,14,PK,en_only,English
1627794040070,Pakistan/1627794040070.jpg,20,20,PK,na,Not Applicable (NA)
1627880681107,Pakistan/1627880681107.jpg,3,3,PK,na,Not Applicable (NA)
1627880765452,Pakistan/1627880765452.jpg,19,19,PK,na,Not Applicable (NA)
1627880983027,Pakistan/1627880983027.jpg,20,20,PK,na,Not Applicable (NA)
1627882645403,Pakistan/1627882645403.jpg,6,6,PK,na,Not Applicable (NA)
1627882763845,Pakistan/1627882763845.jpg,16,16,PK,na,Not Applicable (NA)
1627882937735,Pakistan/1627882937735.jpg,6,6,PK,na,Not Applicable (NA)
1627883609520,Pakistan/1627883609520.jpg,34,34,PK,na,Not Applicable (NA)
1627884101766,Pakistan/1627884101766.jpg,34,34,PK,en_only,English Not Applicable (NA)
1627884487888,Pakistan/1627884487888.jpg,16,16,PK,en_only,English Not Applicable (NA)
1627885317377,Pakistan/1627885317377.jpg,27,27,PK,en_only,English Not Applicable (NA)
1627885715436,Pakistan/1627885715436.jpg,20,20,PK,na,Not Applicable (NA)
1627885905374,Pakistan/1627885905374.jpg,6,6,PK,na,Not Applicable (NA)
1627886263465,Pakistan/1627886263465.jpg,19,19,PK,na,Not Applicable (NA)
1627886704152,Pakistan/1627886704152.jpg,25,25,PK,na,Not Applicable (NA)
1627887253933,Pakistan/1627887253933.jpg,3,3,PK,na,Not Applicable (NA)
1627901574014,Bangladesh/1627901574014.jpg,25,25,BD,en_only,English Not Applicable (NA)
1627907804774,Bangladesh/1627907804774.jpg,25,25,BD,en_only,English Not Applicable (NA)
1627916677436,Pakistan/1627916677436.jpg,17,17,PK,na,Not Applicable (NA)
1627917445345,Pakistan/1627917445345.jpg,34,34,PK,na,Not Applicable (NA)
1627918002569,Pakistan/1627918002569.jpg,34,34,PK,na,Not Applicable (NA)
1627918414577,Pakistan/1627918414577.jpg,34,34,PK,na,Not Applicable (NA)
1627918569696,Pakistan/1627918569696.jpg,34,34,PK,na,Not Applicable (NA)
1627919175178,Pakistan/1627919175178.jpg,34,34,PK,na,Not Applicable (NA)
1627919294186,Pakistan/1627919294186.jpg,32,22,PK,na,Not Applicable (NA)
1627919458998,Pakistan/1627919458998.jpg,32,22,PK,na,Not Applicable (NA)
1627919608162,Pakistan/1627919608162.jpg,32,22,PK,na,Not Applicable (NA)
1627919751099,Pakistan/1627919751099.jpg,25,25,PK,na,Not Applicable (NA)
1627919962440,Pakistan/1627919962440.jpg,32,22,PK,en_only,English
1627920526721,Pakistan/1627920526721.jpg,32,22,PK,na,Not Applicable (NA)
1627920783542,Pakistan/1627920783542.jpg,25,25,PK,en_only,English
1627921018529,Pakistan/1627921018529.jpg,25,25,PK,en_only,English
1627921308587,Pakistan/1627921308587.jpg,20,20,PK,en_only,English
1627926430057,Pakistan/1627926430057.jpg,34,34,PK,na,Not Applicable (NA)
1627926530120,Pakistan/1627926530120.jpg,34,34,PK,na,Not Applicable (NA)
1627927119062,Pakistan/1627927119062.jpg,11,11,PK,na,Not Applicable (NA)
1627966441375,Pakistan/1627966441375.jpg,25,25,PK,en_only,English
1627966657738,Pakistan/1627966657738.jpg,21,21,PK,en_only,English
1627967504657,Pakistan/1627967504657.jpg,17,17,PK,en_only,English|English Not Applicable (NA)
1627967943450,Pakistan/1627967943450.jpg,19,19,PK,na,Not Applicable (NA)
1627969259264,Pakistan/1627969259264.jpg,19,19,PK,na,Not Applicable (NA)
1627969716893,Pakistan/1627969716893.jpg,6,6,PK,na,Not Applicable (NA)
1627970174215,Pakistan/1627970174215.jpg,6,6,PK,na,Not Applicable (NA)
1627970483838,Pakistan/1627970483838.jpg,18,18,PK,en_only,English Not Applicable (NA)
1627970562367,Pakistan/1627970562367.jpg,34,34,PK,na,Not Applicable (NA)
1627970681683,Pakistan/1627970681683.jpg,20,20,PK,en_only,English Not Applicable (NA)
1627970990258,Pakistan/1627970990258.jpg,19,19,PK,na,Not Applicable (NA)
1627972908594,Pakistan/1627972908594.jpg,4,4,PK,na,Not Applicable (NA)
1627973212838,Pakistan/1627973212838.jpg,20,20,PK,na,Not Applicable (NA)
1627973232184,Pakistan/1627973232184.jpg,15,15,PK,en_only,English
1627973246316,Pakistan/1627973246316.jpg,32,22,PK,en_only,English
1627973496518,Pakistan/1627973496518.jpg,19,19,PK,na,Not Applicable (NA)
1627980045792,Pakistan/1627980045792.jpg,15,15,PK,en_only,English
1627980144278,Pakistan/1627980144278.jpg,20,20,PK,na,Not Applicable (NA)
1628051371577,Pakistan/1628051371577.jpg,21,21,PK,en_only,English
1628051396905,Pakistan/1628051396905.jpg,20,20,PK,na,Not Applicable (NA)
1628051402565,Pakistan/1628051402565.jpg,3,3,PK,na,Not Applicable (NA)
1628051954986,SL cleaned Images/1628051954986.jpg,14,14,LK,mixed,Tamil English
1628051975338,SL cleaned Images/1628051975338.jpg,14,14,LK,mixed,Tamil English
1628051991605,SL cleaned Images/1628051991605.jpg,17,17,LK,mixed,Tamil English
1628052011612,SL cleaned Images/1628052011612.jpg,25,25,LK,mixed,Tamil English
1628052202888,SL cleaned Images/1628052202888.jpg,25,25,LK,mixed,tamil english
1628052216913,SL cleaned Images/1628052216913.jpg,21,21,LK,mixed,Tamil English
1628052233252,SL cleaned Images/1628052233252.jpg,25,25,LK,mixed,Tamil English
1628052255062,SL cleaned Images/1628052255062.jpg,20,20,LK,en_only,English
1628054017772,SL cleaned Images/1628054017772.jpg,25,25,LK,en_only,English
1628054037468,SL cleaned Images/1628054037468.jpg,17,17,LK,mixed,Tamil English
1628054057899,SL cleaned Images/1628054057899.jpg,17,17,LK,mixed,tamil english
1628054100902,SL cleaned Images/1628054100902.jpg,14,14,LK,mixed,Tamil English
1628054122462,SL cleaned Images/1628054122462.jpg,1,1,LK,mixed,Tamil English
1628054154375,SL cleaned Images/1628054154375.jpg,25,25,LK,mixed,Tamil English
1628054172486,SL cleaned Images/1628054172486.jpg,9,9,LK,mixed,Tamil English
1628055411303,SL cleaned Images/1628055411303.jpg,25,25,LK,mixed,Tamil English
1628055443365,SL cleaned Images/1628055443365.jpg,25,25,LK,mixed,Tamil English
1628055460965,SL cleaned Images/1628055460965.jpg,25,25,LK,mixed,Tamil English
1628055820135,SL cleaned Images/1628055820135.jpg,25,25,LK,mixed,Tamil English
1628056322696,SL cleaned Images/1628056322696.jpg,27,27,LK,mixed,Sinhala Tamil English
1628058950959,SL cleaned Images/1628058950959.jpg,25,25,LK,mixed,Tamil English
1628059273650,SL cleaned Images/1628059273650.jpg,14,14,LK,mixed,sinhala tamil english
1628092277131,Pakistan/1628092277131.jpg,25,25,PK,en_only,English
1628092442747,Pakistan/1628092442747.jpg,32,22,PK,en_only,English
1628092730031,Pakistan/1628092730031.jpg,32,22,PK,en_only,English
1628092921257,Pakistan/1628092921257.jpg,6,6,PK,na,Not Applicable (NA)
1628093773435,Pakistan/1628093773435.jpg,32,22,PK,en_only,English
1628094099940,Pakistan/1628094099940.jpg,32,22,PK,na,Not Applicable (NA)
1628094264096,Pakistan/1628094264096.jpg,34,34,PK,na,Not Applicable (NA)
1628094386626,Pakistan/1628094386626.jpg,34,34,PK,na,Not Applicable (NA)
1628094607290,Pakistan/1628094607290.jpg,34,34,PK,na,Not Applicable (NA)
1628094889735,Pakistan/1628094889735.jpg,32,22,PK,na,Not Applicable (NA)
1628095022382,Pakistan/1628095022382.jpg,32,22,PK,en_only,English
1628095641514,Pakistan/1628095641514.jpg,34,34,PK,na,Not Applicable (NA)
1628096106375,Pakistan/1628096106375.jpg,20,20,PK,na,Not Applicable (NA)
1628096512815,Pakistan/1628096512815.jpg,34,34,PK,na,Not Applicable (NA)
1628097061300,Pakistan/1628097061300.jpg,32,22,PK,na,Not Applicable (NA)
1628097491564,Pakistan/1628097491564.jpg,34,34,PK,na,Not Applicable (NA)
1628098122577,Pakistan/1628098122577.jpg,34,34,PK,na,Not Applicable (NA)
1628483100255,Pakistan/1628483100255.jpg,34,34,PK,na,Not Applicable (NA)
1628495435069,Pakistan/1628495435069.jpg,34,34,PK,na,Not Applicable (NA)
1628497433606,Pakistan/1628497433606.jpg,14,14,PK,en_only,English Not Applicable (NA)|Not Applicable (NA)
1628498507390,Pakistan/1628498507390.jpg,32,22,PK,na,Not Applicable (NA)
1628498614218,Pakistan/1628498614218.jpg,16,16,PK,na,Not Applicable (NA)
1628571448402,Pakistan/1628571448402.jpg,34,34,PK,na,Not Applicable (NA)
1628571572652,Pakistan/1628571572652.jpg,14,14,PK,en_only,English|English Not Applicable (NA)
1628572050157,Pakistan/1628572050157.jpg,13,13,PK,en_only,English
1628573419619,Pakistan/1628573419619.jpg,19,19,PK,en_only,English
1628573671865,Pakistan/1628573671865.jpg,6,6,PK,na,Not Applicable (NA)
1628574009827,Pakistan/1628574009827.jpg,21,21,PK,en_only,English
1628574668710,Pakistan/1628574668710.jpg,6,6,PK,na,Not Applicable (NA)
1628655820236,Pakistan/1628655820236.jpg,34,34,PK,na,Not Applicable (NA)
1628655935402,Pakistan/1628655935402.jpg,34,34,PK,na,Not Applicable (NA)
1628656337785,Pakistan/1628656337785.jpg,34,34,PK,na,Not Applicable (NA)
1628657742763,Pakistan/1628657742763.jpg,20,20,PK,en_only,English
1628744955919,Pakistan/1628744955919.jpg,34,34,PK,na,Not Applicable (NA)
1628745370010,Pakistan/1628745370010.jpg,25,25,PK,en_only,English Not Applicable (NA)
1628745489207,Pakistan/1628745489207.jpg,34,34,PK,na,Not Applicable (NA)
1628746798122,Pakistan/1628746798122.jpg,25,25,PK,en_only,English Not Applicable (NA)
1628749163434,Pakistan/1628749163434.jpg,34,34,PK,na,Not Applicable (NA)
1628751958122,Pakistan/1628751958122.jpg,25,25,PK,en_only,English Not Applicable (NA)
1628752286832,Pakistan/1628752286832.jpg,25,25,PK,na,Not Applicable (NA)
1628753943146,Pakistan/1628753943146.jpg,25,25,PK,en_only,English Not Applicable (NA)
1628754286789,Pakistan/1628754286789.jpg,25,25,PK,en_only,English Not Applicable (NA)
1628755101515,Pakistan/1628755101515.jpg,25,25,PK,en_only,English Not Applicable (NA)
1628755427593,Pakistan/1628755427593.jpg,34,34,PK,na,Not Applicable (NA)
1628831108944,Pakistan/1628831108944.jpg,25,25,PK,na,Not Applicable (NA)
1628834615115,Pakistan/1628834615115.jpg,20,20,PK,en_only,English
1628834997226,Pakistan/1628834997226.jpg,14,14,PK,en_only,English
1628835693569,Pakistan/1628835693569.jpg,20,20,PK,na,Not Applicable (NA)
1628836429229,Pakistan/1628836429229.jpg,18,18,PK,en_only,English Not Applicable (NA)
1628836550881,Pakistan/1628836550881.jpg,17,17,PK,na,Not Applicable (NA)
1628839706611,Pakistan/1628839706611.jpg,25,25,PK,en_only,English
1629090337408,Pakistan/1629090337408.jpg,20,20,PK,en_only,English
1629092366202,Pakistan/1629092366202.jpg,20,20,PK,en_only,English
1629092784643,Pakistan/1629092784643.jpg,20,20,PK,en_only,English
1629093891885,Pakistan/1629093891885.jpg,20,20,PK,na,Not Applicable (NA)
1629094300901,Pakistan/1629094300901.jpg,17,17,PK,na,Not Applicable (NA)
1629095089888,Pakistan/1629095089888.jpg,20,20,PK,na,Not Applicable (NA)
1629095569259,Pakistan/1629095569259.jpg,21,21,PK,en_only,English
1629095600200,Pakistan/1629095600200.jpg,20,20,PK,na,Not Applicable (NA)
1629098566103,Pakistan/1629098566103.jpg,14,14,PK,en_only,English
1629098822231,Pakistan/1629098822231.jpg,20,20,PK,en_only,English
1629099427598,Pakistan/1629099427598.jpg,25,25,PK,na,Not Applicable (NA)
1629099452427,Pakistan/1629099452427.jpg,17,17,PK,en_only,English
1629129617314,Pakistan/1629129617314.jpg,32,22,PK,na,Not Applicable (NA)
1629130439623,Pakistan/1629130439623.jpg,32,22,PK,na,Not Applicable (NA)
1629175226854,Pakistan/1629175226854.jpg,20,20,PK,na,Not Applicable (NA)
1629176052222,Pakistan/1629176052222.jpg,20,20,PK,na,Not Applicable (NA)
1629176158588,Pakistan/1629176158588.jpg,20,20,PK,en_only,English
1629176790347,Pakistan/1629176790347.jpg,20,20,PK,na,Not Applicable (NA)
1629365011356,SL cleaned Images/1629365011356.jpg,15,15,LK,mixed,tamil english
1629365039121,SL cleaned Images/1629365039121.jpg,13,13,LK,mixed,tamil english
1629365063273,SL cleaned Images/1629365063273.jpg,29,29,LK,local_only,tamil
1629366049875,SL cleaned Images/1629366049875.jpg,15,15,LK,mixed,tamil english
1629366128082,SL cleaned Images/1629366128082.jpg,27,27,LK,mixed,tamil english
1629366739641,SL cleaned Images/1629366739641.jpg,19,19,LK,mixed,sinhala tamil english
1629433981265,Pakistan/1629433981265.jpg,25,25,PK,na,Not Applicable (NA)
1629434702221,Pakistan/1629434702221.jpg,17,17,PK,en_only,English
1629435997228,Pakistan/1629435997228.jpg,25,25,PK,en_only,English
1629438281851,Pakistan/1629438281851.jpg,25,25,PK,en_only,English
1629438683366,Pakistan/1629438683366.jpg,20,20,PK,en_only,English Not Applicable (NA)
1629438795684,Pakistan/1629438795684.jpg,25,25,PK,en_only,English
1629439146390,Pakistan/1629439146390.jpg,20,20,PK,en_only,English Not Applicable (NA)
1629469314178,Pakistan/1629469314178.jpg,32,22,PK,na,Not Applicable (NA)
1629469374524,Pakistan/1629469374524.jpg,32,22,PK,na,Not Applicable (NA)
1629469544284,Pakistan/1629469544284.jpg,34,34,PK,na,Not Applicable (NA)
1629469652995,Pakistan/1629469652995.jpg,32,22,PK,en_only,English
1629469807339,Pakistan/1629469807339.jpg,32,22,PK,en_only,English Not Applicable (NA)
1629469856832,Pakistan/1629469856832.jpg,17,17,PK,na,Not Applicable (NA)
1629519269370,Pakistan/1629519269370.jpg,20,20,PK,na,Not Applicable (NA)
1629519572619,Pakistan/1629519572619.jpg,14,14,PK,na,Not Applicable (NA)
1629520222039,Pakistan/1629520222039.jpg,25,25,PK,na,Not Applicable (NA)
1629521132904,Pakistan/1629521132904.jpg,19,19,PK,en_only,English
1629521153078,Pakistan/1629521153078.jpg,18,18,PK,en_only,English
1629521618759,Pakistan/1629521618759.jpg,14,14,PK,en_only,English
1629522475443,Pakistan/1629522475443.jpg,20,20,PK,na,Not Applicable (NA)
1629702882436,Pakistan/1629702882436.jpg,18,18,PK,en_only,English
1629703554422,Pakistan/1629703554422.jpg,19,19,PK,en_only,English Not Applicable (NA)
1629704884981,Pakistan/1629704884981.jpg,32,22,PK,en_only,English
1629705693816,Pakistan/1629705693816.jpg,20,20,PK,en_only,English
1629705938493,Pakistan/1629705938493.jpg,25,25,PK,en_only,English
1629780350126,Pakistan/1629780350126.jpg,6,6,PK,en_only,English Not Applicable (NA)
1629781622096,Pakistan/1629781622096.jpg,25,25,PK,en_only,English
1629781639399,Pakistan/1629781639399.jpg,2,2,PK,en_only,English
1629781788815,Pakistan/1629781788815.jpg,14,14,PK,en_only,English
1629785318178,Pakistan/1629785318178.jpg,20,20,PK,en_only,English
1629786128108,Pakistan/1629786128108.jpg,25,25,PK,en_only,English
1629787363235,Pakistan/1629787363235.jpg,20,20,PK,na,Not Applicable (NA)
1629787391201,Pakistan/1629787391201.jpg,25,25,PK,na,Not Applicable (NA)
1629789820128,Pakistan/1629789820128.jpg,25,25,PK,na,Not Applicable (NA)
1629862714315,Pakistan/1629862714315.jpg,25,25,PK,na,Not Applicable (NA)
1629863767479,Pakistan/1629863767479.jpg,25,25,PK,na,Not Applicable (NA)
1629863835196,Pakistan/1629863835196.jpg,32,22,PK,en_only,English
1629869239205,Pakistan/1629869239205.jpg,25,25,PK,en_only,English Not Applicable (NA)
1629870962206,Pakistan/1629870962206.jpg,25,25,PK,na,Not Applicable (NA)
1629950227563,Pakistan/1629950227563.jpg,14,14,PK,en_only,English
1629951178041,Pakistan/1629951178041.jpg,6,6,PK,na,Not Applicable (NA)
1629951291251,Pakistan/1629951291251.jpg,24,24,PK,en_only,English
1629951650724,Pakistan/1629951650724.jpg,25,25,PK,en_only,English
1629951825913,Pakistan/1629951825913.jpg,2,2,PK,en_only,English
1629951884876,Pakistan/1629951884876.jpg,31,31,PK,en_only,English
1629952554367,Pakistan/1629952554367.jpg,19,19,PK,en_only,English
1629952721876,Pakistan/1629952721876.jpg,29,29,PK,na,Not Applicable (NA)
1629952938058,Pakistan/1629952938058.jpg,20,20,PK,na,Not Applicable (NA)
1629954558724,Pakistan/1629954558724.jpg,25,25,PK,en_only,English
1629955046645,Pakistan/1629955046645.jpg,24,24,PK,en_only,English
1629955078749,Pakistan/1629955078749.jpg,20,20,PK,en_only,English
1629955123030,Pakistan/1629955123030.jpg,17,17,PK,en_only,English
1629956072340,Pakistan/1629956072340.jpg,31,31,PK,en_only,English
1629957005924,Pakistan/1629957005924.jpg,17,17,PK,en_only,English
1629960297822,Pakistan/1629960297822.jpg,20,20,PK,na,Not Applicable (NA)
1629961400866,Pakistan/1629961400866.jpg,17,17,PK,en_only,English
1630036316777,Pakistan/1630036316777.jpg,20,20,PK,na,Not Applicable (NA)
1630039734229,Pakistan/1630039734229.jpg,17,17,PK,na,Not Applicable (NA)
1630039860152,Pakistan/1630039860152.jpg,34,34,PK,na,Not Applicable (NA)
1630041060538,Pakistan/1630041060538.jpg,31,31,PK,na,Not Applicable (NA)
1630041633579,Pakistan/1630041633579.jpg,32,22,PK,en_only,English
1630042677728,Pakistan/1630042677728.jpg,25,25,PK,en_only,English
1630043690645,Pakistan/1630043690645.jpg,25,25,PK,en_only,English
1630044439835,Pakistan/1630044439835.jpg,32,22,PK,en_only,English
1630044734261,Pakistan/1630044734261.jpg,20,20,PK,na,Not Applicable (NA)
1630045291486,Pakistan/1630045291486.jpg,25,25,PK,na,Not Applicable (NA)
1630047001186,Pakistan/1630047001186.jpg,18,18,PK,en_only,English
1630073605691,Pakistan/1630073605691.jpg,34,34,PK,na,Not Applicable (NA)
1630074388764,Pakistan/1630074388764.jpg,34,34,PK,en_only,English
1630074632648,Pakistan/1630074632648.jpg,15,15,PK,na,Not Applicable (NA)
1630074925519,Pakistan/1630074925519.jpg,32,22,PK,na,Not Applicable (NA)
1630075049022,Pakistan/1630075049022.jpg,32,22,PK,en_only,English
1630078185032,Pakistan/1630078185032.jpg,32,22,PK,en_only,English
1630078348872,Pakistan/1630078348872.jpg,32,22,PK,en_only,English
1630078997996,Pakistan/1630078997996.jpg,32,22,PK,en_only,English
1630080362121,Pakistan/1630080362121.jpg,32,22,PK,en_only,English
1630080650452,Pakistan/1630080650452.jpg,32,22,PK,en_only,English
1630081877082,Pakistan/1630081877082.jpg,32,22,PK,na,Not Applicable (NA)
1630082530251,Pakistan/1630082530251.jpg,20,20,PK,na,Not Applicable (NA)
1630082664112,Pakistan/1630082664112.jpg,31,31,PK,en_only,English
1630127781472,Pakistan/1630127781472.jpg,21,21,PK,en_only,English
1630132320684,Pakistan/1630132320684.jpg,20,20,PK,na,Not Applicable (NA)
1630133353079,Pakistan/1630133353079.jpg,24,24,PK,en_only,English
1630134154538,Pakistan/1630134154538.jpg,14,14,PK,en_only,English
1630134184625,Pakistan/1630134184625.jpg,20,20,PK,na,Not Applicable (NA)
1630134642859,Pakistan/1630134642859.jpg,1,1,PK,en_only,English
1630160240412,Pakistan/1630160240412.jpg,20,20,PK,na,Not Applicable (NA)
1630160431080,Pakistan/1630160431080.jpg,32,22,PK,na,Not Applicable (NA)
1630161822000,Pakistan/1630161822000.jpg,32,22,PK,en_only,English
1630162861656,Pakistan/1630162861656.jpg,32,22,PK,na,Not Applicable (NA)
1630296861466,Pakistan/1630296861466.jpg,19,19,PK,en_only,English
1630309861587,Bangladesh/1630309861587.jpg,25,25,BD,en_only,English Not Applicable (NA)
1630310502951,Bangladesh/1630310502951.jpg,20,20,BD,en_only,English
1630312122855,Bangladesh/1630312122855.jpg,34,34,BD,na,Not Applicable (NA)
1630312284237,Bangladesh/1630312284237.jpg,20,20,BD,en_only,English
1630314787980,Bangladesh/1630314787980.jpg,20,20,BD,en_only,English Not Applicable (NA)
1630315434981,Bangladesh/1630315434981.jpg,14,14,BD,na,Not Applicable (NA)
1630316459317,Bangladesh/1630316459317.jpg,34,34,BD,na,Not Applicable (NA)
1630383098276,Pakistan/1630383098276.jpg,14,14,PK,en_only,English
1630386100348,Pakistan/1630386100348.jpg,25,25,PK,en_only,English
1630386585093,Pakistan/1630386585093.jpg,14,14,PK,en_only,English
1630386832585,Pakistan/1630386832585.jpg,25,25,PK,en_only,English
1630395252199,Pakistan/1630395252199.jpg,5,5,PK,na,Not Applicable (NA)
1630401692346,Bangladesh/1630401692346.jpg,20,20,BD,en_only,English
1630401851187,Bangladesh/1630401851187.jpg,20,20,BD,en_only,English
1630468590946,Pakistan/1630468590946.jpg,25,25,PK,en_only,English
1630468688829,Pakistan/1630468688829.jpg,25,25,PK,en_only,English
1630468748383,Pakistan/1630468748383.jpg,25,25,PK,na,Not Applicable (NA)
1630468760584,Pakistan/1630468760584.jpg,20,20,PK,en_only,English
1630468845165,Pakistan/1630468845165.jpg,25,25,PK,en_only,English
1630468861404,Pakistan/1630468861404.jpg,29,29,PK,en_only,English
1630471819582,Pakistan/1630471819582.jpg,31,31,PK,en_only,English
1630472012233,Pakistan/1630472012233.jpg,20,20,PK,na,Not Applicable (NA)
1630482832837,Bangladesh/1630482832837.jpg,13,13,BD,en_only,English|Not Applicable (NA)
1630484975776,Bangladesh/1630484975776.jpg,18,18,BD,na,Not Applicable (NA)
1630489664773,Bangladesh/1630489664773.jpg,20,20,BD,na,Not Applicable (NA)
1630489698226,Bangladesh/1630489698226.jpg,25,25,BD,en_only,English
1630506375504,Pakistan/1630506375504.jpg,32,22,PK,na,Not Applicable (NA)
1630506442453,Pakistan/1630506442453.jpg,32,22,PK,na,Not Applicable (NA)
1630506582581,Pakistan/1630506582581.jpg,32,22,PK,na,Not Applicable (NA)
1630506710902,Pakistan/1630506710902.jpg,6,6,PK,na,Not Applicable (NA)
1630506870081,Pakistan/1630506870081.jpg,32,22,PK,na,Not Applicable (NA)
1630553430697,Pakistan/1630553430697.jpg,20,20,PK,en_only,English
1630567231454,Pakistan/1630567231454.jpg,14,14,PK,en_only,English
1630571055661,Bangladesh/1630571055661.jpg,20,20,BD,na,Not Applicable (NA)
1630643736662,Pakistan/1630643736662.jpg,20,20,PK,en_only,English
1630647356080,Pakistan/1630647356080.jpg,20,20,PK,en_only,English
1630679892096,Pakistan/1630679892096.jpg,32,22,PK,en_only,English
1630680293407,Pakistan/1630680293407.jpg,32,22,PK,na,Not Applicable (NA)
1630680726818,Pakistan/1630680726818.jpg,32,22,PK,en_only,English
1630730518819,Pakistan/1630730518819.jpg,14,14,PK,en_only,English
1630737046132,Pakistan/1630737046132.jpg,20,20,PK,na,Not Applicable (NA)
1630764113975,Pakistan/1630764113975.jpg,32,22,PK,na,Not Applicable (NA)
1630764223346,Pakistan/1630764223346.jpg,32,22,PK,na,Not Applicable (NA)
1630764417469,Pakistan/1630764417469.jpg,32,22,PK,na,Not Applicable (NA)
1630764863575,Pakistan/1630764863575.jpg,32,22,PK,na,Not Applicable (NA)
1630764961807,Pakistan/1630764961807.jpg,31,31,PK,na,Not Applicable (NA)
1630829149856,Bangladesh/1630829149856.jpg,18,18,BD,en_only,English Not Applicable (NA)
1630829453549,Bangladesh/1630829453549.jpg,34,34,BD,na,Not Applicable (NA)
1630832245846,Bangladesh/1630832245846.jpg,20,20,BD,en_only,English
1630902758097,Pakistan/1630902758097.jpg,25,25,PK,en_only,English
1630909372934,Pakistan/1630909372934.jpg,25,25,PK,en_only,English
1630909876200,Pakistan/1630909876200.jpg,25,25,PK,en_only,English
1630913728928,Bangladesh/1630913728928.jpg,15,15,BD,en_only,English
1630915434018,Bangladesh/1630915434018.jpg,20,20,BD,en_only,English
1630991078742,Pakistan/1630991078742.jpg,20,20,PK,na,Not Applicable (NA)
1630991380594,Pakistan/1630991380594.jpg,20,20,PK,na,Not Applicable (NA)
1630993443442,Pakistan/1630993443442.jpg,14,14,PK,en_only,English
1630996289682,Pakistan/1630996289682.jpg,25,25,PK,na,Not Applicable (NA)
1630998617487,Pakistan/1630998617487.jpg,15,15,PK,en_only,English
1630999061478,Bangladesh/1630999061478.jpg,20,20,BD,en_only,English
1631004096980,Bangladesh/1631004096980.jpg,25,25,BD,na,Not Applicable (NA)
1631004958066,Bangladesh/1631004958066.jpg,25,25,BD,na,Not Applicable (NA)
1631005545600,Bangladesh/1631005545600.jpg,20,20,BD,en_only,English
1631005823259,Bangladesh/1631005823259.jpg,25,25,BD,en_only,English Not Applicable (NA)
1631023715893,Pakistan/1631023715893.jpg,32,22,PK,na,Not Applicable (NA)
1631025742503,Pakistan/1631025742503.jpg,32,22,PK,en_only,English
1631026245395,Pakistan/1631026245395.jpg,32,22,PK,en_only,English
1631026542511,Pakistan/1631026542511.jpg,32,22,PK,en_only,English
1631084793206,Pakistan/1631084793206.jpg,20,20,PK,en_only,English
1631092756641,Bangladesh/1631092756641.jpg,34,34,BD,na,Not Applicable (NA)
1631093144337,Bangladesh/1631093144337.jpg,25,25,BD,en_only,English Not Applicable (NA)
1631094514555,Bangladesh/1631094514555.jpg,34,34,BD,na,Not Applicable (NA)
1631157608769,Pakistan/1631157608769.jpg,20,20,PK,en_only,English
1631164578358,Pakistan/1631164578358.jpg,20,20,PK,en_only,English
1631336490406,Pakistan/1631336490406.jpg,1,1,PK,en_only,English
1631369351366,Pakistan/1631369351366.jpg,32,22,PK,na,Not Applicable (NA)
1631440648127,Bangladesh/1631440648127.jpg,11,11,BD,na,Not Applicable (NA)
1631441101609,Bangladesh/1631441101609.jpg,11,11,BD,na,Not Applicable (NA)
1631443561714,Bangladesh/1631443561714.jpg,11,11,BD,na,Not Applicable (NA)
1631508836881,Pakistan/1631508836881.jpg,25,25,PK,en_only,English
1631511624011,Pakistan/1631511624011.jpg,31,31,PK,en_only,English
1631514898780,Pakistan/1631514898780.jpg,20,20,PK,en_only,English
1631531511659,Bangladesh/1631531511659.jpg,25,25,BD,en_only,English Not Applicable (NA)
1631677428744,Pakistan/1631677428744.jpg,3,3,PK,na,Not Applicable (NA)
1631701708679,Bangladesh/1631701708679.jpg,25,25,BD,na,Not Applicable (NA)
1631702186129,Bangladesh/1631702186129.jpg,13,13,BD,en_only,English Not Applicable (NA)
1631703156226,Bangladesh/1631703156226.jpg,14,14,BD,na,Not Applicable (NA)
1631704788359,Bangladesh/1631704788359.jpg,20,20,BD,en_only,English
1631774275964,Pakistan/1631774275964.jpg,34,34,PK,na,Not Applicable (NA)
1631774590407,Pakistan/1631774590407.jpg,32,22,PK,na,Not Applicable (NA)
1631786358258,Bangladesh/1631786358258.jpg,11,11,BD,na,Not Applicable (NA)
1631790863612,Bangladesh/1631790863612.jpg,20,20,BD,en_only,English
1631816947686,Pakistan/1631816947686.jpg,32,22,PK,en_only,English
1631855569130,Pakistan/1631855569130.jpg,25,25,PK,na,Not Applicable (NA)
1632046055954,Bangladesh/1632046055954.jpg,25,25,BD,en_only,English Not Applicable (NA)
1632050473816,Bangladesh/1632050473816.jpg,11,11,BD,en_only,English Not Applicable (NA)
1632051921730,Bangladesh/1632051921730.jpg,25,25,BD,en_only,English Not Applicable (NA)
1632222831100,Bangladesh/1632222831100.jpg,25,25,BD,na,Not Applicable (NA)
1632223520268,Bangladesh/1632223520268.jpg,25,25,BD,en_only,English Not Applicable (NA)
1632224252987,Bangladesh/1632224252987.jpg,11,11,BD,na,Not Applicable (NA)
1632452311001,Bangladesh/1632452311001.jpg,11,11,BD,na,Not Applicable (NA)
1632452418463,Bangladesh/1632452418463.jpg,20,20,BD,en_only,English Not Applicable (NA)
1632454532757,Bangladesh/1632454532757.jpg,13,13,BD,en_only,English Not Applicable (NA)
1632455051393,Bangladesh/1632455051393.jpg,21,21,BD,na,Not Applicable (NA)
1632456911645,Bangladesh/1632456911645.jpg,11,11,BD,na,Not Applicable (NA)
1632467457161,Pakistan/1632467457161.jpg,32,22,PK,en_only,English
1632724207264,Pakistan/1632724207264.jpg,20,20,PK,en_only,English
1632739298745,Bangladesh/1632739298745.jpg,34,34,BD,na,Not Applicable (NA)
1632803177535,SL cleaned Images/1632803177535.jpg,25,25,LK,mixed,tamil english
1632803204167,SL cleaned Images/1632803204167.jpg,25,25,LK,mixed,tamil english
1632803242047,SL cleaned Images/1632803242047.jpg,25,25,LK,mixed,tamil english
1632803546660,SL cleaned Images/1632803546660.jpg,25,25,LK,mixed,tamil english
1632803564467,SL cleaned Images/1632803564467.jpg,13,13,LK,en_only,english
1632803878993,SL cleaned Images/1632803878993.jpg,27,27,LK,mixed,sinhala tamil english
1632803898532,SL cleaned Images/1632803898532.jpg,25,25,LK,mixed,tamil english
1632804036940,SL cleaned Images/1632804036940.jpg,27,27,LK,mixed,tamil english
1632804077411,SL cleaned Images/1632804077411.jpg,25,25,LK,mixed,tamil|tamil english
1632804107199,SL cleaned Images/1632804107199.jpg,27,27,LK,mixed,sinhala tamil english
1632804112801,SL cleaned Images/1632804112801.jpg,13,13,LK,local_only,tamil
1632804284221,SL cleaned Images/1632804284221.jpg,25,25,LK,local_only,tamil
1632805546294,SL cleaned Images/1632805546294.jpg,27,27,LK,mixed,tamil english
1632805618438,SL cleaned Images/1632805618438.jpg,14,14,LK,mixed,sinhala english|tamil english
1632805635426,SL cleaned Images/1632805635426.jpg,21,21,LK,en_only,english
1632805657994,SL cleaned Images/1632805657994.jpg,15,15,LK,mixed,tamil english
1632805821989,SL cleaned Images/1632805821989.jpg,27,27,LK,mixed,sinhala tamil english
1632805869790,SL cleaned Images/1632805869790.jpg,20,20,LK,en_only,english
1632805961902,SL cleaned Images/1632805961902.jpg,15,15,LK,local_only,tamil
1632805981988,SL cleaned Images/1632805981988.jpg,14,14,LK,mixed,tamil english
1632806004037,SL cleaned Images/1632806004037.jpg,14,14,LK,mixed,tamil english
1632806072529,SL cleaned Images/1632806072529.jpg,27,27,LK,mixed,tamil english
1632806551339,SL cleaned Images/1632806551339.jpg,15,15,LK,mixed,tamil english
1632807565114,SL cleaned Images/1632807565114.jpg,29,29,LK,mixed,sinhala english
1632807844546,SL cleaned Images/1632807844546.jpg,15,15,LK,mixed,tamil english
1632808445651,SL cleaned Images/1632808445651.jpg,29,29,LK,mixed,tamil english
1632808462054,SL cleaned Images/1632808462054.jpg,29,29,LK,en_only,english
1632808477787,SL cleaned Images/1632808477787.jpg,25,25,LK,mixed,tamil english
1632808516919,SL cleaned Images/1632808516919.jpg,9,9,LK,mixed,sinhala english
1632808961081,SL cleaned Images/1632808961081.jpg,9,9,LK,mixed,sinhala english
1632809051950,SL cleaned Images/1632809051950.jpg,21,21,LK,mixed,tamil english
1632809083465,SL cleaned Images/1632809083465.jpg,5,5,LK,mixed,tamil english
1632809120379,SL cleaned Images/1632809120379.jpg,9,9,LK,mixed,sinhala english
1632809169513,SL cleaned Images/1632809169513.jpg,20,20,LK,mixed,sinhala tamil english
1632809719009,SL cleaned Images/1632809719009.jpg,21,21,LK,mixed,tamil english
1632809733147,SL cleaned Images/1632809733147.jpg,21,21,LK,mixed,sinhala english
1632809947576,SL cleaned Images/1632809947576.jpg,27,27,LK,mixed,sinhala tamil english
1632809971382,SL cleaned Images/1632809971382.jpg,24,24,LK,mixed,sinhala tamil english
1632810514031,SL cleaned Images/1632810514031.jpg,16,16,LK,mixed,tamil english
1632812365080,SL cleaned Images/1632812365080.jpg,25,25,LK,mixed,tamil english
1632812384412,SL cleaned Images/1632812384412.jpg,19,19,LK,mixed,tamil english
1632812443929,SL cleaned Images/1632812443929.jpg,25,25,LK,mixed,tamil english
1632812828354,SL cleaned Images/1632812828354.jpg,14,14,LK,mixed,sinhala tamil english
1632813008101,SL cleaned Images/1632813008101.jpg,14,14,LK,mixed,tamil english
1632814634671,SL cleaned Images/1632814634671.jpg,16,16,LK,mixed,tamil english
1632814829884,SL cleaned Images/1632814829884.jpg,1,1,LK,local_only,tamil
1632815277352,SL cleaned Images/1632815277352.jpg,27,27,LK,mixed,sinhala tamil english
1632815292969,SL cleaned Images/1632815292969.jpg,29,29,LK,mixed,tamil english
1632815993222,Bangladesh/1632815993222.jpg,11,11,BD,na,Not Applicable (NA)
1632896891070,Pakistan/1632896891070.jpg,25,25,PK,en_only,English
1632925952861,Pakistan/1632925952861.jpg,32,22,PK,en_only,English
1632929146230,Pakistan/1632929146230.jpg,32,22,PK,en_only,English
1633593370657,SL cleaned Images/1633593370657.jpg,14,14,LK,mixed,sinhala english
1633593387313,SL cleaned Images/1633593387313.jpg,25,25,LK,mixed,sinhala english
1633593405216,SL cleaned Images/1633593405216.jpg,14,14,LK,mixed,sinhala english
1633593422814,SL cleaned Images/1633593422814.jpg,14,14,LK,mixed,sinhala english
1633593980046,SL cleaned Images/1633593980046.jpg,14,14,LK,mixed,sinhala english
1633593997697,SL cleaned Images/1633593997697.jpg,25,25,LK,en_only,english
1633594016744,SL cleaned Images/1633594016744.jpg,1,1,LK,mixed,english|sinhala tamil english
1633594034626,SL cleaned Images/1633594034626.jpg,17,17,LK,mixed,sinhala english
1633594069441,SL cleaned Images/1633594069441.jpg,20,20,LK,mixed,sinhala english
1634029429362,SL cleaned Images/1634029429362.jpg,14,14,LK,mixed,sinhala english
1634029477077,SL cleaned Images/1634029477077.jpg,14,14,LK,mixed,sinhala english
1634031063987,SL cleaned Images/1634031063987.jpg,20,20,LK,local_only,sinhala
1634031080113,SL cleaned Images/1634031080113.jpg,25,25,LK,mixed,sinhala english
1634031570250,SL cleaned Images/1634031570250.jpg,18,18,LK,mixed,sinhala|sinhala english|sinhala tamil english
1634032600154,SL cleaned Images/1634032600154.jpg,16,16,LK,mixed,sinhala english
1634032620437,SL cleaned Images/1634032620437.jpg,14,14,LK,mixed,sinhala english
1634034090665,SL cleaned Images/1634034090665.jpg,14,14,LK,mixed,sinhala english
1634034130362,SL cleaned Images/1634034130362.jpg,20,20,LK,local_only,sinhala
1636603509897,SL cleaned Images/1636603509897.jpg,13,13,LK,mixed,sinhala tamil english
1636603535769,SL cleaned Images/1636603535769.jpg,20,20,LK,mixed,sinhala tamil english
1636603722359,SL cleaned Images/1636603722359.jpg,14,14,LK,local_only,tamil
1636603758319,SL cleaned Images/1636603758319.jpg,21,21,LK,mixed,tamil english
1636604652014,SL cleaned Images/1636604652014.jpg,1,1,LK,mixed,tamil english
1636604950552,SL cleaned Images/1636604950552.jpg,19,19,LK,en_only,english
1636605165398,SL cleaned Images/1636605165398.jpg,14,14,LK,mixed,tamil english
1636605301732,SL cleaned Images/1636605301732.jpg,29,29,LK,mixed,sinhala tamil english
1636605358929,SL cleaned Images/1636605358929.jpg,21,21,LK,mixed,tamil english
1636606113822,SL cleaned Images/1636606113822.jpg,1,1,LK,mixed,sinhala tamil english|tamil english
1636606137796,SL cleaned Images/1636606137796.jpg,5,5,LK,en_only,english
1636606544722,SL cleaned Images/1636606544722.jpg,14,14,LK,mixed,tamil english
1636606566553,SL cleaned Images/1636606566553.jpg,20,20,LK,mixed,sinhala tamil english
1636606737903,SL cleaned Images/1636606737903.jpg,1,1,LK,mixed,sinhala tamil english|tamil english
1636607024497,SL cleaned Images/1636607024497.jpg,20,20,LK,mixed,sinhala tamil english
1636607069127,SL cleaned Images/1636607069127.jpg,17,17,LK,mixed,sinhala tamil english
1636607096279,SL cleaned Images/1636607096279.jpg,15,15,LK,mixed,tamil english
1636607531301,SL cleaned Images/1636607531301.jpg,25,25,LK,mixed,tamil english
1636607545806,SL cleaned Images/1636607545806.jpg,24,24,LK,mixed,tamil english
1636607668557,SL cleaned Images/1636607668557.jpg,15,15,LK,mixed,tamil english
1636607690655,SL cleaned Images/1636607690655.jpg,20,20,LK,mixed,tamil english
1636608391255,SL cleaned Images/1636608391255.jpg,1,1,LK,mixed,sinhala tamil english
1636608633636,SL cleaned Images/1636608633636.jpg,29,29,LK,local_only,tamil
1636609467597,SL cleaned Images/1636609467597.jpg,21,21,LK,mixed,english|sinhala tamil english
1636609486181,SL cleaned Images/1636609486181.jpg,21,21,LK,mixed,sinhala tamil english
1636609503350,SL cleaned Images/1636609503350.jpg,10,10,LK,mixed,tamil english
1636609530832,SL cleaned Images/1636609530832.jpg,15,15,LK,mixed,tamil english
1636609552586,SL cleaned Images/1636609552586.jpg,25,25,LK,mixed,tamil english
1636610539280,SL cleaned Images/1636610539280.jpg,15,15,LK,mixed,tamil english
1636610575079,SL cleaned Images/1636610575079.jpg,21,21,LK,mixed,tamil english
1636612389936,SL cleaned Images/1636612389936.jpg,20,20,LK,en_only,english
1636614878403,SL cleaned Images/1636614878403.jpg,15,15,LK,mixed,tamil english
1636969681814,SL cleaned Images/1636969681814.jpg,1,1,LK,mixed,tamil english
1636969707568,SL cleaned Images/1636969707568.jpg,27,27,LK,mixed,sinhala tamil english
1636970351057,SL cleaned Images/1636970351057.jpg,15,15,LK,mixed,tamil english
1636973336230,SL cleaned Images/1636973336230.jpg,14,14,LK,mixed,tamil english
1636973380778,SL cleaned Images/1636973380778.jpg,14,14,LK,mixed,tamil english
1636973828734,SL cleaned Images/1636973828734.jpg,21,21,LK,mixed,tamil english
1636973849223,SL cleaned Images/1636973849223.jpg,14,14,LK,mixed,sinhala tamil english
1636974225934,SL cleaned Images/1636974225934.jpg,14,14,LK,mixed,sinhala tamil english
1636974313147,SL cleaned Images/1636974313147.jpg,15,15,LK,mixed,tamil english
1636974336455,SL cleaned Images/1636974336455.jpg,5,5,LK,mixed,tamil english
1636974423620,SL cleaned Images/1636974423620.jpg,20,20,LK,en_only,english
1637126870741,SL cleaned Images/1637126870741.jpg,1,1,LK,local_only,tamil
1637127843647,SL cleaned Images/1637127843647.jpg,20,20,LK,en_only,english
1637127894154,SL cleaned Images/1637127894154.jpg,21,21,LK,mixed,tamil english
1637127951980,SL cleaned Images/1637127951980.jpg,27,27,LK,mixed,sinhala tamil english
1637128649932,SL cleaned Images/1637128649932.jpg,1,1,LK,mixed,sinhala tamil english|tamil english
1637130521724,SL cleaned Images/1637130521724.jpg,20,20,LK,mixed,sinhala english
1637131635654,SL cleaned Images/1637131635654.jpg,25,25,LK,mixed,tamil english
1637132273843,SL cleaned Images/1637132273843.jpg,14,14,LK,mixed,sinhala tamil english
1637132460112,SL cleaned Images/1637132460112.jpg,15,15,LK,mixed,tamil english
1637132477656,SL cleaned Images/1637132477656.jpg,20,20,LK,en_only,english
1637132656238,SL cleaned Images/1637132656238.jpg,15,15,LK,mixed,sinhala english
1637132695906,SL cleaned Images/1637132695906.jpg,20,20,LK,en_only,english
1637132721678,SL cleaned Images/1637132721678.jpg,14,14,LK,en_only,english
1637132734740,SL cleaned Images/1637132734740.jpg,29,29,LK,local_only,sinhala
1637132753013,SL cleaned Images/1637132753013.jpg,29,29,LK,mixed,sinhala english
1637132776630,SL cleaned Images/1637132776630.jpg,25,25,LK,mixed,sinhala english
1637132798364,SL cleaned Images/1637132798364.jpg,19,19,LK,mixed,sinhala tamil english
1637132821191,SL cleaned Images/1637132821191.jpg,29,29,LK,local_only,sinhala
1637133604226,SL cleaned Images/1637133604226.jpg,14,14,LK,mixed,sinhala english
1637134933260,SL cleaned Images/1637134933260.jpg,14,14,LK,mixed,sinhala english
1637135397997,SL cleaned Images/1637135397997.jpg,14,14,LK,mixed,sinhala english
1637135438485,SL cleaned Images/1637135438485.jpg,20,20,LK,en_only,english
1637136020077,SL cleaned Images/1637136020077.jpg,14,14,LK,mixed,sinhala english
1637136033113,SL cleaned Images/1637136033113.jpg,14,14,LK,mixed,sinhala english
1639381789606,SL cleaned Images/1639381789606.jpg,14,14,LK,mixed,sinhala english
1639381828023,SL cleaned Images/1639381828023.jpg,9,9,LK,mixed,sinhala tamil english
1639381829745,SL cleaned Images/1639381829745.jpg,20,20,LK,en_only,english
1639381847620,SL cleaned Images/1639381847620.jpg,20,20,LK,mixed,sinhala english
1639381849982,SL cleaned Images/1639381849982.jpg,1,1,LK,mixed,sinhala english
1639381870905,SL cleaned Images/1639381870905.jpg,9,9,LK,mixed,sinhala english
1639381894061,SL cleaned Images/1639381894061.jpg,15,15,LK,mixed,sinhala tamil english
1639381919530,SL cleaned Images/1639381919530.jpg,14,14,LK,mixed,sinhala english
1639381939372,SL cleaned Images/1639381939372.jpg,14,14,LK,mixed,sinhala english
1639382653621,SL cleaned Images/1639382653621.jpg,14,14,LK,mixed,sinhala tamil english
1639382676742,SL cleaned Images/1639382676742.jpg,14,14,LK,mixed,sinhala english
1639383001615,SL cleaned Images/1639383001615.jpg,15,15,LK,mixed,sinhala english
1639383022380,SL cleaned Images/1639383022380.jpg,15,15,LK,mixed,sinhala english
1639383042886,SL cleaned Images/1639383042886.jpg,25,25,LK,mixed,sinhala english
1639383043354,SL cleaned Images/1639383043354.jpg,25,25,LK,mixed,sinhala english
1639383066337,SL cleaned Images/1639383066337.jpg,27,27,LK,mixed,sinhala english
1639383129899,SL cleaned Images/1639383129899.jpg,25,25,LK,mixed,sinhala english
1639383391975,SL cleaned Images/1639383391975.jpg,19,19,LK,mixed,sinhala english
1639384773667,SL cleaned Images/1639384773667.jpg,18,18,LK,mixed,sinhala english
1639384809165,SL cleaned Images/1639384809165.jpg,25,25,LK,mixed,sinhala english
1639385252388,SL cleaned Images/1639385252388.jpg,25,25,LK,mixed,sinhala english
1639385274049,SL cleaned Images/1639385274049.jpg,14,14,LK,mixed,sinhala english
1639385318302,SL cleaned Images/1639385318302.jpg,14,14,LK,mixed,sinhala english
1639385347186,SL cleaned Images/1639385347186.jpg,25,25,LK,mixed,sinhala english
1639385365158,SL cleaned Images/1639385365158.jpg,15,15,LK,mixed,sinhala english
1639385385739,SL cleaned Images/1639385385739.jpg,29,29,LK,mixed,sinhala tamil english
1639385404416,SL cleaned Images/1639385404416.jpg,19,19,LK,mixed,sinhala english
1639385528418,SL cleaned Images/1639385528418.jpg,25,25,LK,mixed,sinhala english
1639385549622,SL cleaned Images/1639385549622.jpg,20,20,LK,en_only,english
1639385995728,SL cleaned Images/1639385995728.jpg,14,14,LK,mixed,sinhala english
1639386008774,SL cleaned Images/1639386008774.jpg,14,14,LK,mixed,sinhala english
1639386035226,SL cleaned Images/1639386035226.jpg,14,14,LK,mixed,sinhala english
1639386036734,SL cleaned Images/1639386036734.jpg,25,25,LK,mixed,sinhala english
1639386081420,SL cleaned Images/1639386081420.jpg,20,20,LK,en_only,english
1639386427109,SL cleaned Images/1639386427109.jpg,14,14,LK,mixed,sinhala english
1639386830644,SL cleaned Images/1639386830644.jpg,20,20,LK,en_only,english
1639386845753,SL cleaned Images/1639386845753.jpg,14,14,LK,mixed,sinhala english
1639386866552,SL cleaned Images/1639386866552.jpg,14,14,LK,mixed,sinhala english
1639386893416,SL cleaned Images/1639386893416.jpg,14,14,LK,mixed,sinhala tamil english
1639387265201,SL cleaned Images/1639387265201.jpg,9,9,LK,mixed,sinhala tamil english
1639388934491,SL cleaned Images/1639388934491.jpg,25,25,LK,mixed,sinhala english
1639388955410,SL cleaned Images/1639388955410.jpg,14,14,LK,mixed,sinhala english
1639388971297,SL cleaned Images/1639388971297.jpg,21,21,LK,mixed,sinhala english
1639389380082,SL cleaned Images/1639389380082.jpg,14,14,LK,mixed,sinhala english
1639389404944,SL cleaned Images/1639389404944.jpg,15,15,LK,mixed,sinhala tamil english
1639389472412,SL cleaned Images/1639389472412.jpg,25,25,LK,mixed,sinhala english
1639389493450,SL cleaned Images/1639389493450.jpg,14,14,LK,mixed,sinhala english
1639390365879,SL cleaned Images/1639390365879.jpg,20,20,LK,en_only,english
1639390377470,SL cleaned Images/1639390377470.jpg,25,25,LK,mixed,sinhala english
1639390480789,SL cleaned Images/1639390480789.jpg,25,25,LK,mixed,sinhala english
1639391104173,SL cleaned Images/1639391104173.jpg,25,25,LK,mixed,sinhala english
1639391122031,SL cleaned Images/1639391122031.jpg,20,20,LK,mixed,sinhala english
1639391158949,SL cleaned Images/1639391158949.jpg,25,25,LK,en_only,english
1639391211424,SL cleaned Images/1639391211424.jpg,14,14,LK,mixed,sinhala english
1640348680465,SL cleaned Images/1640348680465.jpg,14,14,LK,mixed,sinhala english|tamil english
1640348749118,SL cleaned Images/1640348749118.jpg,25,25,LK,mixed,sinhala english
1640348807585,SL cleaned Images/1640348807585.jpg,29,29,LK,mixed,sinhala tamil english
1640349637565,SL cleaned Images/1640349637565.jpg,14,14,LK,mixed,sinhala english
1640349663026,SL cleaned Images/1640349663026.jpg,27,27,LK,mixed,sinhala tamil english
1640349718043,SL cleaned Images/1640349718043.jpg,25,25,LK,mixed,sinhala english
1640350255708,SL cleaned Images/1640350255708.jpg,25,25,LK,mixed,sinhala english
1640351394985,SL cleaned Images/1640351394985.jpg,19,19,LK,mixed,sinhala english
1640351437342,SL cleaned Images/1640351437342.jpg,27,27,LK,mixed,sinhala tamil english
1640351485299,SL cleaned Images/1640351485299.jpg,25,25,LK,mixed,sinhala english
1640351894225,SL cleaned Images/1640351894225.jpg,25,25,LK,mixed,sinhala english
1640351911118,SL cleaned Images/1640351911118.jpg,25,25,LK,en_only,english
1640351950734,SL cleaned Images/1640351950734.jpg,25,25,LK,mixed,sinhala english
1640353292308,SL cleaned Images/1640353292308.jpg,25,25,LK,mixed,sinhala english
1640353437870,SL cleaned Images/1640353437870.jpg,21,21,LK,mixed,sinhala english
1640353483933,SL cleaned Images/1640353483933.jpg,25,25,LK,mixed,sinhala english
1641385344404,SL cleaned Images/1641385344404.jpg,19,19,LK,mixed,sinhala english
1641386123734,SL cleaned Images/1641386123734.jpg,25,25,LK,mixed,sinhala english
1641386139971,SL cleaned Images/1641386139971.jpg,25,25,LK,mixed,sinhala english
1641386388083,SL cleaned Images/1641386388083.jpg,20,20,LK,en_only,english
1641386412145,SL cleaned Images/1641386412145.jpg,13,13,LK,mixed,sinhala english
1641386438410,SL cleaned Images/1641386438410.jpg,20,20,LK,mixed,sinhala english
1641386478703,SL cleaned Images/1641386478703.jpg,17,17,LK,mixed,sinhala tamil english
1641386496248,SL cleaned Images/1641386496248.jpg,20,20,LK,local_only,sinhala
1641386520277,SL cleaned Images/1641386520277.jpg,20,20,LK,en_only,english
1641386528790,SL cleaned Images/1641386528790.jpg,25,25,LK,mixed,sinhala english
1641386690525,SL cleaned Images/1641386690525.jpg,19,19,LK,en_only,english
1641386704328,SL cleaned Images/1641386704328.jpg,20,20,LK,en_only,english
1641386717466,SL cleaned Images/1641386717466.jpg,13,13,LK,mixed,sinhala english
1641386733385,SL cleaned Images/1641386733385.jpg,25,25,LK,mixed,sinhala english
1641386747815,SL cleaned Images/1641386747815.jpg,13,13,LK,mixed,sinhala english
1641386785669,SL cleaned Images/1641386785669.jpg,25,25,LK,mixed,tamil english
1641386963021,SL cleaned Images/1641386963021.jpg,19,19,LK,mixed,sinhala english
1641386982316,SL cleaned Images/1641386982316.jpg,25,25,LK,mixed,sinhala english
1641387119418,SL cleaned Images/1641387119418.jpg,25,25,LK,en_only,english
1641387133844,SL cleaned Images/1641387133844.jpg,25,25,LK,mixed,sinhala english
1641387182719,SL cleaned Images/1641387182719.jpg,20,20,LK,en_only,english
1641387196674,SL cleaned Images/1641387196674.jpg,25,25,LK,mixed,sinhala english
1641387197248,SL cleaned Images/1641387197248.jpg,25,25,LK,mixed,sinhala english
1641387220541,SL cleaned Images/1641387220541.jpg,13,13,LK,mixed,sinhala tamil english
1641387352016,SL cleaned Images/1641387352016.jpg,25,25,LK,mixed,sinhala english
1641387376339,SL cleaned Images/1641387376339.jpg,5,5,LK,mixed,sinhala english
1641387377939,SL cleaned Images/1641387377939.jpg,25,25,LK,mixed,sinhala english
1641387407379,SL cleaned Images/1641387407379.jpg,20,20,LK,mixed,sinhala english
1641387429287,SL cleaned Images/1641387429287.jpg,13,13,LK,mixed,sinhala english
1641387514565,SL cleaned Images/1641387514565.jpg,20,20,LK,en_only,english
1641387537140,SL cleaned Images/1641387537140.jpg,27,27,LK,mixed,sinhala english
1641387740162,SL cleaned Images/1641387740162.jpg,19,19,LK,en_only,english
1641387913190,SL cleaned Images/1641387913190.jpg,25,25,LK,mixed,sinhala english
1641387926489,SL cleaned Images/1641387926489.jpg,25,25,LK,mixed,sinhala english
1641387939167,SL cleaned Images/1641387939167.jpg,29,29,LK,mixed,sinhala english
1641387969606,SL cleaned Images/1641387969606.jpg,25,25,LK,mixed,sinhala english
1641387992032,SL cleaned Images/1641387992032.jpg,25,25,LK,mixed,sinhala english
1641388009178,SL cleaned Images/1641388009178.jpg,14,14,LK,mixed,sinhala english
1641388023598,SL cleaned Images/1641388023598.jpg,25,25,LK,en_only,english
1641388048552,SL cleaned Images/1641388048552.jpg,25,25,LK,mixed,sinhala english
1641388069733,SL cleaned Images/1641388069733.jpg,25,25,LK,mixed,sinhala english
1641388152637,SL cleaned Images/1641388152637.jpg,25,25,LK,en_only,english
1641388453202,SL cleaned Images/1641388453202.jpg,25,25,LK,en_only,english
1641388469937,SL cleaned Images/1641388469937.jpg,25,25,LK,mixed,sinhala english
1641388852951,SL cleaned Images/1641388852951.jpg,25,25,LK,mixed,sinhala english
1641440245905,SL cleaned Images/1641440245905.jpg,25,25,LK,mixed,sinhala english
1641440254980,SL cleaned Images/1641440254980.jpg,29,29,LK,mixed,sinhala english
1641440268755,SL cleaned Images/1641440268755.jpg,25,25,LK,mixed,sinhala english
1641440363388,SL cleaned Images/1641440363388.jpg,19,19,LK,mixed,sinhala english
1641440377056,SL cleaned Images/1641440377056.jpg,14,14,LK,mixed,sinhala english
1641440841442,SL cleaned Images/1641440841442.jpg,25,25,LK,mixed,sinhala english
1641441699536,SL cleaned Images/1641441699536.jpg,25,25,LK,mixed,sinhala english
1641441724750,SL cleaned Images/1641441724750.jpg,25,25,LK,mixed,sinhala tamil english
1641441866767,SL cleaned Images/1641441866767.jpg,20,20,LK,mixed,sinhala english
1641441893588,SL cleaned Images/1641441893588.jpg,25,25,LK,en_only,english
1641441972271,SL cleaned Images/1641441972271.jpg,20,20,LK,mixed,sinhala english
1641441995298,SL cleaned Images/1641441995298.jpg,25,25,LK,en_only,english
1641443054365,SL cleaned Images/1641443054365.jpg,29,29,LK,mixed,sinhala english
1641443055199,SL cleaned Images/1641443055199.jpg,25,25,LK,mixed,sinhala english
1641443067893,SL cleaned Images/1641443067893.jpg,25,25,LK,en_only,english
1641443141113,SL cleaned Images/1641443141113.jpg,17,17,LK,mixed,sinhala tamil english
1641443982190,SL cleaned Images/1641443982190.jpg,29,29,LK,mixed,sinhala english
1641444020199,SL cleaned Images/1641444020199.jpg,27,27,LK,mixed,sinhala english
1641444041986,SL cleaned Images/1641444041986.jpg,5,5,LK,mixed,sinhala english
1641444150181,SL cleaned Images/1641444150181.jpg,19,19,LK,mixed,sinhala english
1641444163980,SL cleaned Images/1641444163980.jpg,25,25,LK,mixed,sinhala english
1641444466131,SL cleaned Images/1641444466131.jpg,25,25,LK,mixed,sinhala english
1641444511304,SL cleaned Images/1641444511304.jpg,29,29,LK,mixed,sinhala english
1641447977984,SL cleaned Images/1641447977984.jpg,25,25,LK,en_only,english
1641447996894,SL cleaned Images/1641447996894.jpg,19,19,LK,en_only,english
1641448103761,SL cleaned Images/1641448103761.jpg,25,25,LK,mixed,sinhala english
1641448112977,SL cleaned Images/1641448112977.jpg,25,25,LK,mixed,sinhala tamil english
1641448188191,SL cleaned Images/1641448188191.jpg,29,29,LK,mixed,sinhala english
1641448201957,SL cleaned Images/1641448201957.jpg,20,20,LK,en_only,english
1641448250038,SL cleaned Images/1641448250038.jpg,17,17,LK,mixed,sinhala tamil english
1643000750302,India/1643000750302.jpg,19,19,IN,na,Not Applicable (NA)
1643000774872,India/1643000774872.jpg,1,1,IN,en_only,English
1643002043900,India/1643002043900.jpg,17,17,IN,en_only,English|Not Applicable (NA)
1643002344687,India/1643002344687.jpg,17,17,IN,en_only,English
1643086380264,India/1643086380264.jpg,12,12,IN,en_only,English
1643086398817,India/1643086398817.jpg,27,27,IN,en_only,English Not Applicable (NA)
1643086426139,India/1643086426139.jpg,17,17,IN,na,Not Applicable (NA)
1643086634688,India/1643086634688.jpg,20,20,IN,en_only,English
1643087198560,India/1643087198560.jpg,20,20,IN,en_only,English
1643087556934,India/1643087556934.jpg,17,17,IN,en_only,English Not Applicable (NA)
1643087607314,India/1643087607314.jpg,17,17,IN,na,Not Applicable (NA)
1643087617982,India/1643087617982.jpg,34,34,IN,na,Not Applicable (NA)
1643089008396,India/1643089008396.jpg,14,14,IN,en_only,English Not Applicable (NA)
1643089310858,India/1643089310858.jpg,17,17,IN,en_only,English
1643098822236,SL cleaned Images/1643098822236.jpg,20,20,LK,mixed,sinhala english
1643098835119,SL cleaned Images/1643098835119.jpg,29,29,LK,mixed,sinhala english
1643098855486,SL cleaned Images/1643098855486.jpg,19,19,LK,mixed,sinhala english
1643098880197,SL cleaned Images/1643098880197.jpg,29,29,LK,en_only,english
1643098895969,SL cleaned Images/1643098895969.jpg,20,20,LK,en_only,english
1643098963392,SL cleaned Images/1643098963392.jpg,14,14,LK,en_only,english
1643099018698,SL cleaned Images/1643099018698.jpg,25,25,LK,en_only,english
1643099036646,SL cleaned Images/1643099036646.jpg,25,25,LK,mixed,sinhala tamil english
1643099047731,SL cleaned Images/1643099047731.jpg,20,20,LK,en_only,english
1643099117591,SL cleaned Images/1643099117591.jpg,1,1,LK,mixed,sinhala english
1643099125967,SL cleaned Images/1643099125967.jpg,25,25,LK,en_only,english
1643099136680,SL cleaned Images/1643099136680.jpg,25,25,LK,mixed,sinhala english
1643099146886,SL cleaned Images/1643099146886.jpg,14,14,LK,en_only,english
1643099159898,SL cleaned Images/1643099159898.jpg,14,14,LK,mixed,sinhala english
1643099170406,SL cleaned Images/1643099170406.jpg,25,25,LK,mixed,sinhala english
1643099214619,SL cleaned Images/1643099214619.jpg,25,25,LK,mixed,sinhala english
1643099256500,SL cleaned Images/1643099256500.jpg,25,25,LK,mixed,sinhala english
1643099301513,SL cleaned Images/1643099301513.jpg,1,1,LK,mixed,sinhala english
1643099313589,SL cleaned Images/1643099313589.jpg,25,25,LK,mixed,sinhala english
1643099330384,SL cleaned Images/1643099330384.jpg,14,14,LK,en_only,english
1643099386526,SL cleaned Images/1643099386526.jpg,25,25,LK,mixed,sinhala english
1643099435002,SL cleaned Images/1643099435002.jpg,25,25,LK,mixed,sinhala english
1643099524424,SL cleaned Images/1643099524424.jpg,25,25,LK,mixed,sinhala english
1643099537821,SL cleaned Images/1643099537821.jpg,20,20,LK,en_only,english
1643099545165,SL cleaned Images/1643099545165.jpg,1,1,LK,mixed,sinhala english
1643099577679,SL cleaned Images/1643099577679.jpg,25,25,LK,en_only,english
1643099729869,SL cleaned Images/1643099729869.jpg,25,25,LK,mixed,sinhala english
1643099966244,SL cleaned Images/1643099966244.jpg,25,25,LK,mixed,sinhala english
1643100006493,SL cleaned Images/1643100006493.jpg,25,25,LK,mixed,sinhala english
1643100028026,SL cleaned Images/1643100028026.jpg,25,25,LK,mixed,sinhala english
1643100048744,SL cleaned Images/1643100048744.jpg,25,25,LK,mixed,sinhala english
1643100058260,SL cleaned Images/1643100058260.jpg,25,25,LK,mixed,sinhala english
1643100067748,SL cleaned Images/1643100067748.jpg,19,19,LK,mixed,sinhala english
1643100077181,SL cleaned Images/1643100077181.jpg,29,29,LK,mixed,sinhala tamil english
1643100261406,SL cleaned Images/1643100261406.jpg,25,25,LK,en_only,english
1643100272422,SL cleaned Images/1643100272422.jpg,25,25,LK,mixed,sinhala english
1643100371266,SL cleaned Images/1643100371266.jpg,25,25,LK,mixed,sinhala english
1643100387377,SL cleaned Images/1643100387377.jpg,15,15,LK,mixed,sinhala english
1643100410520,SL cleaned Images/1643100410520.jpg,14,14,LK,mixed,sinhala english|sinhala tamil english
1643100423920,SL cleaned Images/1643100423920.jpg,1,1,LK,mixed,sinhala english|sinhala tamil english
1643100621148,SL cleaned Images/1643100621148.jpg,25,25,LK,en_only,english
1643100841569,SL cleaned Images/1643100841569.jpg,1,1,LK,mixed,sinhala english
1643100872141,SL cleaned Images/1643100872141.jpg,25,25,LK,mixed,sinhala english
1643100934007,SL cleaned Images/1643100934007.jpg,14,14,LK,en_only,english
1643100953453,SL cleaned Images/1643100953453.jpg,25,25,LK,mixed,sinhala tamil english
1643100964640,SL cleaned Images/1643100964640.jpg,25,25,LK,mixed,sinhala english
1643100970494,SL cleaned Images/1643100970494.jpg,25,25,LK,en_only,english
1643100991895,SL cleaned Images/1643100991895.jpg,25,25,LK,mixed,sinhala english
1643101298316,SL cleaned Images/1643101298316.jpg,25,25,LK,mixed,sinhala english
1643101372233,SL cleaned Images/1643101372233.jpg,14,14,LK,en_only,english
1643101448590,SL cleaned Images/1643101448590.jpg,19,19,LK,en_only,english
1643101607682,SL cleaned Images/1643101607682.jpg,25,25,LK,en_only,english
1643101991586,SL cleaned Images/1643101991586.jpg,13,13,LK,mixed,sinhala english
1643102127980,SL cleaned Images/1643102127980.jpg,25,25,LK,en_only,english
1643102472095,SL cleaned Images/1643102472095.jpg,25,25,LK,en_only,english
1643102487753,SL cleaned Images/1643102487753.jpg,25,25,LK,mixed,sinhala english
1643102506801,SL cleaned Images/1643102506801.jpg,14,14,LK,en_only,english
1643102535892,SL cleaned Images/1643102535892.jpg,15,15,LK,mixed,sinhala english
1643173953064,SL cleaned Images/1643173953064.jpg,25,25,LK,mixed,sinhala english
1643173981802,SL cleaned Images/1643173981802.jpg,25,25,LK,en_only,english
1643174115907,SL cleaned Images/1643174115907.jpg,13,13,LK,mixed,sinhala english
1643174343553,SL cleaned Images/1643174343553.jpg,25,25,LK,mixed,sinhala english
1643174362637,SL cleaned Images/1643174362637.jpg,9,9,LK,mixed,sinhala english
1643174365155,SL cleaned Images/1643174365155.jpg,14,14,LK,mixed,sinhala tamil english
1643174394860,SL cleaned Images/1643174394860.jpg,14,14,LK,mixed,sinhala english
1643174564816,SL cleaned Images/1643174564816.jpg,25,25,LK,mixed,sinhala english
1643174575327,SL cleaned Images/1643174575327.jpg,25,25,LK,en_only,english
1643174767058,SL cleaned Images/1643174767058.jpg,9,9,LK,mixed,sinhala tamil english
1643174774787,SL cleaned Images/1643174774787.jpg,25,25,LK,en_only,english
1643174786890,SL cleaned Images/1643174786890.jpg,14,14,LK,mixed,sinhala english
1643174788477,SL cleaned Images/1643174788477.jpg,25,25,LK,en_only,english
1643174805450,SL cleaned Images/1643174805450.jpg,25,25,LK,mixed,sinhala english
1643175133972,SL cleaned Images/1643175133972.jpg,25,25,LK,mixed,sinhala english
1643175145396,SL cleaned Images/1643175145396.jpg,25,25,LK,mixed,sinhala english
1643175150002,SL cleaned Images/1643175150002.jpg,25,25,LK,mixed,sinhala english
1643175382328,SL cleaned Images/1643175382328.jpg,29,29,LK,local_only,sinhala tamil
1643175393316,SL cleaned Images/1643175393316.jpg,24,24,LK,mixed,sinhala english
1643175456489,SL cleaned Images/1643175456489.jpg,17,17,LK,mixed,sinhala english
1643175465765,SL cleaned Images/1643175465765.jpg,20,20,LK,en_only,english
1643175485087,SL cleaned Images/1643175485087.jpg,25,25,LK,mixed,english|sinhala english
1643175517855,SL cleaned Images/1643175517855.jpg,1,1,LK,mixed,sinhala english
1643175547326,SL cleaned Images/1643175547326.jpg,14,14,LK,mixed,sinhala english
1643175650449,SL cleaned Images/1643175650449.jpg,25,25,LK,en_only,english
1643175665684,SL cleaned Images/1643175665684.jpg,14,14,LK,mixed,sinhala english
1643176989441,SL cleaned Images/1643176989441.jpg,25,25,LK,mixed,sinhala english
1643177000779,SL cleaned Images/1643177000779.jpg,1,1,LK,mixed,sinhala english|sinhala tamil english
1643177013146,SL cleaned Images/1643177013146.jpg,13,13,LK,mixed,sinhala english
1643177036420,SL cleaned Images/1643177036420.jpg,27,27,LK,mixed,sinhala english
1643177613157,SL cleaned Images/1643177613157.jpg,29,29,LK,mixed,Sinhala Tamil English
1643177623346,SL cleaned Images/1643177623346.jpg,25,25,LK,mixed,Sinhala English
1643177640177,SL cleaned Images/1643177640177.jpg,25,25,LK,en_only,English
1643177776655,SL cleaned Images/1643177776655.jpg,14,14,LK,mixed,Sinhala English
1643177809312,SL cleaned Images/1643177809312.jpg,14,14,LK,mixed,Sinhala English
1643177809569,SL cleaned Images/1643177809569.jpg,25,25,LK,mixed,English|Sinhala English
1643177838167,SL cleaned Images/1643177838167.jpg,25,25,LK,mixed,Sinhala English
1643177856951,SL cleaned Images/1643177856951.jpg,27,27,LK,mixed,Sinhala English
1643177864213,SL cleaned Images/1643177864213.jpg,14,14,LK,mixed,Sinhala English
1643177876245,SL cleaned Images/1643177876245.jpg,25,25,LK,mixed,English|Sinhala English
1643179994373,SL cleaned Images/1643179994373.jpg,25,25,LK,en_only,English
1643180015469,SL cleaned Images/1643180015469.jpg,14,14,LK,mixed,Sinhala English
1643180052623,SL cleaned Images/1643180052623.jpg,14,14,LK,mixed,Sinhala English
1643180160325,SL cleaned Images/1643180160325.jpg,13,13,LK,mixed,Sinhala English
1643180225516,SL cleaned Images/1643180225516.jpg,14,14,LK,mixed,Sinhala English
1643180251109,SL cleaned Images/1643180251109.jpg,25,25,LK,mixed,Sinhala English
1643181491681,SL cleaned Images/1643181491681.jpg,25,25,LK,mixed,Sinhala English
1643181513581,SL cleaned Images/1643181513581.jpg,9,9,LK,mixed,Sinhala English
1643181547730,SL cleaned Images/1643181547730.jpg,25,25,LK,mixed,English|Sinhala English
1643182199939,SL cleaned Images/1643182199939.jpg,20,20,LK,en_only,English
1643182237904,SL cleaned Images/1643182237904.jpg,14,14,LK,en_only,English
1643182261438,SL cleaned Images/1643182261438.jpg,25,25,LK,en_only,English
1643182289021,SL cleaned Images/1643182289021.jpg,25,25,LK,en_only,English
1643182296573,SL cleaned Images/1643182296573.jpg,14,14,LK,en_only,English
1643182304827,SL cleaned Images/1643182304827.jpg,20,20,LK,en_only,English
1643182331899,SL cleaned Images/1643182331899.jpg,20,20,LK,mixed,Sinhala English
1643182428141,SL cleaned Images/1643182428141.jpg,20,20,LK,mixed,Sinhala English
1643182470392,SL cleaned Images/1643182470392.jpg,14,14,LK,mixed,Sinhala English
1643182489993,SL cleaned Images/1643182489993.jpg,20,20,LK,mixed,Sinhala English
1643182508355,SL cleaned Images/1643182508355.jpg,9,9,LK,mixed,Sinhala English
1643182546867,SL cleaned Images/1643182546867.jpg,25,25,LK,mixed,Sinhala English
1643182565339,SL cleaned Images/1643182565339.jpg,1,1,LK,mixed,Sinhala English
1643260426365,India/1643260426365.jpg,13,13,IN,en_only,English Not Applicable (NA)
1643260456631,India/1643260456631.jpg,20,20,IN,en_only,English
1643261057071,India/1643261057071.jpg,25,25,IN,na,Not Applicable (NA)
1643263544916,India/1643263544916.jpg,19,19,IN,en_only,English
1643264197316,India/1643264197316.jpg,17,17,IN,na,Not Applicable (NA)
1643347525486,India/1643347525486.jpg,14,14,IN,en_only,English
1643347632651,India/1643347632651.jpg,20,20,IN,en_only,English
1643347719828,India/1643347719828.jpg,29,29,IN,na,Not Applicable (NA)
1643351743883,India/1643351743883.jpg,25,25,IN,en_only,English Not Applicable (NA)
1643352691573,India/1643352691573.jpg,20,20,IN,en_only,English
1643352773004,India/1643352773004.jpg,20,20,IN,en_only,English
1643352833009,India/1643352833009.jpg,20,20,IN,na,Not Applicable (NA)
1643354094636,India/1643354094636.jpg,25,25,IN,en_only,English Not Applicable (NA)
1643354991752,India/1643354991752.jpg,20,20,IN,en_only,English
1643433307865,India/1643433307865.jpg,9,9,IN,na,Not Applicable (NA)
1643433996054,India/1643433996054.jpg,21,21,IN,en_only,English
1643434176481,India/1643434176481.jpg,16,16,IN,en_only,English
1643434239894,India/1643434239894.jpg,3,3,IN,na,Not Applicable (NA)
1643434315871,India/1643434315871.jpg,29,29,IN,na,Not Applicable (NA)
1644293368755,SL cleaned Images/1644293368755.jpg,25,25,LK,mixed,Sinhala English
1644293409667,SL cleaned Images/1644293409667.jpg,20,20,LK,en_only,English
1644293461935,SL cleaned Images/1644293461935.jpg,9,9,LK,mixed,Sinhala English
1644293497458,SL cleaned Images/1644293497458.jpg,9,9,LK,en_only,English
1644293547413,SL cleaned Images/1644293547413.jpg,20,20,LK,mixed,Sinhala English
1644293565863,SL cleaned Images/1644293565863.jpg,25,25,LK,mixed,Sinhala English
1644293579542,SL cleaned Images/1644293579542.jpg,9,9,LK,mixed,Sinhala English
1644293615237,SL cleaned Images/1644293615237.jpg,21,21,LK,en_only,English
1644293640667,SL cleaned Images/1644293640667.jpg,25,25,LK,en_only,English
1644294666997,SL cleaned Images/1644294666997.jpg,13,13,LK,mixed,Sinhala English
1644295018023,SL cleaned Images/1644295018023.jpg,21,21,LK,mixed,Sinhala English
1644295119105,SL cleaned Images/1644295119105.jpg,25,25,LK,mixed,Sinhala English
1644295172553,SL cleaned Images/1644295172553.jpg,25,25,LK,mixed,Sinhala English
1644296768873,SL cleaned Images/1644296768873.jpg,20,20,LK,mixed,Sinhala English
1644296787780,SL cleaned Images/1644296787780.jpg,14,14,LK,mixed,Sinhala English
1644296862391,SL cleaned Images/1644296862391.jpg,29,29,LK,mixed,Sinhala English
1644297028713,SL cleaned Images/1644297028713.jpg,13,13,LK,mixed,Sinhala English
1644297052612,SL cleaned Images/1644297052612.jpg,27,27,LK,mixed,Sinhala English
1644297071072,SL cleaned Images/1644297071072.jpg,20,20,LK,mixed,Sinhala English
1644297693770,SL cleaned Images/1644297693770.jpg,13,13,LK,mixed,Sinhala English
1644300396813,SL cleaned Images/1644300396813.jpg,25,25,LK,mixed,Sinhala English
1644300423743,SL cleaned Images/1644300423743.jpg,20,20,LK,mixed,Sinhala English
1644483765862,SL cleaned Images/1644483765862.jpg,20,20,LK,mixed,Sinhala English
1644485990821,SL cleaned Images/1644485990821.jpg,25,25,LK,mixed,Sinhala English
1644486020729,SL cleaned Images/1644486020729.jpg,20,20,LK,en_only,English
1644487238690,SL cleaned Images/1644487238690.jpg,29,29,LK,mixed,Sinhala Tamil English
1644984215420,SL cleaned Images/1644984215420.jpg,25,25,LK,mixed,Sinhala English
1644984387594,SL cleaned Images/1644984387594.jpg,14,14,LK,mixed,Sinhala English
1644984483636,SL cleaned Images/1644984483636.jpg,14,14,LK,mixed,Sinhala English
1644984965438,SL cleaned Images/1644984965438.jpg,9,9,LK,mixed,Sinhala English
1644984978753,SL cleaned Images/1644984978753.jpg,25,25,LK,mixed,Sinhala English
1644984992694,SL cleaned Images/1644984992694.jpg,25,25,LK,mixed,Sinhala English
1644985179893,SL cleaned Images/1644985179893.jpg,5,5,LK,mixed,Sinhala English
1644985217508,SL cleaned Images/1644985217508.jpg,25,25,LK,en_only,English
1644985247181,SL cleaned Images/1644985247181.jpg,20,20,LK,en_only,English
1644985268112,SL cleaned Images/1644985268112.jpg,25,25,LK,mixed,Sinhala English
1644985285712,SL cleaned Images/1644985285712.jpg,14,14,LK,mixed,Sinhala English
1644985492266,SL cleaned Images/1644985492266.jpg,20,20,LK,mixed,Sinhala English
1644985520640,SL cleaned Images/1644985520640.jpg,1,1,LK,mixed,Sinhala English
1644985582622,SL cleaned Images/1644985582622.jpg,25,25,LK,en_only,English
1644986281222,SL cleaned Images/1644986281222.jpg,14,14,LK,local_only,Sinhala Not Applicable (NA)
1644986522340,SL cleaned Images/1644986522340.jpg,25,25,LK,mixed,Sinhala English
1644986550092,SL cleaned Images/1644986550092.jpg,29,29,LK,mixed,Sinhala Tamil English
1644986956073,SL cleaned Images/1644986956073.jpg,25,25,LK,mixed,Sinhala English
1644987000393,SL cleaned Images/1644987000393.jpg,13,13,LK,mixed,Sinhala English
1644987225245,SL cleaned Images/1644987225245.jpg,14,14,LK,mixed,Sinhala English
1644987307370,SL cleaned Images/1644987307370.jpg,20,20,LK,en_only,English
1644987659767,SL cleaned Images/1644987659767.jpg,25,25,LK,en_only,English
1644987888001,SL cleaned Images/1644987888001.jpg,1,1,LK,mixed,Sinhala English
1644987906211,SL cleaned Images/1644987906211.jpg,25,25,LK,mixed,Sinhala English
1644987938119,SL cleaned Images/1644987938119.jpg,29,29,LK,mixed,Sinhala English
1644987958156,SL cleaned Images/1644987958156.jpg,25,25,LK,mixed,Sinhala English
1644987987826,SL cleaned Images/1644987987826.jpg,25,25,LK,mixed,Sinhala English
1644988120524,SL cleaned Images/1644988120524.jpg,25,25,LK,mixed,Sinhala English
1644988125381,SL cleaned Images/1644988125381.jpg,14,14,LK,mixed,Sinhala English
1644988143147,SL cleaned Images/1644988143147.jpg,25,25,LK,mixed,Sinhala English
1644988157361,SL cleaned Images/1644988157361.jpg,13,13,LK,mixed,Sinhala Tamil English
1644988193274,SL cleaned Images/1644988193274.jpg,1,1,LK,mixed,Sinhala English
1644988404896,SL cleaned Images/1644988404896.jpg,25,25,LK,mixed,Sinhala English
1644988497199,SL cleaned Images/1644988497199.jpg,1,1,LK,mixed,Sinhala English
1644988525216,SL cleaned Images/1644988525216.jpg,25,25,LK,mixed,Sinhala English
1644989166690,SL cleaned Images/1644989166690.jpg,9,9,LK,mixed,Sinhala English
1644989733271,SL cleaned Images/1644989733271.jpg,25,25,LK,mixed,Sinhala English
1644989840260,SL cleaned Images/1644989840260.jpg,9,9,LK,mixed,Sinhala English
1644989854266,SL cleaned Images/1644989854266.jpg,29,29,LK,mixed,Sinhala English
1644989872162,SL cleaned Images/1644989872162.jpg,21,21,LK,mixed,Sinhala English
1644989899411,SL cleaned Images/1644989899411.jpg,9,9,LK,mixed,Sinhala English
1644990900864,SL cleaned Images/1644990900864.jpg,27,27,LK,mixed,Sinhala English
1644991186719,SL cleaned Images/1644991186719.jpg,29,29,LK,mixed,Sinhala English
1644992245126,SL cleaned Images/1644992245126.jpg,20,20,LK,mixed,Sinhala English
1644992263195,SL cleaned Images/1644992263195.jpg,20,20,LK,mixed,Sinhala English
1644992947106,SL cleaned Images/1644992947106.jpg,14,14,LK,mixed,Sinhala English
1644992958557,SL cleaned Images/1644992958557.jpg,20,20,LK,mixed,Sinhala English
1644992974710,SL cleaned Images/1644992974710.jpg,20,20,LK,en_only,English
1644992985783,SL cleaned Images/1644992985783.jpg,14,14,LK,mixed,Sinhala English
1644993083985,SL cleaned Images/1644993083985.jpg,25,25,LK,mixed,Sinhala English
1644993944653,SL cleaned Images/1644993944653.jpg,25,25,LK,mixed,Sinhala English
1644994140558,SL cleaned Images/1644994140558.jpg,25,25,LK,mixed,Sinhala English
1645761419292,SL cleaned Images/1645761419292.jpg,1,1,LK,mixed,Sinhala English
1645761436508,SL cleaned Images/1645761436508.jpg,25,25,LK,mixed,Sinhala English
1645761790656,SL cleaned Images/1645761790656.jpg,20,20,LK,mixed,Sinhala English
1645761802679,SL cleaned Images/1645761802679.jpg,25,25,LK,mixed,Sinhala English
1645761821873,SL cleaned Images/1645761821873.jpg,20,20,LK,mixed,Sinhala English
1645762553069,SL cleaned Images/1645762553069.jpg,25,25,LK,mixed,Sinhala English
1645762586550,SL cleaned Images/1645762586550.jpg,20,20,LK,mixed,Sinhala English
1645762744731,SL cleaned Images/1645762744731.jpg,17,17,LK,mixed,Sinhala English
1645762761595,SL cleaned Images/1645762761595.jpg,16,16,LK,mixed,Sinhala English
1645762777483,SL cleaned Images/1645762777483.jpg,29,29,LK,mixed,Sinhala English
1645762789592,SL cleaned Images/1645762789592.jpg,25,25,LK,mixed,Sinhala English
1645762859149,SL cleaned Images/1645762859149.jpg,25,25,LK,en_only,English
1645762870075,SL cleaned Images/1645762870075.jpg,25,25,LK,mixed,Sinhala English
1645763074057,SL cleaned Images/1645763074057.jpg,1,1,LK,mixed,Sinhala English
1645763172273,SL cleaned Images/1645763172273.jpg,25,25,LK,mixed,Sinhala English
1645763511106,SL cleaned Images/1645763511106.jpg,25,25,LK,mixed,Sinhala English
1645763775634,SL cleaned Images/1645763775634.jpg,13,13,LK,mixed,Sinhala English
1645763787746,SL cleaned Images/1645763787746.jpg,25,25,LK,mixed,Sinhala English
1645764103099,SL cleaned Images/1645764103099.jpg,17,17,LK,mixed,Sinhala English
1645764118213,SL cleaned Images/1645764118213.jpg,25,25,LK,en_only,English
1645765127348,SL cleaned Images/1645765127348.jpg,14,14,LK,mixed,Sinhala English
1645766901599,SL cleaned Images/1645766901599.jpg,25,25,LK,mixed,Sinhala English|Tamil English
1645769063498,SL cleaned Images/1645769063498.jpg,14,14,LK,mixed,Sinhala English
1645769100075,SL cleaned Images/1645769100075.jpg,14,14,LK,mixed,Sinhala English
1645769867078,SL cleaned Images/1645769867078.jpg,25,25,LK,en_only,English
1645775045699,SL cleaned Images/1645775045699.jpg,25,25,LK,mixed,Sinhala English|Tamil English
1646660158523,SL cleaned Images/1646660158523.jpg,25,25,LK,mixed,Sinhala English
1646970485887,SL cleaned Images/1646970485887.jpg,14,14,LK,mixed,Sinhala English
1646970504527,SL cleaned Images/1646970504527.jpg,15,15,LK,mixed,Sinhala English
1646970603746,SL cleaned Images/1646970603746.jpg,20,20,LK,mixed,Sinhala English
1646971412614,SL cleaned Images/1646971412614.jpg,10,10,LK,en_only,English
1646971436485,SL cleaned Images/1646971436485.jpg,16,16,LK,mixed,Sinhala English
1646971458871,SL cleaned Images/1646971458871.jpg,14,14,LK,mixed,Sinhala English
1646971503486,SL cleaned Images/1646971503486.jpg,14,14,LK,mixed,Sinhala English
1646971534647,SL cleaned Images/1646971534647.jpg,25,25,LK,mixed,Sinhala English
1646971557222,SL cleaned Images/1646971557222.jpg,20,20,LK,en_only,English
1646971714460,SL cleaned Images/1646971714460.jpg,1,1,LK,mixed,Sinhala English
1646971810670,SL cleaned Images/1646971810670.jpg,25,25,LK,mixed,Sinhala English
1646971851620,SL cleaned Images/1646971851620.jpg,14,14,LK,mixed,Sinhala English
1646972033179,SL cleaned Images/1646972033179.jpg,27,27,LK,mixed,Sinhala English
1646972055610,SL cleaned Images/1646972055610.jpg,20,20,LK,mixed,Sinhala English
1646972070484,SL cleaned Images/1646972070484.jpg,25,25,LK,mixed,Sinhala English
1646972170042,SL cleaned Images/1646972170042.jpg,21,21,LK,mixed,Sinhala English
1646972185813,SL cleaned Images/1646972185813.jpg,5,5,LK,mixed,Sinhala English
1646972238805,SL cleaned Images/1646972238805.jpg,20,20,LK,mixed,Sinhala English
1646972372189,SL cleaned Images/1646972372189.jpg,14,14,LK,mixed,Sinhala English
1646972430673,SL cleaned Images/1646972430673.jpg,25,25,LK,mixed,Sinhala English
1646972444201,SL cleaned Images/1646972444201.jpg,21,21,LK,en_only,English
1646972730696,SL cleaned Images/1646972730696.jpg,9,9,LK,mixed,Sinhala English
1646972767758,SL cleaned Images/1646972767758.jpg,9,9,LK,mixed,Sinhala English
1646972777425,SL cleaned Images/1646972777425.jpg,27,27,LK,mixed,Sinhala English
1646972788579,SL cleaned Images/1646972788579.jpg,29,29,LK,mixed,Sinhala English
1646972827763,SL cleaned Images/1646972827763.jpg,14,14,LK,mixed,Sinhala English
1646973067148,SL cleaned Images/1646973067148.jpg,1,1,LK,mixed,sinhala english
1646973305434,SL cleaned Images/1646973305434.jpg,19,19,LK,mixed,sinhala english
1646973863437,SL cleaned Images/1646973863437.jpg,19,19,LK,mixed,sinhala english
1646974397743,SL cleaned Images/1646974397743.jpg,20,20,LK,mixed,sinhala tamil english
1646975063604,SL cleaned Images/1646975063604.jpg,27,27,LK,mixed,sinhala english
1646975088116,SL cleaned Images/1646975088116.jpg,19,19,LK,en_only,english
1646975090940,SL cleaned Images/1646975090940.jpg,25,25,LK,mixed,sinhala english
1646975102295,SL cleaned Images/1646975102295.jpg,25,25,LK,mixed,sinhala english
1646975214812,SL cleaned Images/1646975214812.jpg,14,14,LK,en_only,english
1646975237419,SL cleaned Images/1646975237419.jpg,27,27,LK,mixed,sinhala english
1646975346051,SL cleaned Images/1646975346051.jpg,12,12,LK,mixed,sinhala english
1646975418916,SL cleaned Images/1646975418916.jpg,21,21,LK,mixed,sinhala english
1646976502805,SL cleaned Images/1646976502805.jpg,25,25,LK,mixed,sinhala english
1646976533390,SL cleaned Images/1646976533390.jpg,29,29,LK,mixed,sinhala english
1646976549662,SL cleaned Images/1646976549662.jpg,21,21,LK,local_only,sinhala
1646976564890,SL cleaned Images/1646976564890.jpg,25,25,LK,local_only,sinhala
1646978862933,SL cleaned Images/1646978862933.jpg,29,29,LK,mixed,sinhala english
1647488418420,SL cleaned Images/1647488418420.jpg,14,14,LK,mixed,english|sinhala english
1647488436053,SL cleaned Images/1647488436053.jpg,1,1,LK,mixed,sinhala english
1647488480179,SL cleaned Images/1647488480179.jpg,21,21,LK,mixed,sinhala english
1647488591161,SL cleaned Images/1647488591161.jpg,14,14,LK,mixed,sinhala english
1647488949325,SL cleaned Images/1647488949325.jpg,1,1,LK,mixed,sinhala english
1647488995740,SL cleaned Images/1647488995740.jpg,1,1,LK,mixed,sinhala english
1647489010511,SL cleaned Images/1647489010511.jpg,25,25,LK,mixed,sinhala english
1647489145453,SL cleaned Images/1647489145453.jpg,1,1,LK,mixed,sinhala english
1647489164730,SL cleaned Images/1647489164730.jpg,14,14,LK,mixed,sinhala english
1647489576084,SL cleaned Images/1647489576084.jpg,25,25,LK,mixed,sinhala english
1647489776967,SL cleaned Images/1647489776967.jpg,27,27,LK,mixed,sinhala tamil english
1647489791694,SL cleaned Images/1647489791694.jpg,27,27,LK,mixed,sinhala english
1647489803923,SL cleaned Images/1647489803923.jpg,9,9,LK,mixed,sinhala english
1647489819640,SL cleaned Images/1647489819640.jpg,25,25,LK,mixed,sinhala english
1647489834764,SL cleaned Images/1647489834764.jpg,25,25,LK,mixed,sinhala english
1647489867795,SL cleaned Images/1647489867795.jpg,29,29,LK,mixed,sinhala english
1647489880882,SL cleaned Images/1647489880882.jpg,14,14,LK,mixed,sinhala english
1647489895468,SL cleaned Images/1647489895468.jpg,29,29,LK,mixed,sinhala tamil english
1647489920012,SL cleaned Images/1647489920012.jpg,14,14,LK,mixed,sinhala english
1648783208692,SL cleaned Images/1648783208692.jpg,25,25,LK,mixed,sinhala english
1648783224000,SL cleaned Images/1648783224000.jpg,25,25,LK,mixed,sinhala english
1648783310318,SL cleaned Images/1648783310318.jpg,14,14,LK,mixed,sinhala english
1648783325485,SL cleaned Images/1648783325485.jpg,25,25,LK,mixed,sinhala english
1648783362868,SL cleaned Images/1648783362868.jpg,15,15,LK,en_only,english
1648783386777,SL cleaned Images/1648783386777.jpg,14,14,LK,mixed,sinhala english
1648784128033,SL cleaned Images/1648784128033.jpg,17,17,LK,mixed,sinhala english
1648784154367,SL cleaned Images/1648784154367.jpg,14,14,LK,mixed,sinhala english
1648784170294,SL cleaned Images/1648784170294.jpg,25,25,LK,mixed,sinhala english
1648784524396,SL cleaned Images/1648784524396.jpg,29,29,LK,mixed,sinhala english
1648784694269,SL cleaned Images/1648784694269.jpg,29,29,LK,mixed,sinhala english
1648784865129,SL cleaned Images/1648784865129.jpg,25,25,LK,mixed,sinhala english
1648785295817,SL cleaned Images/1648785295817.jpg,1,1,LK,mixed,sinhala english
1648785306452,SL cleaned Images/1648785306452.jpg,15,15,LK,mixed,sinhala english
1648785307175,SL cleaned Images/1648785307175.jpg,19,19,LK,mixed,sinhala english
1648785318037,SL cleaned Images/1648785318037.jpg,14,14,LK,mixed,sinhala english
1648785571782,SL cleaned Images/1648785571782.jpg,25,25,LK,mixed,not_applicable__na|sinhala english
1648785645878,SL cleaned Images/1648785645878.jpg,14,14,LK,mixed,sinhala english
1648785670766,SL cleaned Images/1648785670766.jpg,20,20,LK,mixed,sinhala english
1648785915983,SL cleaned Images/1648785915983.jpg,17,17,LK,mixed,sinhala english
1648785929956,SL cleaned Images/1648785929956.jpg,14,14,LK,mixed,sinhala english
1648786023578,SL cleaned Images/1648786023578.jpg,10,10,LK,en_only,english
1648786037805,SL cleaned Images/1648786037805.jpg,25,25,LK,en_only,english
1648786049911,SL cleaned Images/1648786049911.jpg,14,14,LK,mixed,sinhala english
1648786283058,SL cleaned Images/1648786283058.jpg,25,25,LK,en_only,english
1648786429278,SL cleaned Images/1648786429278.jpg,25,25,LK,mixed,sinhala english
1648786457664,SL cleaned Images/1648786457664.jpg,2,2,LK,local_only,sinhala
1648786627829,SL cleaned Images/1648786627829.jpg,15,15,LK,mixed,sinhala english
1648786829913,SL cleaned Images/1648786829913.jpg,14,14,LK,mixed,sinhala english
1648787001386,SL cleaned Images/1648787001386.jpg,29,29,LK,mixed,sinhala english
1648787013138,SL cleaned Images/1648787013138.jpg,14,14,LK,mixed,sinhala english
1648787222655,SL cleaned Images/1648787222655.jpg,20,20,LK,mixed,sinhala english
1648787360294,SL cleaned Images/1648787360294.jpg,20,20,LK,mixed,sinhala english
1648787377616,SL cleaned Images/1648787377616.jpg,14,14,LK,mixed,sinhala english
1648787395526,SL cleaned Images/1648787395526.jpg,21,21,LK,mixed,sinhala english
1648787477443,SL cleaned Images/1648787477443.jpg,27,27,LK,mixed,sinhala english
1648787524410,SL cleaned Images/1648787524410.jpg,14,14,LK,mixed,sinhala english
1648787566889,SL cleaned Images/1648787566889.jpg,25,25,LK,mixed,sinhala english
1648787753096,SL cleaned Images/1648787753096.jpg,29,29,LK,mixed,sinhala english
1648787793598,SL cleaned Images/1648787793598.jpg,1,1,LK,mixed,sinhala english
1648787969684,SL cleaned Images/1648787969684.jpg,17,17,LK,mixed,sinhala english
1648788014873,SL cleaned Images/1648788014873.jpg,19,19,LK,mixed,sinhala english
1648789950583,SL cleaned Images/1648789950583.jpg,20,20,LK,local_only,sinhala
1651376951185,SL cleaned Images/1651376951185.jpg,17,17,LK,mixed,sinhala english
1651376971487,SL cleaned Images/1651376971487.jpg,20,20,LK,mixed,sinhala english
1651377112657,SL cleaned Images/1651377112657.jpg,25,25,LK,mixed,sinhala english
1651377399209,SL cleaned Images/1651377399209.jpg,25,25,LK,mixed,sinhala english
1651377537012,SL cleaned Images/1651377537012.jpg,1,1,LK,mixed,sinhala english
1651377800773,SL cleaned Images/1651377800773.jpg,29,29,LK,mixed,sinhala tamil english
1651377816037,SL cleaned Images/1651377816037.jpg,20,20,LK,local_only,sinhala
1651377892482,SL cleaned Images/1651377892482.jpg,1,1,LK,mixed,sinhala english
1651377913595,SL cleaned Images/1651377913595.jpg,14,14,LK,mixed,sinhala english
1651377992313,SL cleaned Images/1651377992313.jpg,23,23,LK,mixed,sinhala tamil english
1651378302436,SL cleaned Images/1651378302436.jpg,25,25,LK,mixed,sinhala english
1651378425417,SL cleaned Images/1651378425417.jpg,7,7,LK,mixed,sinhala english
1651378463998,SL cleaned Images/1651378463998.jpg,12,12,LK,mixed,sinhala english
1651378617176,SL cleaned Images/1651378617176.jpg,21,21,LK,mixed,sinhala english
1651378700819,SL cleaned Images/1651378700819.jpg,25,25,LK,mixed,sinhala english
1651378759253,SL cleaned Images/1651378759253.jpg,29,29,LK,mixed,sinhala english
1651378855314,SL cleaned Images/1651378855314.jpg,9,9,LK,mixed,sinhala english
1651378922388,SL cleaned Images/1651378922388.jpg,23,23,LK,mixed,sinhala english
1651378930073,SL cleaned Images/1651378930073.jpg,13,13,LK,mixed,sinhala english
1651379102500,SL cleaned Images/1651379102500.jpg,20,20,LK,mixed,sinhala english
1651379847531,SL cleaned Images/1651379847531.jpg,13,13,LK,mixed,sinhala english
1651379868037,SL cleaned Images/1651379868037.jpg,21,21,LK,mixed,sinhala english
1651379889704,SL cleaned Images/1651379889704.jpg,15,15,LK,mixed,sinhala english
1651381133295,SL cleaned Images/1651381133295.jpg,14,14,LK,en_only,english
1651381666429,SL cleaned Images/1651381666429.jpg,14,14,LK,mixed,sinhala english
1651381685457,SL cleaned Images/1651381685457.jpg,25,25,LK,local_only,sinhala
1651382051894,SL cleaned Images/1651382051894.jpg,29,29,LK,mixed,sinhala tamil english
1651382403333,SL cleaned Images/1651382403333.jpg,19,19,LK,mixed,sinhala english|tamil english
1651382432246,SL cleaned Images/1651382432246.jpg,21,21,LK,mixed,sinhala english
1651382856964,SL cleaned Images/1651382856964.jpg,21,21,LK,mixed,sinhala english
1651383027937,SL cleaned Images/1651383027937.jpg,1,1,LK,mixed,sinhala english
1651384774711,SL cleaned Images/1651384774711.jpg,14,14,LK,mixed,sinhala english
1651385136892,SL cleaned Images/1651385136892.jpg,14,14,LK,mixed,sinhala english
1651390988238,SL cleaned Images/1651390988238.jpg,17,17,LK,mixed,sinhala english
1651391033121,SL cleaned Images/1651391033121.jpg,29,29,LK,mixed,sinhala english
1651391059646,SL cleaned Images/1651391059646.jpg,1,1,LK,mixed,sinhala english
1651391106239,SL cleaned Images/1651391106239.jpg,21,21,LK,en_only,english
1651476854974,SL cleaned Images/1651476854974.jpg,21,21,LK,mixed,sinhala english
1651476900980,SL cleaned Images/1651476900980.jpg,19,19,LK,mixed,sinhala english
1651476926920,SL cleaned Images/1651476926920.jpg,20,20,LK,mixed,sinhala english
1651477879376,SL cleaned Images/1651477879376.jpg,1,1,LK,mixed,sinhala english
1651477905141,SL cleaned Images/1651477905141.jpg,21,21,LK,mixed,sinhala english
1651479724994,SL cleaned Images/1651479724994.jpg,19,19,LK,mixed,sinhala english
1654153951048,SL cleaned Images/1654153951048.jpg,25,25,LK,mixed,sinhala english
1654155640499,SL cleaned Images/1654155640499.jpg,19,19,LK,en_only,english
1654156082288,SL cleaned Images/1654156082288.jpg,20,20,LK,en_only,english
1654229781332,SL cleaned Images/1654229781332.jpg,14,14,LK,mixed,sinhala english
1654229803005,SL cleaned Images/1654229803005.jpg,14,14,LK,mixed,sinhala english
1654229926441,SL cleaned Images/1654229926441.jpg,19,19,LK,en_only,english
1654229937104,SL cleaned Images/1654229937104.jpg,27,27,LK,mixed,sinhala english
1654230036847,SL cleaned Images/1654230036847.jpg,14,14,LK,en_only,english
1654230553744,SL cleaned Images/1654230553744.jpg,14,14,LK,mixed,sinhala english
1654230569085,SL cleaned Images/1654230569085.jpg,29,29,LK,mixed,sinhala english
1654230574162,SL cleaned Images/1654230574162.jpg,14,14,LK,mixed,sinhala english
1654230577398,SL cleaned Images/1654230577398.jpg,20,20,LK,mixed,sinhala english
1654230606059,SL cleaned Images/1654230606059.jpg,14,14,LK,mixed,sinhala english
1654230613019,SL cleaned Images/1654230613019.jpg,1,1,LK,mixed,sinhala english
1654230642534,SL cleaned Images/1654230642534.jpg,25,25,LK,mixed,sinhala english
1654230683550,SL cleaned Images/1654230683550.jpg,14,14,LK,mixed,sinhala english
1654230834909,SL cleaned Images/1654230834909.jpg,1,1,LK,mixed,sinhala english
1654230880667,SL cleaned Images/1654230880667.jpg,25,25,LK,mixed,sinhala english
1654231999945,SL cleaned Images/1654231999945.jpg,19,19,LK,mixed,sinhala english
1654232112958,SL cleaned Images/1654232112958.jpg,27,27,LK,mixed,sinhala english
1654232207802,SL cleaned Images/1654232207802.jpg,21,21,LK,en_only,english
1654232309161,SL cleaned Images/1654232309161.jpg,29,29,LK,mixed,sinhala english
1654232322532,SL cleaned Images/1654232322532.jpg,12,12,LK,mixed,sinhala english
1654232333414,SL cleaned Images/1654232333414.jpg,15,15,LK,mixed,sinhala english
1654235984155,SL cleaned Images/1654235984155.jpg,1,1,LK,mixed,sinhala english
1654235999712,SL cleaned Images/1654235999712.jpg,27,27,LK,mixed,sinhala english
1654236018596,SL cleaned Images/1654236018596.jpg,1,1,LK,mixed,sinhala english
1654236055433,SL cleaned Images/1654236055433.jpg,25,25,LK,mixed,sinhala english
1655010621685,SL cleaned Images/1655010621685.jpg,13,13,LK,mixed,sinhala english
1655010745020,SL cleaned Images/1655010745020.jpg,19,19,LK,en_only,english
1655010781255,SL cleaned Images/1655010781255.jpg,21,21,LK,mixed,sinhala english
1655010871539,SL cleaned Images/1655010871539.jpg,24,24,LK,mixed,sinhala english
1655010890445,SL cleaned Images/1655010890445.jpg,1,1,LK,mixed,sinhala english
1655011297627,SL cleaned Images/1655011297627.jpg,14,14,LK,mixed,sinhala english
1655011376637,SL cleaned Images/1655011376637.jpg,14,14,LK,en_only,english
1655011584964,SL cleaned Images/1655011584964.jpg,14,14,LK,mixed,sinhala english
1655011676617,SL cleaned Images/1655011676617.jpg,27,27,LK,mixed,sinhala english
1655012406904,SL cleaned Images/1655012406904.jpg,25,25,LK,mixed,sinhala english
1655012417238,SL cleaned Images/1655012417238.jpg,19,19,LK,mixed,sinhala english
1655012435979,SL cleaned Images/1655012435979.jpg,14,14,LK,mixed,sinhala english
1655012452343,SL cleaned Images/1655012452343.jpg,1,1,LK,mixed,sinhala english
1655012466364,SL cleaned Images/1655012466364.jpg,25,25,LK,mixed,sinhala english
1655012483644,SL cleaned Images/1655012483644.jpg,20,20,LK,en_only,english
1655012507903,SL cleaned Images/1655012507903.jpg,24,24,LK,en_only,english
1655012528041,SL cleaned Images/1655012528041.jpg,20,20,LK,en_only,english
1655012542845,SL cleaned Images/1655012542845.jpg,20,20,LK,en_only,english
1655014110560,SL cleaned Images/1655014110560.jpg,25,25,LK,mixed,sinhala english
1655014125407,SL cleaned Images/1655014125407.jpg,14,14,LK,mixed,sinhala english
1655014146296,SL cleaned Images/1655014146296.jpg,14,14,LK,mixed,sinhala english
1655014149163,SL cleaned Images/1655014149163.jpg,24,24,LK,mixed,sinhala english
1655014163981,SL cleaned Images/1655014163981.jpg,19,19,LK,mixed,sinhala english
1655014168660,SL cleaned Images/1655014168660.jpg,25,25,LK,mixed,sinhala english
1655014180302,SL cleaned Images/1655014180302.jpg,25,25,LK,mixed,sinhala english
1655014196256,SL cleaned Images/1655014196256.jpg,13,13,LK,mixed,sinhala english
1655014356105,SL cleaned Images/1655014356105.jpg,14,14,LK,mixed,sinhala english
1655014743363,SL cleaned Images/1655014743363.jpg,14,14,LK,mixed,sinhala english
1655014762219,SL cleaned Images/1655014762219.jpg,14,14,LK,mixed,sinhala english
1655014780910,SL cleaned Images/1655014780910.jpg,14,14,LK,mixed,sinhala english
1655014802541,SL cleaned Images/1655014802541.jpg,21,21,LK,mixed,sinhala english
1655014822417,SL cleaned Images/1655014822417.jpg,21,21,LK,mixed,sinhala english
1655014871245,SL cleaned Images/1655014871245.jpg,25,25,LK,en_only,english
1655014889474,SL cleaned Images/1655014889474.jpg,25,25,LK,mixed,sinhala english
1655015231768,SL cleaned Images/1655015231768.jpg,25,25,LK,mixed,sinhala english
1655015695804,SL cleaned Images/1655015695804.jpg,19,19,LK,mixed,sinhala english
1655016816429,SL cleaned Images/1655016816429.jpg,14,14,LK,mixed,sinhala english
1655018849825,SL cleaned Images/1655018849825.jpg,1,1,LK,mixed,sinhala english
1655018963722,SL cleaned Images/1655018963722.jpg,29,29,LK,mixed,sinhala english
1655019443595,SL cleaned Images/1655019443595.jpg,14,14,LK,mixed,sinhala english
1655019451148,SL cleaned Images/1655019451148.jpg,14,14,LK,mixed,sinhala english
1660449357426,SL cleaned Images/1660449357426.jpg,25,25,LK,mixed,sinhala english
1660449374765,SL cleaned Images/1660449374765.jpg,14,14,LK,mixed,sinhala english
1660449382655,SL cleaned Images/1660449382655.jpg,25,25,LK,mixed,sinhala english
1660449388687,SL cleaned Images/1660449388687.jpg,14,14,LK,mixed,sinhala english
1660449886790,SL cleaned Images/1660449886790.jpg,21,21,LK,mixed,sinhala english
1660449943504,SL cleaned Images/1660449943504.jpg,25,25,LK,mixed,sinhala english
1660449966841,SL cleaned Images/1660449966841.jpg,13,13,LK,mixed,sinhala english
1660450120323,SL cleaned Images/1660450120323.jpg,14,14,LK,mixed,sinhala english
1660450852784,SL cleaned Images/1660450852784.jpg,25,25,LK,mixed,sinhala english
1660450871730,SL cleaned Images/1660450871730.jpg,9,9,LK,mixed,sinhala english
1660451124957,SL cleaned Images/1660451124957.jpg,14,14,LK,mixed,sinhala english
1660451140397,SL cleaned Images/1660451140397.jpg,13,13,LK,mixed,sinhala english
1660452841322,SL cleaned Images/1660452841322.jpg,9,9,LK,en_only,english
1660453549678,SL cleaned Images/1660453549678.jpg,25,25,LK,mixed,sinhala english
1660453573489,SL cleaned Images/1660453573489.jpg,14,14,LK,mixed,sinhala english
1660453630730,SL cleaned Images/1660453630730.jpg,14,14,LK,mixed,sinhala english
1660454869935,SL cleaned Images/1660454869935.jpg,13,13,LK,mixed,sinhala english
1660454925949,SL cleaned Images/1660454925949.jpg,20,20,LK,mixed,sinhala english
1660454942333,SL cleaned Images/1660454942333.jpg,20,20,LK,mixed,sinhala english
1660454972047,SL cleaned Images/1660454972047.jpg,29,29,LK,mixed,sinhala tamil english
1660454975200,SL cleaned Images/1660454975200.jpg,14,14,LK,mixed,sinhala english
1660454991100,SL cleaned Images/1660454991100.jpg,21,21,LK,mixed,sinhala english
1660455045698,SL cleaned Images/1660455045698.jpg,4,4,LK,mixed,sinhala english
1660456664945,SL cleaned Images/1660456664945.jpg,9,9,LK,mixed,sinhala english
1660457140394,SL cleaned Images/1660457140394.jpg,4,4,LK,mixed,sinhala english
1660457150399,SL cleaned Images/1660457150399.jpg,13,13,LK,mixed,sinhala english
1660457218541,SL cleaned Images/1660457218541.jpg,25,25,LK,mixed,sinhala english
1660457231094,SL cleaned Images/1660457231094.jpg,20,20,LK,en_only,english
1660457245127,SL cleaned Images/1660457245127.jpg,14,14,LK,mixed,sinhala english
1661399389494,SL cleaned Images/1661399389494.jpg,4,4,LK,mixed,sinhala english
1661419109852,SL cleaned Images/1661419109852.jpg,9,9,LK,mixed,sinhala english
1661419121504,SL cleaned Images/1661419121504.jpg,27,27,LK,mixed,sinhala english
16615755759394058264644948130642-10_16_39,India/16615755759394058264644948130642-10_16_39.jpg,25,25,IN,en_only,English
16615763807251474933438651105781-10_29_49,India/16615763807251474933438651105781-10_29_49.jpg,7,7,IN,en_only,English Not Applicable (NA)
16617509425056639586095409648541-10_59_8,India/16617509425056639586095409648541-10_59_8.jpg,18,18,IN,na,Not Applicable (NA)
16617509809032829565356588946117-10_59_46,India/16617509809032829565356588946117-10_59_46.jpg,27,27,IN,na,Not Applicable (NA)
16617510364911829221426728877672-11_0_49,India/16617510364911829221426728877672-11_0_49.jpg,20,20,IN,en_only,English
16617515603368528785200466361527-11_9_32,India/16617515603368528785200466361527-11_9_32.jpg,14,14,IN,na,Not Applicable (NA)
16617526499833958021497137696441-11_27_37,India/16617526499833958021497137696441-11_27_37.jpg,20,20,IN,en_only,English Not Applicable (NA)
16617526674534205377536763644534-11_27_54,India/16617526674534205377536763644534-11_27_54.jpg,17,17,IN,na,Not Applicable (NA)
16617530328922367074666172753088-11_34_9,India/16617530328922367074666172753088-11_34_9.jpg,27,27,IN,na,Not Applicable (NA)
16618352312805692772335905384497-10_24_17,India/16618352312805692772335905384497-10_24_17.jpg,11,11,IN,en_only,English
16618354268071850893697223971493-10_27_26,India/16618354268071850893697223971493-10_27_26.jpg,1,1,IN,na,Not Applicable (NA)
16618360829196796543770666462383-10_38_15,India/16618360829196796543770666462383-10_38_15.jpg,25,25,IN,en_only,English
16618361695453077349262111707152-10_39_40,India/16618361695453077349262111707152-10_39_40.jpg,25,25,IN,en_only,English Not Applicable (NA)
16618366983981494172407137215451-10_48_27,India/16618366983981494172407137215451-10_48_27.jpg,32,22,IN,na,Not Applicable (NA)
16618367169351264579030217720873-10_48_47,India/16618367169351264579030217720873-10_48_47.jpg,32,22,IN,na,Not Applicable (NA)
16618367353163712718111783199479-10_49_2,India/16618367353163712718111783199479-10_49_2.jpg,34,34,IN,na,Not Applicable (NA)
16618376251913742379482705310519-11_3_52,India/16618376251913742379482705310519-11_3_52.jpg,32,22,IN,en_only,English
16618377155761903081541533360506-11_5_22,India/16618377155761903081541533360506-11_5_22.jpg,34,34,IN,na,Not Applicable (NA)
16618377331221245992824557529323-11_5_40,India/16618377331221245992824557529323-11_5_40.jpg,34,34,IN,na,Not Applicable (NA)
16618377512396934039997646775133-11_5_59,India/16618377512396934039997646775133-11_5_59.jpg,32,22,IN,en_only,English
16618379771023050035988119853837-11_10_8,India/16618379771023050035988119853837-11_10_8.jpg,14,14,IN,en_only,English
16618381584036635605107903663649-11_12_45,India/16618381584036635605107903663649-11_12_45.jpg,34,34,IN,en_only,English
16618387424838597049953916584149-11_22_29,India/16618387424838597049953916584149-11_22_29.jpg,11,11,IN,en_only,English
16618390422625423503270908557772-11_27_30,India/16618390422625423503270908557772-11_27_30.jpg,34,34,IN,na,Not Applicable (NA)
16618399503107389836348650302457-11_42_34,India/16618399503107389836348650302457-11_42_34.jpg,17,17,IN,na,Not Applicable (NA)
16619206664803313419843657067176-10_8_0,India/16619206664803313419843657067176-10_8_0.jpg,20,20,IN,na,Not Applicable (NA)
16619211492041901604052996621677-10_15_58,India/16619211492041901604052996621677-10_15_58.jpg,32,22,IN,na,Not Applicable (NA)
16619212576941377555914591006069-10_17_47,India/16619212576941377555914591006069-10_17_47.jpg,20,20,IN,na,Not Applicable (NA)
16619213243544995030178008558635-10_18_52,India/16619213243544995030178008558635-10_18_52.jpg,9,9,IN,en_only,English
16619214060296548723346343276586-10_20_12,India/16619214060296548723346343276586-10_20_12.jpg,20,20,IN,na,Not Applicable (NA)
16619214067512870135143654973459-10_20_15,India/16619214067512870135143654973459-10_20_15.jpg,6,6,IN,na,Not Applicable (NA)
16619216379637114999552754452473-10_24_3,India/16619216379637114999552754452473-10_24_3.jpg,1,1,IN,en_only,English
16619216499777838747738513589553-10_24_15,India/16619216499777838747738513589553-10_24_15.jpg,14,14,IN,na,Not Applicable (NA)
16619224559914081481908897493534-10_37_44,India/16619224559914081481908897493534-10_37_44.jpg,20,20,IN,en_only,English
16619227708597266704622535011586-10_42_57,India/16619227708597266704622535011586-10_42_57.jpg,16,16,IN,na,Not Applicable (NA)
16619229526843956159136356675589-10_46_2,India/16619229526843956159136356675589-10_46_2.jpg,20,20,IN,na,Not Applicable (NA)
16619241451382578554857771137479-11_5_48,India/16619241451382578554857771137479-11_5_48.jpg,1,1,IN,na,Not Applicable (NA)
16619251568116792650366220772628-11_22_48,India/16619251568116792650366220772628-11_22_48.jpg,19,19,IN,na,Not Applicable (NA)
16619262526629101399902366918801-11_41_5,India/16619262526629101399902366918801-11_41_5.jpg,13,13,IN,na,Not Applicable (NA)
16619262804762078361232499782637-11_41_33,India/16619262804762078361232499782637-11_41_33.jpg,1,1,IN,na,Not Applicable (NA)
16619263841953009389330766059275-11_43_10,India/16619263841953009389330766059275-11_43_10.jpg,20,20,IN,na,Not Applicable (NA)
16619268407272342867798243772912-11_50_47,India/16619268407272342867798243772912-11_50_47.jpg,19,19,IN,en_only,English
16619270145762812600829103827860-11_54_31,India/16619270145762812600829103827860-11_54_31.jpg,19,19,IN,na,Not Applicable (NA)
16619279966748188667551474058773-12_10_5,India/16619279966748188667551474058773-12_10_5.jpg,32,22,IN,en_only,English
16619280127382980998327101056840-12_10_24,India/16619280127382980998327101056840-12_10_24.jpg,32,22,IN,na,Not Applicable (NA)
16619290941451323564871101177586-12_28_21,India/16619290941451323564871101177586-12_28_21.jpg,17,17,IN,en_only,English
16619296903392381117725125327569-12_38_15,India/16619296903392381117725125327569-12_38_15.jpg,19,19,IN,en_only,English Not Applicable (NA)
16619305932736629898930741598807-12_53_18,India/16619305932736629898930741598807-12_53_18.jpg,1,1,IN,en_only,English
16620092262537098296256744662763-10_43_53,India/16620092262537098296256744662763-10_43_53.jpg,25,25,IN,na,Not Applicable (NA)
16620097809795249874480012825900-10_53_20,India/16620097809795249874480012825900-10_53_20.jpg,20,20,IN,en_only,English
16620116993045005230859644734736-11_25_8,India/16620116993045005230859644734736-11_25_8.jpg,11,11,IN,en_only,English Not Applicable (NA)
16620120154437586117503107744309-11_30_21,India/16620120154437586117503107744309-11_30_21.jpg,32,22,IN,en_only,English Not Applicable (NA)
16620125442265636348370258247352-11_39_12,India/16620125442265636348370258247352-11_39_12.jpg,34,34,IN,na,Not Applicable (NA)
16620129127021866953121857414880-11_45_20,India/16620129127021866953121857414880-11_45_20.jpg,20,20,IN,na,Not Applicable (NA)
16620131906638482221858372892224-11_50_5,India/16620131906638482221858372892224-11_50_5.jpg,1,1,IN,na,Not Applicable (NA)
16620148061023129266538580522636-12_16_56,India/16620148061023129266538580522636-12_16_56.jpg,25,25,IN,na,Not Applicable (NA)
16620157938255515206012947762030-12_33_20,India/16620157938255515206012947762030-12_33_20.jpg,20,20,IN,na,Not Applicable (NA)
16620972295972144712807101842920-11_10_43,India/16620972295972144712807101842920-11_10_43.jpg,6,6,IN,en_only,English Not Applicable (NA)
16620973451663604266595782340506-11_12_34,India/16620973451663604266595782340506-11_12_34.jpg,19,19,IN,en_only,English Not Applicable (NA)
16620978797406152935724857416023-11_21_29,India/16620978797406152935724857416023-11_21_29.jpg,34,34,IN,na,Not Applicable (NA)
16621809162194976811119064217444-10_25_23,India/16621809162194976811119064217444-10_25_23.jpg,1,1,IN,en_only,English
16621823340776692289942704323583-10_48_58,India/16621823340776692289942704323583-10_48_58.jpg,20,20,IN,na,Not Applicable (NA)
16621833459503535928609911310494-11_5_56,India/16621833459503535928609911310494-11_5_56.jpg,7,7,IN,en_only,English Not Applicable (NA)
16623561925824027421384939385679-11_6_38,India/16623561925824027421384939385679-11_6_38.jpg,17,17,IN,na,Not Applicable (NA)
16623566416947437715009385529791-11_14_7,India/16623566416947437715009385529791-11_14_7.jpg,34,34,IN,en_only,English
16624418032391199854431377266375-10_53_28,India/16624418032391199854431377266375-10_53_28.jpg,25,25,IN,en_only,English Not Applicable (NA)
16624421791934409595164691290945-10_59_53,India/16624421791934409595164691290945-10_59_53.jpg,1,1,IN,na,Not Applicable (NA)
16624428348695374933666332042437-11_10_41,India/16624428348695374933666332042437-11_10_41.jpg,12,12,IN,na,Not Applicable (NA)
16624429779454670546610050346883-11_13_3,India/16624429779454670546610050346883-11_13_3.jpg,19,19,IN,na,Not Applicable (NA)
16624435949917206651027478814631-11_23_22,India/16624435949917206651027478814631-11_23_22.jpg,19,19,IN,en_only,English
16624436590473565824020607371378-11_24_23,India/16624436590473565824020607371378-11_24_23.jpg,29,29,IN,na,Not Applicable (NA)
16624438855833147612564894292265-11_28_10,India/16624438855833147612564894292265-11_28_10.jpg,19,19,IN,na,Not Applicable (NA)
16624441058268527036290609548380-11_31_52,India/16624441058268527036290609548380-11_31_52.jpg,21,21,IN,en_only,English Not Applicable (NA)
16624443681464430757905108162929-11_36_11,India/16624443681464430757905108162929-11_36_11.jpg,34,34,IN,na,Not Applicable (NA)
16624451202756072660045584820415-11_48_55,India/16624451202756072660045584820415-11_48_55.jpg,34,34,IN,en_only,English
16624467933923586272163740517736-12_16_40,India/16624467933923586272163740517736-12_16_40.jpg,25,25,IN,na,Not Applicable (NA)
16624470733388114213578868753113-12_21_25,India/16624470733388114213578868753113-12_21_25.jpg,25,25,IN,na,Not Applicable (NA)
16624482264675168342277329457949-12_40_31,India/16624482264675168342277329457949-12_40_31.jpg,34,34,IN,na,Not Applicable (NA)
16624485674568341240492595997790-12_46_17,India/16624485674568341240492595997790-12_46_17.jpg,32,22,IN,en_only,English
16624490739596971206334406497561-12_54_44,India/16624490739596971206334406497561-12_54_44.jpg,34,34,IN,en_only,English Not Applicable (NA)
16625257748585612935869812948998-10_13_4,India/16625257748585612935869812948998-10_13_4.jpg,29,29,IN,en_only,English Not Applicable (NA)
16625268460483237930630642119142-10_30_52,India/16625268460483237930630642119142-10_30_52.jpg,20,20,IN,na,Not Applicable (NA)
16625270626932719571741799971121-10_34_28,India/16625270626932719571741799971121-10_34_28.jpg,19,19,IN,na,Not Applicable (NA)
16625278613825222306208282138787-10_47_49,India/16625278613825222306208282138787-10_47_49.jpg,34,34,IN,na,Not Applicable (NA)
16625279614016495935600800130735-10_49_25,India/16625279614016495935600800130735-10_49_25.jpg,20,20,IN,na,Not Applicable (NA)
16625281815716873879801354197678-10_53_8,India/16625281815716873879801354197678-10_53_8.jpg,18,18,IN,en_only,English Not Applicable (NA)
16625283009116910837934051692442-10_55_28,India/16625283009116910837934051692442-10_55_28.jpg,7,7,IN,en_only,English Not Applicable (NA)
16625285070328447484146671379038-10_58_36,India/16625285070328447484146671379038-10_58_36.jpg,19,19,IN,na,Not Applicable (NA)
16625285100407944161087033802009-10_58_40,India/16625285100407944161087033802009-10_58_40.jpg,32,22,IN,en_only,English
16625287064436105328104718884426-11_2_2,India/16625287064436105328104718884426-11_2_2.jpg,14,14,IN,na,Not Applicable (NA)
16625298588056018051983235265516-11_21_11,India/16625298588056018051983235265516-11_21_11.jpg,25,25,IN,na,Not Applicable (NA)
16625310910008884017326878634225-11_41_35,India/16625310910008884017326878634225-11_41_35.jpg,19,19,IN,na,Not Applicable (NA)
16625312327468193932097853148989-11_43_57,India/16625312327468193932097853148989-11_43_57.jpg,27,27,IN,en_only,English Not Applicable (NA)
16626115777553788144633273486448-10_3_4,India/16626115777553788144633273486448-10_3_4.jpg,20,20,IN,en_only,English
16626115783718280875762398867817-10_3_5,India/16626115783718280875762398867817-10_3_5.jpg,21,21,IN,en_only,English
16626121325414055122188985078092-10_12_24,India/16626121325414055122188985078092-10_12_24.jpg,17,17,IN,na,Not Applicable (NA)
16626125211071778693983858142151-10_18_50,India/16626125211071778693983858142151-10_18_50.jpg,34,34,IN,na,Not Applicable (NA)
16626125901658432352336486288019-10_19_56,India/16626125901658432352336486288019-10_19_56.jpg,1,1,IN,en_only,English
1662612725470104160934061988400-10_22_25,India/1662612725470104160934061988400-10_22_25.jpg,20,20,IN,en_only,English
16626129795579168649701052994251-10_26_32,India/16626129795579168649701052994251-10_26_32.jpg,29,29,IN,na,Not Applicable (NA)
16626138392416291711435746130164-10_40_52,India/16626138392416291711435746130164-10_40_52.jpg,20,20,IN,na,Not Applicable (NA)
16626138756482622318156268621349-10_41_27,India/16626138756482622318156268621349-10_41_27.jpg,17,17,IN,na,Not Applicable (NA)
1662614071742186967426961070911-10_44_37,India/1662614071742186967426961070911-10_44_37.jpg,1,1,IN,en_only,English
16626150838113609314126780521765-11_1_32,India/16626150838113609314126780521765-11_1_32.jpg,14,14,IN,na,Not Applicable (NA)
16626150862174620470774679494268-11_1_30,India/16626150862174620470774679494268-11_1_30.jpg,25,25,IN,na,Not Applicable (NA)
16626152080123303110415543863523-11_3_37,India/16626152080123303110415543863523-11_3_37.jpg,19,19,IN,na,Not Applicable (NA)
16626153141732044477618989144237-11_5_18,India/16626153141732044477618989144237-11_5_18.jpg,34,34,IN,na,Not Applicable (NA)
16626154378798335512376818055309-11_7_28,India/16626154378798335512376818055309-11_7_28.jpg,32,22,IN,en_only,English Not Applicable (NA)
16626158499793659161821596256594-11_14_14,India/16626158499793659161821596256594-11_14_14.jpg,20,20,IN,na,Not Applicable (NA)
16626983933842325764929133086412-10_9_59,India/16626983933842325764929133086412-10_9_59.jpg,34,34,IN,na,Not Applicable (NA)
16626987710253783441077681432983-10_16_25,India/16626987710253783441077681432983-10_16_25.jpg,29,29,IN,na,Not Applicable (NA)
16626993356054865191473520336347-10_25_42,India/16626993356054865191473520336347-10_25_42.jpg,17,17,IN,na,Not Applicable (NA)
16627004773784297210987307126911-10_44_50,India/16627004773784297210987307126911-10_44_50.jpg,29,29,IN,na,Not Applicable (NA)
16627005135168061265996961119805-10_45_23,India/16627005135168061265996961119805-10_45_23.jpg,29,29,IN,na,Not Applicable (NA)
16627007564017685631753729713574-10_49_24,India/16627007564017685631753729713574-10_49_24.jpg,7,7,IN,en_only,English
16627008689398162236464565329894-10_51_20,India/16627008689398162236464565329894-10_51_20.jpg,6,6,IN,na,Not Applicable (NA)
16627010855444548958740406115146-10_54_52,India/16627010855444548958740406115146-10_54_52.jpg,5,5,IN,en_only,English Not Applicable (NA)
1662701316742598242774966117047-10_58_44,India/1662701316742598242774966117047-10_58_44.jpg,5,5,IN,en_only,English Not Applicable (NA)
16627015335563059119029117285518-11_2_22,India/16627015335563059119029117285518-11_2_22.jpg,32,32,IN,na,Not Applicable (NA)
16627022728924743954709154647266-11_14_38,India/16627022728924743954709154647266-11_14_38.jpg,5,5,IN,en_only,English Not Applicable (NA)
16627024578834907554166472380524-11_17_43,India/16627024578834907554166472380524-11_17_43.jpg,20,20,IN,na,Not Applicable (NA)
1662703424026455586968217217896-11_34_0,India/1662703424026455586968217217896-11_34_0.jpg,34,34,IN,na,Not Applicable (NA)
16627042839392761227585549498346-11_48_21,India/16627042839392761227585549498346-11_48_21.jpg,32,22,IN,na,Not Applicable (NA)
16627843830731006408572843232585-10_3_16,India/16627843830731006408572843232585-10_3_16.jpg,17,17,IN,en_only,English
16627847417662228250112576118260-10_9_5,India/16627847417662228250112576118260-10_9_5.jpg,34,34,IN,en_only,English
16627851630704833194871502103651-10_16_12,India/16627851630704833194871502103651-10_16_12.jpg,1,1,IN,en_only,English
16627856107421698563930430688406-10_23_37,India/16627856107421698563930430688406-10_23_37.jpg,32,32,IN,na,Not Applicable (NA)
16627874969935180210824162054085-10_55_4,India/16627874969935180210824162054085-10_55_4.jpg,25,25,IN,na,Not Applicable (NA)
16627878350386358018840762806798-11_0_42,India/16627878350386358018840762806798-11_0_42.jpg,23,23,IN,na,Not Applicable (NA)
16627878852563972618148472039203-11_1_35,India/16627878852563972618148472039203-11_1_35.jpg,20,20,IN,na,Not Applicable (NA)
16627879586629015136273694269442-11_2_48,India/16627879586629015136273694269442-11_2_48.jpg,32,32,IN,na,Not Applicable (NA)
16627882856696074809493721214800-11_8_15,India/16627882856696074809493721214800-11_8_15.jpg,20,20,IN,na,Not Applicable (NA)
16627884795706107982750952895733-11_11_25,India/16627884795706107982750952895733-11_11_25.jpg,17,17,IN,en_only,English
16629575771045226293911735037440-10_9_48,India/16629575771045226293911735037440-10_9_48.jpg,17,17,IN,na,Not Applicable (NA)
16629577642066367316477056288757-10_12_48,India/16629577642066367316477056288757-10_12_48.jpg,21,21,IN,en_only,English
16629579182924236954154991929596-10_15_31,India/16629579182924236954154991929596-10_15_31.jpg,17,17,IN,na,Not Applicable (NA)
16629589254256652831624397230805-10_32_14,India/16629589254256652831624397230805-10_32_14.jpg,21,21,IN,en_only,English
16629616973433593225220313191675-11_18_29,India/16629616973433593225220313191675-11_18_29.jpg,29,29,IN,en_only,English
16629631564813566702771377617572-11_42_42,India/16629631564813566702771377617572-11_42_42.jpg,19,19,IN,en_only,English|Not Applicable (NA)
16630444500984845088481141597375-10_17_40,India/16630444500984845088481141597375-10_17_40.jpg,29,29,IN,en_only,English Not Applicable (NA)
16630447366387561011882530209902-10_22_25,India/16630447366387561011882530209902-10_22_25.jpg,32,32,IN,na,Not Applicable (NA)
16630448517962551458987547277772-10_24_19,India/16630448517962551458987547277772-10_24_19.jpg,14,14,IN,na,Not Applicable (NA)
16630453699248445758121419345863-10_33_1,India/16630453699248445758121419345863-10_33_1.jpg,23,23,IN,na,Not Applicable (NA)
16630456036777182838639772175988-10_36_48,India/16630456036777182838639772175988-10_36_48.jpg,20,20,IN,na,Not Applicable (NA)
16630457819331657179000399418448-10_39_47,India/16630457819331657179000399418448-10_39_47.jpg,11,11,IN,en_only,English
16630460535074261636370089697629-10_44_22,India/16630460535074261636370089697629-10_44_22.jpg,25,25,IN,en_only,English
16630460734781107794672951498703-10_44_42,India/16630460734781107794672951498703-10_44_42.jpg,20,20,IN,na,Not Applicable (NA)
16630460953282220780040972129409-10_45_1,India/16630460953282220780040972129409-10_45_1.jpg,17,17,IN,na,Not Applicable (NA)
16630465683685947538011397631781-10_52_55,India/16630465683685947538011397631781-10_52_55.jpg,25,25,IN,na,Not Applicable (NA)
16630468054235420088685711964727-10_56_52,India/16630468054235420088685711964727-10_56_52.jpg,20,20,IN,en_only,English
16630472281998734553166264371926-11_3_56,India/16630472281998734553166264371926-11_3_56.jpg,19,19,IN,na,Not Applicable (NA)
16631326824762359248815985020764-10_48_12,India/16631326824762359248815985020764-10_48_12.jpg,17,17,IN,na,Not Applicable (NA)
16631329046905779206514363226891-10_51_55,India/16631329046905779206514363226891-10_51_55.jpg,32,32,IN,na,Not Applicable (NA)
16631332298705776370256246615635-10_57_27,India/16631332298705776370256246615635-10_57_27.jpg,20,20,IN,en_only,English|Not Applicable (NA)
16631342665195376730462325941046-11_14_30,India/16631342665195376730462325941046-11_14_30.jpg,25,25,IN,en_only,English
16631345106524259167211185140995-11_18_41,India/16631345106524259167211185140995-11_18_41.jpg,20,20,IN,na,Not Applicable (NA)
16631345270548177868549854092448-11_18_55,India/16631345270548177868549854092448-11_18_55.jpg,17,17,IN,na,Not Applicable (NA)
16631351746254458262018990328982-11_29_43,India/16631351746254458262018990328982-11_29_43.jpg,20,20,IN,en_only,English Not Applicable (NA)
16631354160686059236597465832708-11_33_44,India/16631354160686059236597465832708-11_33_44.jpg,27,27,IN,en_only,English
16632177328422206092086269608779-10_25_41,India/16632177328422206092086269608779-10_25_41.jpg,20,20,IN,na,Not Applicable (NA)
1663217880219795022620385230574-10_28_11,India/1663217880219795022620385230574-10_28_11.jpg,19,19,IN,en_only,English
1664077312911,SL cleaned Images/1664077312911.jpg,29,29,LK,mixed,sinhala english
1664077360934,SL cleaned Images/1664077360934.jpg,25,25,LK,mixed,sinhala english
1664077386260,SL cleaned Images/1664077386260.jpg,33,33,LK,local_only,sinhala
1664077560952,SL cleaned Images/1664077560952.jpg,20,20,LK,en_only,english
1664077569486,SL cleaned Images/1664077569486.jpg,14,14,LK,mixed,sinhala english
1664077578056,SL cleaned Images/1664077578056.jpg,4,4,LK,mixed,sinhala english
1664077578824,SL cleaned Images/1664077578824.jpg,4,4,LK,mixed,sinhala english
1664077687545,SL cleaned Images/1664077687545.jpg,6,6,LK,mixed,sinhala english
1664077815319,SL cleaned Images/1664077815319.jpg,25,25,LK,mixed,sinhala english
1664077863774,SL cleaned Images/1664077863774.jpg,29,29,LK,local_only,sinhala
1664077876029,SL cleaned Images/1664077876029.jpg,27,27,LK,mixed,sinhala english
1664077933028,SL cleaned Images/1664077933028.jpg,14,14,LK,mixed,sinhala english
1664077948662,SL cleaned Images/1664077948662.jpg,13,13,LK,mixed,sinhala english
1664077978397,SL cleaned Images/1664077978397.jpg,25,25,LK,en_only,english
1664078041904,SL cleaned Images/1664078041904.jpg,25,25,LK,mixed,sinhala english
1664078118126,SL cleaned Images/1664078118126.jpg,25,25,LK,mixed,sinhala english
1664078127217,SL cleaned Images/1664078127217.jpg,14,14,LK,mixed,sinhala english
1664078188390,SL cleaned Images/1664078188390.jpg,25,25,LK,en_only,english
1664078308160,SL cleaned Images/1664078308160.jpg,20,20,LK,mixed,sinhala english
1664078329467,SL cleaned Images/1664078329467.jpg,14,14,LK,mixed,sinhala english
1664078356873,SL cleaned Images/1664078356873.jpg,14,14,LK,mixed,sinhala english
1664078432138,SL cleaned Images/1664078432138.jpg,14,14,LK,mixed,sinhala english
1664078673629,SL cleaned Images/1664078673629.jpg,25,25,LK,en_only,english
1664078679504,SL cleaned Images/1664078679504.jpg,14,14,LK,mixed,sinhala english
1664078699360,SL cleaned Images/1664078699360.jpg,14,14,LK,mixed,sinhala english
1664078700667,SL cleaned Images/1664078700667.jpg,20,20,LK,en_only,english
1664078907094,SL cleaned Images/1664078907094.jpg,15,15,LK,mixed,sinhala english
1664079065106,SL cleaned Images/1664079065106.jpg,25,25,LK,mixed,sinhala tamil english
1664079267920,SL cleaned Images/1664079267920.jpg,14,14,LK,mixed,sinhala english
1664079278565,SL cleaned Images/1664079278565.jpg,17,17,LK,local_only,tamil
1664079284117,SL cleaned Images/1664079284117.jpg,25,25,LK,mixed,sinhala english
1664079290947,SL cleaned Images/1664079290947.jpg,32,22,LK,mixed,sinhala english
1664079353591,SL cleaned Images/1664079353591.jpg,19,19,LK,mixed,sinhala english
1664079690989,SL cleaned Images/1664079690989.jpg,25,25,LK,mixed,sinhala english
1664079750189,SL cleaned Images/1664079750189.jpg,25,25,LK,en_only,english
1664079762520,SL cleaned Images/1664079762520.jpg,25,25,LK,mixed,sinhala english
1664079786052,SL cleaned Images/1664079786052.jpg,13,13,LK,mixed,sinhala tamil english
1664079822868,SL cleaned Images/1664079822868.jpg,14,14,LK,mixed,sinhala english
1664079840406,SL cleaned Images/1664079840406.jpg,29,29,LK,local_only,sinhala
1664079854976,SL cleaned Images/1664079854976.jpg,25,25,LK,mixed,sinhala english
1665549681034,SL cleaned Images/1665549681034.jpg,21,21,LK,mixed,sinhala english
1665549704890,SL cleaned Images/1665549704890.jpg,25,25,LK,en_only,english
1665549832816,SL cleaned Images/1665549832816.jpg,32,22,LK,mixed,sinhala english
1665550176044,SL cleaned Images/1665550176044.jpg,25,25,LK,mixed,sinhala english
1665550192152,SL cleaned Images/1665550192152.jpg,25,25,LK,mixed,sinhala english
1665550264334,SL cleaned Images/1665550264334.jpg,25,25,LK,mixed,english|sinhala english
1665550489757,SL cleaned Images/1665550489757.jpg,14,14,LK,mixed,sinhala english
1665550502227,SL cleaned Images/1665550502227.jpg,14,14,LK,mixed,sinhala english
1666161830482,SL cleaned Images/1666161830482.jpg,14,14,LK,mixed,sinhala english
1666161923449,SL cleaned Images/1666161923449.jpg,14,14,LK,mixed,sinhala english
1666161945556,SL cleaned Images/1666161945556.jpg,7,7,LK,mixed,sinhala english
1666162020733,SL cleaned Images/1666162020733.jpg,14,14,LK,mixed,sinhala english
1666162051629,SL cleaned Images/1666162051629.jpg,27,27,LK,mixed,sinhala english
1666162513855,SL cleaned Images/1666162513855.jpg,25,25,LK,en_only,english
1666162533666,SL cleaned Images/1666162533666.jpg,9,9,LK,mixed,sinhala english
1666162541704,SL cleaned Images/1666162541704.jpg,19,19,LK,local_only,sinhala
1666162550859,SL cleaned Images/1666162550859.jpg,27,27,LK,mixed,sinhala english
1666162561491,SL cleaned Images/1666162561491.jpg,15,15,LK,mixed,sinhala english
1666162578400,SL cleaned Images/1666162578400.jpg,14,14,LK,mixed,sinhala english
1666163175293,SL cleaned Images/1666163175293.jpg,14,14,LK,en_only,english
1667989763493,SL cleaned Images/1667989763493.jpg,13,13,LK,mixed,sinhala english
1667990051779,SL cleaned Images/1667990051779.jpg,25,25,LK,mixed,sinhala english
1667990066613,SL cleaned Images/1667990066613.jpg,29,29,LK,mixed,sinhala tamil english
1667991311201,SL cleaned Images/1667991311201.jpg,9,9,LK,mixed,sinhala english
1668148480066,SL cleaned Images/1668148480066.jpg,25,25,LK,mixed,sinhala english
1668148513047,SL cleaned Images/1668148513047.jpg,20,20,LK,mixed,sinhala english
1668148572573,SL cleaned Images/1668148572573.jpg,9,9,LK,mixed,sinhala english
1668148612779,SL cleaned Images/1668148612779.jpg,10,10,LK,en_only,english
1668148634372,SL cleaned Images/1668148634372.jpg,25,25,LK,en_only,english
1668148716688,SL cleaned Images/1668148716688.jpg,21,21,LK,en_only,english
1668148730255,SL cleaned Images/1668148730255.jpg,21,21,LK,mixed,sinhala english
1668148791583,SL cleaned Images/1668148791583.jpg,25,25,LK,en_only,english
1668148917825,SL cleaned Images/1668148917825.jpg,14,14,LK,mixed,sinhala english
1668148929633,SL cleaned Images/1668148929633.jpg,24,24,LK,mixed,sinhala english
1668148942947,SL cleaned Images/1668148942947.jpg,20,20,LK,en_only,english
1668148949077,SL cleaned Images/1668148949077.jpg,25,25,LK,mixed,sinhala english
1668148974351,SL cleaned Images/1668148974351.jpg,25,25,LK,mixed,sinhala english
1668149027842,SL cleaned Images/1668149027842.jpg,14,14,LK,mixed,sinhala english
1668149040124,SL cleaned Images/1668149040124.jpg,25,25,LK,mixed,sinhala english
1668149059248,SL cleaned Images/1668149059248.jpg,15,15,LK,mixed,sinhala english
1668149127592,SL cleaned Images/1668149127592.jpg,20,20,LK,en_only,english
1668149141061,SL cleaned Images/1668149141061.jpg,25,25,LK,en_only,english
1668149213519,SL cleaned Images/1668149213519.jpg,14,14,LK,mixed,sinhala english
1668149297363,SL cleaned Images/1668149297363.jpg,1,1,LK,mixed,sinhala english
1668149524456,SL cleaned Images/1668149524456.jpg,14,14,LK,mixed,sinhala tamil english
1668149537308,SL cleaned Images/1668149537308.jpg,9,9,LK,mixed,sinhala tamil english
1668149548769,SL cleaned Images/1668149548769.jpg,25,25,LK,en_only,english
1668149553754,SL cleaned Images/1668149553754.jpg,14,14,LK,en_only,english
1668149576297,SL cleaned Images/1668149576297.jpg,25,25,LK,mixed,sinhala tamil english
1668149611078,SL cleaned Images/1668149611078.jpg,14,14,LK,mixed,sinhala english
1668149641621,SL cleaned Images/1668149641621.jpg,14,14,LK,mixed,sinhala english
1668149924931,SL cleaned Images/1668149924931.jpg,14,14,LK,mixed,sinhala english
1668149976733,SL cleaned Images/1668149976733.jpg,14,14,LK,local_only,sinhala
1668150015072,SL cleaned Images/1668150015072.jpg,25,25,LK,mixed,sinhala english
1668150024795,SL cleaned Images/1668150024795.jpg,14,14,LK,mixed,sinhala english
1668150029361,SL cleaned Images/1668150029361.jpg,14,14,LK,mixed,sinhala english
1668150046450,SL cleaned Images/1668150046450.jpg,19,19,LK,mixed,sinhala english
1668150060497,SL cleaned Images/1668150060497.jpg,14,14,LK,mixed,sinhala english
1668150077208,SL cleaned Images/1668150077208.jpg,20,20,LK,mixed,sinhala english
1668150177550,SL cleaned Images/1668150177550.jpg,14,14,LK,mixed,sinhala english
1668150195829,SL cleaned Images/1668150195829.jpg,29,29,LK,mixed,sinhala english
1668150216853,SL cleaned Images/1668150216853.jpg,25,25,LK,mixed,sinhala english
1668150236129,SL cleaned Images/1668150236129.jpg,14,14,LK,en_only,english
1668150262983,SL cleaned Images/1668150262983.jpg,13,13,LK,mixed,sinhala tamil english
1668150276453,SL cleaned Images/1668150276453.jpg,14,14,LK,mixed,sinhala english
1668150293541,SL cleaned Images/1668150293541.jpg,25,25,LK,mixed,sinhala english
1668150343704,SL cleaned Images/1668150343704.jpg,14,14,LK,mixed,sinhala english
1668150389800,SL cleaned Images/1668150389800.jpg,10,10,LK,en_only,english
1668150408126,SL cleaned Images/1668150408126.jpg,25,25,LK,en_only,english
1668150538962,SL cleaned Images/1668150538962.jpg,14,14,LK,mixed,sinhala english
1668150550937,SL cleaned Images/1668150550937.jpg,1,1,LK,mixed,sinhala english
1668150749837,SL cleaned Images/1668150749837.jpg,14,14,LK,mixed,sinhala english
1668150838460,SL cleaned Images/1668150838460.jpg,14,14,LK,mixed,sinhala english
1668150942420,SL cleaned Images/1668150942420.jpg,14,14,LK,mixed,sinhala english
1668150994075,SL cleaned Images/1668150994075.jpg,10,10,LK,en_only,english
1668151140523,SL cleaned Images/1668151140523.jpg,14,14,LK,mixed,sinhala english
1668151166789,SL cleaned Images/1668151166789.jpg,1,1,LK,mixed,english|sinhala english
1668151198068,SL cleaned Images/1668151198068.jpg,25,25,LK,mixed,sinhala english
1668151306625,SL cleaned Images/1668151306625.jpg,13,13,LK,mixed,sinhala english
1668151332199,SL cleaned Images/1668151332199.jpg,14,14,LK,mixed,sinhala tamil english
1668151344176,SL cleaned Images/1668151344176.jpg,25,25,LK,mixed,sinhala english
1670141217569,SL cleaned Images/1670141217569.jpg,25,25,LK,mixed,sinhala english
1670141235117,SL cleaned Images/1670141235117.jpg,25,25,LK,mixed,sinhala english
1670141263177,SL cleaned Images/1670141263177.jpg,25,25,LK,mixed,sinhala english
1670141293346,SL cleaned Images/1670141293346.jpg,25,25,LK,mixed,sinhala english
1670141316592,SL cleaned Images/1670141316592.jpg,25,25,LK,en_only,english
1670141636769,SL cleaned Images/1670141636769.jpg,12,12,LK,mixed,sinhala english
1670141696633,SL cleaned Images/1670141696633.jpg,25,25,LK,en_only,english
1670141851847,SL cleaned Images/1670141851847.jpg,21,21,LK,en_only,english
1670142467071,SL cleaned Images/1670142467071.jpg,14,14,LK,en_only,english
1670142621714,SL cleaned Images/1670142621714.jpg,25,25,LK,mixed,sinhala english
1670142654619,SL cleaned Images/1670142654619.jpg,27,27,LK,mixed,sinhala english
1670142773758,SL cleaned Images/1670142773758.jpg,14,14,LK,mixed,sinhala english
1670142912475,SL cleaned Images/1670142912475.jpg,17,17,LK,mixed,sinhala english
1670317639391,SL cleaned Images/1670317639391.jpg,27,27,LK,mixed,sinhala english
1670317774661,SL cleaned Images/1670317774661.jpg,14,14,LK,mixed,sinhala english
1670388868641,SL cleaned Images/1670388868641.jpg,14,14,LK,mixed,sinhala english
1670388988096,SL cleaned Images/1670388988096.jpg,9,9,LK,mixed,sinhala english
1670389318188,SL cleaned Images/1670389318188.jpg,20,20,LK,mixed,sinhala english
1670390918013,SL cleaned Images/1670390918013.jpg,21,21,LK,mixed,sinhala english
1672224664968,SL cleaned Images/1672224664968.jpg,29,29,LK,mixed,sinhala tamil english
1672224908885,SL cleaned Images/1672224908885.jpg,25,25,LK,local_only,sinhala
1672306047415,SL cleaned Images/1672306047415.jpg,14,14,LK,mixed,sinhala english
1672306053233,SL cleaned Images/1672306053233.jpg,25,25,LK,local_only,sinhala
1672306170676,SL cleaned Images/1672306170676.jpg,25,25,LK,en_only,english
1672306465902,SL cleaned Images/1672306465902.jpg,25,25,LK,en_only,english
1673505706079,SL cleaned Images/1673505706079.jpg,15,15,LK,mixed,sinhala english
1673935117883,SL cleaned Images/1673935117883.jpg,25,25,LK,mixed,sinhala english
1673935126452,SL cleaned Images/1673935126452.jpg,17,17,LK,local_only,sinhala
1673935231927,SL cleaned Images/1673935231927.jpg,25,25,LK,en_only,english
1673935239221,SL cleaned Images/1673935239221.jpg,14,14,LK,en_only,english
1673935242283,SL cleaned Images/1673935242283.jpg,25,25,LK,na,not_applicable__na
1673935256842,SL cleaned Images/1673935256842.jpg,9,9,LK,local_only,sinhala
1673935269462,SL cleaned Images/1673935269462.jpg,25,25,LK,mixed,sinhala tamil english
1673935273985,SL cleaned Images/1673935273985.jpg,2,2,LK,local_only,sinhala
1673935340207,SL cleaned Images/1673935340207.jpg,25,25,LK,local_only,sinhala
1673935356946,SL cleaned Images/1673935356946.jpg,25,25,LK,en_only,english
1673935568401,SL cleaned Images/1673935568401.jpg,23,23,LK,mixed,sinhala english
1673935668495,SL cleaned Images/1673935668495.jpg,14,14,LK,local_only,sinhala
1673936187726,SL cleaned Images/1673936187726.jpg,14,14,LK,local_only,sinhala
1673936327540,SL cleaned Images/1673936327540.jpg,25,25,LK,local_only,sinhala
1673936412776,SL cleaned Images/1673936412776.jpg,25,25,LK,en_only,english
1673936916161,SL cleaned Images/1673936916161.jpg,20,20,LK,local_only,sinhala
1673937014098,SL cleaned Images/1673937014098.jpg,14,14,LK,mixed,sinhala tamil english
1673937092337,SL cleaned Images/1673937092337.jpg,27,27,LK,local_only,sinhala
1673937112761,SL cleaned Images/1673937112761.jpg,25,25,LK,local_only,tamil
1673937128897,SL cleaned Images/1673937128897.jpg,25,25,LK,mixed,sinhala english
1673937552693,SL cleaned Images/1673937552693.jpg,17,17,LK,mixed,sinhala english
1673937564006,SL cleaned Images/1673937564006.jpg,14,14,LK,mixed,sinhala|sinhala english
1673937881235,SL cleaned Images/1673937881235.jpg,9,9,LK,mixed,sinhala english
1673937911891,SL cleaned Images/1673937911891.jpg,17,17,LK,mixed,sinhala english
1673938041281,SL cleaned Images/1673938041281.jpg,27,27,LK,mixed,sinhala english
1673938304810,SL cleaned Images/1673938304810.jpg,20,20,LK,en_only,english
1673938325849,SL cleaned Images/1673938325849.jpg,14,14,LK,local_only,sinhala
1673938543515,SL cleaned Images/1673938543515.jpg,27,27,LK,mixed,sinhala english
1673938664168,SL cleaned Images/1673938664168.jpg,14,14,LK,local_only,sinhala
1673938902687,SL cleaned Images/1673938902687.jpg,12,12,LK,local_only,sinhala
1673939166198,SL cleaned Images/1673939166198.jpg,20,20,LK,en_only,english
1673941613749,SL cleaned Images/1673941613749.jpg,14,14,LK,mixed,sinhala english
1674362909392,SL cleaned Images/1674362909392.jpg,27,27,LK,local_only,sinhala tamil
1675665833841,SL cleaned Images/1675665833841.jpg,25,25,LK,mixed,tamil english
1675665858843,SL cleaned Images/1675665858843.jpg,15,15,LK,mixed,sinhala english
1675924997758,SL cleaned Images/1675924997758.jpg,19,19,LK,local_only,tamil
1675925499851,SL cleaned Images/1675925499851.jpg,25,25,LK,local_only,tamil
1676012151221,SL cleaned Images/1676012151221.jpg,25,25,LK,local_only,sinhala
1676012261956,SL cleaned Images/1676012261956.jpg,25,25,LK,mixed,sinhala english
1676012404169,SL cleaned Images/1676012404169.jpg,20,20,LK,en_only,english
1676012514457,SL cleaned Images/1676012514457.jpg,17,17,LK,local_only,sinhala
1676012533578,SL cleaned Images/1676012533578.jpg,20,20,LK,en_only,english
1676012548440,SL cleaned Images/1676012548440.jpg,14,14,LK,mixed,sinhala english
1676012673633,SL cleaned Images/1676012673633.jpg,20,20,LK,en_only,english
1676012749003,SL cleaned Images/1676012749003.jpg,25,25,LK,local_only,sinhala
1676012832521,SL cleaned Images/1676012832521.jpg,19,19,LK,local_only,sinhala
1676012935119,SL cleaned Images/1676012935119.jpg,14,14,LK,mixed,english|sinhala
1676012957547,SL cleaned Images/1676012957547.jpg,25,25,LK,en_only,english
1676013017223,SL cleaned Images/1676013017223.jpg,14,14,LK,mixed,sinhala|sinhala english
1676013036988,SL cleaned Images/1676013036988.jpg,14,14,LK,local_only,sinhala
1676013049457,SL cleaned Images/1676013049457.jpg,25,25,LK,mixed,sinhala english
1676013063812,SL cleaned Images/1676013063812.jpg,14,14,LK,local_only,sinhala
1676013092277,SL cleaned Images/1676013092277.jpg,19,19,LK,mixed,sinhala english
1676013108040,SL cleaned Images/1676013108040.jpg,25,25,LK,en_only,english
1676013131314,SL cleaned Images/1676013131314.jpg,20,20,LK,en_only,english
1676013131500,SL cleaned Images/1676013131500.jpg,14,14,LK,local_only,sinhala
1676013149645,SL cleaned Images/1676013149645.jpg,25,25,LK,local_only,sinhala
1676013152919,SL cleaned Images/1676013152919.jpg,14,14,LK,mixed,sinhala english
1676013224895,SL cleaned Images/1676013224895.jpg,25,25,LK,en_only,english
1676013233642,SL cleaned Images/1676013233642.jpg,14,14,LK,mixed,sinhala english
1676013238182,SL cleaned Images/1676013238182.jpg,14,14,LK,local_only,sinhala
1676013243679,SL cleaned Images/1676013243679.jpg,14,14,LK,mixed,sinhala english
1676013599318,SL cleaned Images/1676013599318.jpg,14,14,LK,local_only,sinhala
1676013609186,SL cleaned Images/1676013609186.jpg,25,25,LK,mixed,sinhala english
1676013613086,SL cleaned Images/1676013613086.jpg,20,20,LK,en_only,english
1676013616659,SL cleaned Images/1676013616659.jpg,25,25,LK,local_only,sinhala
1676013653273,SL cleaned Images/1676013653273.jpg,20,20,LK,local_only,sinhala
1676013703759,SL cleaned Images/1676013703759.jpg,16,16,LK,en_only,english
1676013767441,SL cleaned Images/1676013767441.jpg,25,25,LK,local_only,sinhala
1676013776531,SL cleaned Images/1676013776531.jpg,25,25,LK,mixed,sinhala english
1676013785489,SL cleaned Images/1676013785489.jpg,25,25,LK,en_only,english
1676013914811,SL cleaned Images/1676013914811.jpg,29,29,LK,local_only,sinhala tamil
1676014835776,SL cleaned Images/1676014835776.jpg,20,20,LK,local_only,sinhala
1676014852383,SL cleaned Images/1676014852383.jpg,14,14,LK,mixed,sinhala english
1676014857515,SL cleaned Images/1676014857515.jpg,25,25,LK,mixed,sinhala english
1676015036030,SL cleaned Images/1676015036030.jpg,14,14,LK,local_only,sinhala
1676015073474,SL cleaned Images/1676015073474.jpg,15,15,LK,mixed,sinhala english
1676015524902,SL cleaned Images/1676015524902.jpg,14,14,LK,local_only,sinhala
1677690876653,Pakistan/1677690876653.jpg,32,32,PK,na,Not Applicable (NA)
1677830544902,SL cleaned Images/1677830544902.jpg,20,20,LK,local_only,sinhala
1677831996962,SL cleaned Images/1677831996962.jpg,15,15,LK,mixed,sinhala english
1677832027354,SL cleaned Images/1677832027354.jpg,25,25,LK,mixed,tamil english
1677906278685,Pakistan/1677906278685.jpg,11,11,PK,en_only,English
1677906601924,Pakistan/1677906601924.jpg,19,19,PK,en_only,English Not Applicable (NA)
1677906882577,Pakistan/1677906882577.jpg,31,31,PK,na,Not Applicable (NA)
1678086005840,SL cleaned Images/1678086005840.jpg,14,14,LK,mixed,sinhala english
1678086695071,SL cleaned Images/1678086695071.jpg,29,29,LK,mixed,sinhala|sinhala tamil english
1678087971611,SL cleaned Images/1678087971611.jpg,25,25,LK,mixed,sinhala english
1678090530452,SL cleaned Images/1678090530452.jpg,2,2,LK,local_only,sinhala
1678090546289,SL cleaned Images/1678090546289.jpg,14,14,LK,local_only,sinhala
1678091105579,SL cleaned Images/1678091105579.jpg,25,25,LK,na,not_applicable__na
1678091119916,SL cleaned Images/1678091119916.jpg,14,14,LK,local_only,sinhala
1678091273254,SL cleaned Images/1678091273254.jpg,20,20,LK,local_only,sinhala
1678091281703,SL cleaned Images/1678091281703.jpg,25,25,LK,mixed,sinhala english
1678091477736,SL cleaned Images/1678091477736.jpg,29,29,LK,local_only,sinhala
1678091498894,SL cleaned Images/1678091498894.jpg,14,14,LK,local_only,sinhala
1678091522366,SL cleaned Images/1678091522366.jpg,14,14,LK,local_only,sinhala
1678091712509,SL cleaned Images/1678091712509.jpg,17,17,LK,mixed,sinhala english
1678091722794,SL cleaned Images/1678091722794.jpg,12,12,LK,local_only,sinhala
1678091828998,SL cleaned Images/1678091828998.jpg,14,14,LK,local_only,sinhala
1678091878768,SL cleaned Images/1678091878768.jpg,13,13,LK,local_only,sinhala
1678091969335,SL cleaned Images/1678091969335.jpg,14,14,LK,local_only,sinhala
1678092167021,SL cleaned Images/1678092167021.jpg,25,25,LK,local_only,sinhala
1678092245524,SL cleaned Images/1678092245524.jpg,9,9,LK,local_only,sinhala
1678092872042,SL cleaned Images/1678092872042.jpg,12,12,LK,mixed,sinhala english
1678093917917,SL cleaned Images/1678093917917.jpg,14,14,LK,local_only,sinhala
1678094014827,SL cleaned Images/1678094014827.jpg,14,14,LK,mixed,sinhala english
1678094221380,SL cleaned Images/1678094221380.jpg,17,17,LK,mixed,sinhala english
1680251086496,SL cleaned Images/1680251086496.jpg,1,1,LK,local_only,sinhala
1680251104765,SL cleaned Images/1680251104765.jpg,20,20,LK,mixed,sinhala english
1680501897676,SL cleaned Images/1680501897676.jpg,14,14,LK,mixed,sinhala tamil english
1680501922411,SL cleaned Images/1680501922411.jpg,14,14,LK,local_only,sinhala
1680501931529,SL cleaned Images/1680501931529.jpg,25,25,LK,local_only,sinhala
1680501973245,SL cleaned Images/1680501973245.jpg,2,2,LK,local_only,sinhala
1680502215852,SL cleaned Images/1680502215852.jpg,14,14,LK,mixed,sinhala tamil english
1680502595119,SL cleaned Images/1680502595119.jpg,25,25,LK,local_only,sinhala
1680502608387,SL cleaned Images/1680502608387.jpg,14,14,LK,local_only,sinhala
1680504651845,SL cleaned Images/1680504651845.jpg,14,14,LK,local_only,sinhala
1680505296424,SL cleaned Images/1680505296424.jpg,20,20,LK,en_only,english
1680505339906,SL cleaned Images/1680505339906.jpg,13,13,LK,mixed,sinhala english
1682395206626,SL cleaned Images/1682395206626.jpg,25,25,LK,mixed,sinhala english
1682395222263,SL cleaned Images/1682395222263.jpg,14,14,LK,mixed,sinhala english
1682395745405,SL cleaned Images/1682395745405.jpg,25,25,LK,local_only,sinhala
1682395760677,SL cleaned Images/1682395760677.jpg,25,25,LK,mixed,sinhala english
1682578546464,SL cleaned Images/1682578546464.jpg,12,12,LK,mixed,sinhala english
1682578762976,SL cleaned Images/1682578762976.jpg,2,2,LK,mixed,sinhala english
1682579560254,SL cleaned Images/1682579560254.jpg,14,14,LK,na,not_applicable__na
1682579716374,SL cleaned Images/1682579716374.jpg,27,27,LK,mixed,sinhala tamil english
1682579789370,SL cleaned Images/1682579789370.jpg,15,15,LK,mixed,sinhala english
1682580216794,SL cleaned Images/1682580216794.jpg,14,14,LK,mixed,not_applicable__na|sinhala english
1682580229727,SL cleaned Images/1682580229727.jpg,2,2,LK,mixed,sinhala english
1682580613121,SL cleaned Images/1682580613121.jpg,14,14,LK,mixed,sinhala tamil english
1682580634591,SL cleaned Images/1682580634591.jpg,15,15,LK,local_only,sinhala
1682580687495,SL cleaned Images/1682580687495.jpg,14,14,LK,mixed,sinhala english
1682830324380,Bangladesh/1682830324380.jpg,25,25,BD,na,Not Applicable (NA)
1682851551970,Bangladesh/1682851551970.jpg,25,25,BD,en_only,English Not Applicable (NA)
1683084172777,Bangladesh/1683084172777.jpg,25,25,BD,en_only,English Not Applicable (NA)
1683106570388,Bangladesh/1683106570388.jpg,20,20,BD,na,Not Applicable (NA)
1683106698653,Bangladesh/1683106698653.jpg,14,14,BD,na,Not Applicable (NA)
1683363186931,Bangladesh/1683363186931.jpg,20,20,BD,en_only,English
1683363202139,Bangladesh/1683363202139.jpg,14,14,BD,en_only,English Not Applicable (NA)
1683430970335,Bangladesh/1683430970335.jpg,20,20,BD,na,Not Applicable (NA)
1683433448770,Bangladesh/1683433448770.jpg,20,20,BD,en_only,English
1683534237183,Bangladesh/1683534237183.jpg,20,20,BD,en_only,English
1683601826736,Bangladesh/1683601826736.jpg,20,20,BD,en_only,English
1683704786251,Bangladesh/1683704786251.jpg,20,20,BD,en_only,English
1684232941581,Bangladesh/1684232941581.jpg,16,16,BD,en_only,English Not Applicable (NA)
1684303398419,Bangladesh/1684303398419.jpg,25,25,BD,na,Not Applicable (NA)
1684303843644,Bangladesh/1684303843644.jpg,25,25,BD,na,Not Applicable (NA)
1684304340571,Bangladesh/1684304340571.jpg,25,25,BD,en_only,English Not Applicable (NA)
1684304968631,Bangladesh/1684304968631.jpg,20,20,BD,en_only,English
1684305003284,Bangladesh/1684305003284.jpg,16,16,BD,na,Not Applicable (NA)
1684305523183,Bangladesh/1684305523183.jpg,20,20,BD,en_only,English
1684305565970,Bangladesh/1684305565970.jpg,25,25,BD,en_only,English Not Applicable (NA)
1684305931356,Bangladesh/1684305931356.jpg,14,14,BD,en_only,English Not Applicable (NA)
1684312585701,Bangladesh/1684312585701.jpg,25,25,BD,en_only,English Not Applicable (NA)
1684314038271,Bangladesh/1684314038271.jpg,16,16,BD,na,Not Applicable (NA)
1684317489812,Bangladesh/1684317489812.jpg,20,20,BD,en_only,English
1684321491290,Bangladesh/1684321491290.jpg,20,20,BD,en_only,English
1684379259957,Bangladesh/1684379259957.jpg,25,25,BD,na,Not Applicable (NA)
1684379620311,Bangladesh/1684379620311.jpg,20,20,BD,en_only,English
1684386070639,Bangladesh/1684386070639.jpg,14,14,BD,en_only,English Not Applicable (NA)
1684386096181,Bangladesh/1684386096181.jpg,25,25,BD,en_only,English Not Applicable (NA)
1684386939389,Bangladesh/1684386939389.jpg,20,20,BD,en_only,English
1684388152398,Bangladesh/1684388152398.jpg,20,20,BD,en_only,English
1684389151547,Bangladesh/1684389151547.jpg,20,20,BD,en_only,English
1684389167905,Bangladesh/1684389167905.jpg,25,25,BD,en_only,English Not Applicable (NA)
1684389316053,Bangladesh/1684389316053.jpg,16,16,BD,na,Not Applicable (NA)
1684390369817,Bangladesh/1684390369817.jpg,20,20,BD,en_only,English
1684390389077,Bangladesh/1684390389077.jpg,16,16,BD,na,Not Applicable (NA)
1684404864616,Bangladesh/1684404864616.jpg,20,20,BD,en_only,English
1684406435007,Bangladesh/1684406435007.jpg,20,20,BD,na,Not Applicable (NA)
1684638318607,Bangladesh/1684638318607.jpg,11,11,BD,en_only,English Not Applicable (NA)
1684641896764,Bangladesh/1684641896764.jpg,25,25,BD,en_only,English Not Applicable (NA)
1684642554875,Bangladesh/1684642554875.jpg,25,25,BD,na,Not Applicable (NA)
1684645546797,Bangladesh/1684645546797.jpg,25,25,BD,en_only,English Not Applicable (NA)
1684726345172,Bangladesh/1684726345172.jpg,25,25,BD,na,Not Applicable (NA)
1684745619239,Bangladesh/1684745619239.jpg,1,1,BD,en_only,English Not Applicable (NA)
1684748472770,Bangladesh/1684748472770.jpg,20,20,BD,en_only,English
1684748699575,Bangladesh/1684748699575.jpg,25,25,BD,en_only,English Not Applicable (NA)
1684751689522,Bangladesh/1684751689522.jpg,11,11,BD,na,Not Applicable (NA)
1684816156947,Bangladesh/1684816156947.jpg,32,32,BD,na,Not Applicable (NA)
1684816389378,Bangladesh/1684816389378.jpg,14,14,BD,na,Not Applicable (NA)
1684825295828,Bangladesh/1684825295828.jpg,1,1,BD,en_only,English Not Applicable (NA)
1684825542505,Bangladesh/1684825542505.jpg,1,1,BD,en_only,English Not Applicable (NA)
1684825922907,Bangladesh/1684825922907.jpg,1,1,BD,en_only,English Not Applicable (NA)
1684908603427,Bangladesh/1684908603427.jpg,25,25,BD,en_only,English|Not Applicable (NA)
1684919315148,Bangladesh/1684919315148.jpg,25,25,BD,en_only,English
1684922427194,Bangladesh/1684922427194.jpg,25,25,BD,na,Not Applicable (NA)
1684988528361,Bangladesh/1684988528361.jpg,25,25,BD,en_only,English
1685004017933,Bangladesh/1685004017933.jpg,25,25,BD,en_only,English Not Applicable (NA)
1685158768682,Bangladesh/1685158768682.jpg,25,25,BD,na,Not Applicable (NA)
1685163594877,Bangladesh/1685163594877.jpg,25,25,BD,na,Not Applicable (NA)
1685176092478,Bangladesh/1685176092478.jpg,20,20,BD,en_only,English
1685178023619,Bangladesh/1685178023619.jpg,16,16,BD,na,Not Applicable (NA)
1685269498407,Bangladesh/1685269498407.jpg,14,14,BD,na,Not Applicable (NA)
1685331564444,Bangladesh/1685331564444.jpg,25,25,BD,na,Not Applicable (NA)
1685335152789,Bangladesh/1685335152789.jpg,25,25,BD,na,Not Applicable (NA)
1685338510071,Bangladesh/1685338510071.jpg,20,20,BD,na,Not Applicable (NA)
1685339566852,Bangladesh/1685339566852.jpg,14,14,BD,na,Not Applicable (NA)
1685348154938,Bangladesh/1685348154938.jpg,25,25,BD,na,Not Applicable (NA)
1685348188683,Bangladesh/1685348188683.jpg,25,25,BD,en_only,English Not Applicable (NA)
1685348723028,Bangladesh/1685348723028.jpg,20,20,BD,en_only,English
1685349803713,Bangladesh/1685349803713.jpg,20,20,BD,en_only,English
1685350071336,Bangladesh/1685350071336.jpg,25,25,BD,en_only,English
1685352571531,Bangladesh/1685352571531.jpg,20,20,BD,en_only,English
1685353058626,Bangladesh/1685353058626.jpg,25,25,BD,en_only,English Not Applicable (NA)
1685413854801,Bangladesh/1685413854801.jpg,11,11,BD,na,Not Applicable (NA)
1685414894591,Bangladesh/1685414894591.jpg,25,25,BD,na,Not Applicable (NA)
1685421696534,Bangladesh/1685421696534.jpg,20,20,BD,en_only,English
1685427724814,Bangladesh/1685427724814.jpg,25,25,BD,na,Not Applicable (NA)
1685429245891,Bangladesh/1685429245891.jpg,25,25,BD,na,Not Applicable (NA)
1685504031248,Bangladesh/1685504031248.jpg,25,25,BD,na,Not Applicable (NA)
1685506514027,Bangladesh/1685506514027.jpg,25,25,BD,na,Not Applicable (NA)
1685507337273,Bangladesh/1685507337273.jpg,14,14,BD,na,Not Applicable (NA)
1685507520043,Bangladesh/1685507520043.jpg,20,20,BD,en_only,English
1685507541459,Bangladesh/1685507541459.jpg,25,25,BD,na,Not Applicable (NA)
1685510240486,Bangladesh/1685510240486.jpg,14,14,BD,na,Not Applicable (NA)
1685511939116,Bangladesh/1685511939116.jpg,25,25,BD,na,Not Applicable (NA)
1685586545465,Bangladesh/1685586545465.jpg,25,25,BD,na,Not Applicable (NA)
1685600868951,Bangladesh/1685600868951.jpg,20,20,BD,en_only,English
1685772218299,Bangladesh/1685772218299.jpg,25,25,BD,en_only,English Not Applicable (NA)
1686202139871,Bangladesh/1686202139871.jpg,25,25,BD,en_only,English
1686541411549,Bangladesh/1686541411549.jpg,20,20,BD,na,Not Applicable (NA)
1687155735896,Bangladesh/1687155735896.jpg,20,20,BD,na,Not Applicable (NA)
1687172095917,Bangladesh/1687172095917.jpg,25,25,BD,en_only,English
1687417717280,Bangladesh/1687417717280.jpg,20,20,BD,na,Not Applicable (NA)
1687417747429,Bangladesh/1687417747429.jpg,25,25,BD,na,Not Applicable (NA)
1689154625420,Bangladesh/1689154625420.jpg,20,20,BD,en_only,English
1689220510022,Bangladesh/1689220510022.jpg,1,1,BD,en_only,English Not Applicable (NA)
1689221018506,Bangladesh/1689221018506.jpg,25,25,BD,en_only,English Not Applicable (NA)
1689225063208,Bangladesh/1689225063208.jpg,20,20,BD,en_only,English
1689226868408,Bangladesh/1689226868408.jpg,20,20,BD,na,Not Applicable (NA)
1689228411590,Bangladesh/1689228411590.jpg,1,1,BD,en_only,English Not Applicable (NA)
1689237816068,Bangladesh/1689237816068.jpg,20,20,BD,en_only,English
1689242885591,Bangladesh/1689242885591.jpg,25,25,BD,en_only,English Not Applicable (NA)
1689408643670,Bangladesh/1689408643670.jpg,25,25,BD,en_only,English
1689409723590,Bangladesh/1689409723590.jpg,25,25,BD,en_only,English
1689413776598,Bangladesh/1689413776598.jpg,25,25,BD,en_only,English Not Applicable (NA)
1689414161526,Bangladesh/1689414161526.jpg,20,20,BD,en_only,English
1689415555705,Bangladesh/1689415555705.jpg,1,1,BD,en_only,English Not Applicable (NA)
1689504579521,Bangladesh/1689504579521.jpg,1,1,BD,en_only,English Not Applicable (NA)
1689577935517,Bangladesh/1689577935517.jpg,18,18,BD,na,Not Applicable (NA)
1689584004915,Bangladesh/1689584004915.jpg,1,1,BD,na,Not Applicable (NA)
1689586373574,Bangladesh/1689586373574.jpg,25,25,BD,en_only,English Not Applicable (NA)
1689647271453,Bangladesh/1689647271453.jpg,16,16,BD,en_only,English Not Applicable (NA)
1689650781280,Bangladesh/1689650781280.jpg,20,20,BD,en_only,English
1689652968936,Bangladesh/1689652968936.jpg,25,25,BD,na,Not Applicable (NA)
1689670514542,Bangladesh/1689670514542.jpg,20,20,BD,na,Not Applicable (NA)
1689671700760,Bangladesh/1689671700760.jpg,1,1,BD,en_only,English Not Applicable (NA)
1689677373411,Bangladesh/1689677373411.jpg,25,25,BD,na,Not Applicable (NA)
1690368469020,Bangladesh/1690368469020.jpg,25,25,BD,en_only,English Not Applicable (NA)
1690424740202,Bangladesh/1690424740202.jpg,14,14,BD,en_only,English
1690427246042,Bangladesh/1690427246042.jpg,20,20,BD,en_only,English
1690782996407,Bangladesh/1690782996407.jpg,20,20,BD,en_only,English
1690791674268,Bangladesh/1690791674268.jpg,20,20,BD,en_only,English
1690793821444,Bangladesh/1690793821444.jpg,25,25,BD,en_only,English Not Applicable (NA)
1690797538765,Bangladesh/1690797538765.jpg,20,20,BD,en_only,English
1690798877609,Bangladesh/1690798877609.jpg,25,25,BD,en_only,English Not Applicable (NA)
1690799106817,Bangladesh/1690799106817.jpg,25,25,BD,en_only,English Not Applicable (NA)
1690799784698,Bangladesh/1690799784698.jpg,25,25,BD,en_only,English Not Applicable (NA)
1690864220919,Bangladesh/1690864220919.jpg,16,16,BD,en_only,English Not Applicable (NA)
1690880064200,Bangladesh/1690880064200.jpg,20,20,BD,en_only,English
1690886483998,Bangladesh/1690886483998.jpg,20,20,BD,en_only,English
1690973371214,Bangladesh/1690973371214.jpg,25,25,BD,en_only,English
1691206967114,Bangladesh/1691206967114.jpg,14,14,BD,na,Not Applicable (NA)
1691214995049,Bangladesh/1691214995049.jpg,20,20,BD,en_only,English
1691218217119,Bangladesh/1691218217119.jpg,20,20,BD,en_only,English
1691218434565,Bangladesh/1691218434565.jpg,14,14,BD,en_only,English Not Applicable (NA)
1691229128935,Bangladesh/1691229128935.jpg,20,20,BD,en_only,English
1691229544462,Bangladesh/1691229544462.jpg,25,25,BD,en_only,English
1691300200030,Bangladesh/1691300200030.jpg,25,25,BD,na,Not Applicable (NA)
1691380754445,Bangladesh/1691380754445.jpg,25,25,BD,na,Not Applicable (NA)
1691483771077,Bangladesh/1691483771077.jpg,20,20,BD,en_only,English
1691484948175,Bangladesh/1691484948175.jpg,20,20,BD,en_only,English
1691485824871,Bangladesh/1691485824871.jpg,25,25,BD,en_only,English Not Applicable (NA)
1691657589974,Bangladesh/1691657589974.jpg,20,20,BD,en_only,English Not Applicable (NA)
1692181283815,Bangladesh/1692181283815.jpg,25,25,BD,na,Not Applicable (NA)
1692588195245,Bangladesh/1692588195245.jpg,17,17,BD,na,Not Applicable (NA)
1693124406061,Bangladesh/1693124406061.jpg,25,25,BD,en_only,English Not Applicable (NA)
1693125195942,Bangladesh/1693125195942.jpg,20,20,BD,en_only,English
1693375457860,Bangladesh/1693375457860.jpg,25,25,BD,en_only,English Not Applicable (NA)
1694256538675,Bangladesh/1694256538675.jpg,25,25,BD,en_only,English Not Applicable (NA)|Not Applicable (NA)
1694413854744,Bangladesh/1694413854744.jpg,25,25,BD,en_only,English
1694587785679,Bangladesh/1694587785679.jpg,25,25,BD,na,Not Applicable (NA)
1694834550551,Bangladesh/1694834550551.jpg,1,1,BD,en_only,English Not Applicable (NA)
1694837667974,Bangladesh/1694837667974.jpg,1,1,BD,en_only,English Not Applicable (NA)
1694838687233,Bangladesh/1694838687233.jpg,25,25,BD,en_only,English
1694840257642,Bangladesh/1694840257642.jpg,1,1,BD,en_only,English Not Applicable (NA)
IMG-20220830-WA0001-11_12_47,India/IMG-20220830-WA0001-11_12_47.jpg,25,25,IN,en_only,English
IMG-20220830-WA0002-11_12_30,India/IMG-20220830-WA0002-11_12_30.jpg,20,20,IN,na,Not Applicable (NA)
IMG-20220831-WA0003-10_13_37,India/IMG-20220831-WA0003-10_13_37.jpg,19,19,IN,na,Not Applicable (NA)
IMG20220829122431-12_25_13,India/IMG20220829122431-12_25_13.jpg,7,7,IN,en_only,English Not Applicable (NA)|Not Applicable (NA)
IMG20220830103636-10_37_47,India/IMG20220830103636-10_37_47.jpg,25,25,IN,en_only,English
IMG20220830105105-10_53_43,India/IMG20220830105105-10_53_43.jpg,20,20,IN,en_only,English
IMG20220830112517-11_26_2,India/IMG20220830112517-11_26_2.jpg,34,34,IN,na,Not Applicable (NA)
IMG20220831121940-12_20_30,India/IMG20220831121940-12_20_30.jpg,7,7,IN,en_only,English Not Applicable (NA)
IMG20220901104652-10_48_18,India/IMG20220901104652-10_48_18.jpg,20,20,IN,na,Not Applicable (NA)
IMG20220902105350-10_54_12,India/IMG20220902105350-10_54_12.jpg,14,14,IN,en_only,English
IMG20220903103728-10_38_23,India/IMG20220903103728-10_38_23.jpg,20,20,IN,en_only,English
IMG20220903110925-11_10_11,India/IMG20220903110925-11_10_11.jpg,7,7,IN,en_only,English Not Applicable (NA)
IMG20220906112605-11_27_9,India/IMG20220906112605-11_27_9.jpg,7,7,IN,en_only,English Not Applicable (NA)
IMG20220906113010-11_30_55,India/IMG20220906113010-11_30_55.jpg,17,17,IN,en_only,English
IMG20220906120023-12_3_20,India/IMG20220906120023-12_3_20.jpg,19,19,IN,na,Not Applicable (NA)
IMG20220906123127-12_32_47,India/IMG20220906123127-12_32_47.jpg,25,25,IN,na,Not Applicable (NA)
IMG20220906123131-12_32_59,India/IMG20220906123131-12_32_59.jpg,25,25,IN,en_only,English
IMG20220907103639-10_38_19,India/IMG20220907103639-10_38_19.jpg,19,19,IN,en_only,English
IMG20220907114226-11_46_6,India/IMG20220907114226-11_46_6.jpg,20,20,IN,na,Not Applicable (NA)
IMG20220908104504-10_47_5,India/IMG20220908104504-10_47_5.jpg,34,34,IN,en_only,English
IMG20220908104855-10_49_47,India/IMG20220908104855-10_49_47.jpg,20,20,IN,na,Not Applicable (NA)
IMG20220908104903-10_49_58,India/IMG20220908104903-10_49_58.jpg,14,14,IN,na,Not Applicable (NA)
IMG20220908114224-11_43_9,India/IMG20220908114224-11_43_9.jpg,20,20,IN,na,Not Applicable (NA)
IMG20220908114233-11_43_20,India/IMG20220908114233-11_43_20.jpg,19,19,IN,en_only,English
IMG20220910095616-9_58_30,India/IMG20220910095616-9_58_30.jpg,17,17,IN,na,Not Applicable (NA)
IMG20220910095620-9_58_43,India/IMG20220910095620-9_58_43.jpg,1,1,IN,en_only,English
IMG20220912102555-10_27_53,India/IMG20220912102555-10_27_53.jpg,29,29,IN,na,Not Applicable (NA)
IMG20220912103510-10_36_40,India/IMG20220912103510-10_36_40.jpg,19,19,IN,na,Not Applicable (NA)
IMG20220912112553-11_30_12,India/IMG20220912112553-11_30_12.jpg,19,19,IN,na,Not Applicable (NA)
IMG20220912112830-11_30_26,India/IMG20220912112830-11_30_26.jpg,21,21,IN,en_only,English
IMG20220912113535-11_37_39,India/IMG20220912113535-11_37_39.jpg,25,25,IN,na,Not Applicable (NA)
IMG20220913101713-10_18_11,India/IMG20220913101713-10_18_11.jpg,25,25,IN,en_only,English|Not Applicable (NA)
IMG20220913102447-10_25_56,India/IMG20220913102447-10_25_56.jpg,20,20,IN,na,Not Applicable (NA)
IMG20220913104603-10_47_55,India/IMG20220913104603-10_47_55.jpg,19,19,IN,na,Not Applicable (NA)
IMG20220913110827-11_9_21,India/IMG20220913110827-11_9_21.jpg,14,14,IN,en_only,English Not Applicable (NA)
IMG20220913111439-11_15_38,India/IMG20220913111439-11_15_38.jpg,14,14,IN,en_only,English Not Applicable (NA)
IMG20220913113943-11_40_51,India/IMG20220913113943-11_40_51.jpg,7,7,IN,en_only,English Not Applicable (NA)
IMG20220914111550-11_17_38,India/IMG20220914111550-11_17_38.jpg,27,27,IN,na,Not Applicable (NA)
IMG_20220830_102651-10_27_44,India/IMG_20220830_102651-10_27_44.jpg,20,20,IN,na,Not Applicable (NA)
IMG_20220830_111935-11_20_9,India/IMG_20220830_111935-11_20_9.jpg,25,25,IN,en_only,English Not Applicable (NA)
IMG_20220831_101910-10_20_31,India/IMG_20220831_101910-10_20_31.jpg,13,13,IN,en_only,English
IMG_20220831_112025-11_22_6,India/IMG_20220831_112025-11_22_6.jpg,34,34,IN,en_only,English Not Applicable (NA)
IMG_20220831_112525-11_27_3,India/IMG_20220831_112525-11_27_3.jpg,20,20,IN,en_only,English
IMG_20220831_120721-12_11_31,India/IMG_20220831_120721-12_11_31.jpg,20,20,IN,na,Not Applicable (NA)
IMG_20220831_120953-12_11_39,India/IMG_20220831_120953-12_11_39.jpg,19,19,IN,en_only,English
IMG_20220831_121350-12_15_57,India/IMG_20220831_121350-12_15_57.jpg,1,1,IN,en_only,English
IMG_20220901_113305-11_33_36,India/IMG_20220901_113305-11_33_36.jpg,17,17,IN,na,Not Applicable (NA)
IMG_20220901_113550-11_36_0,India/IMG_20220901_113550-11_36_0.jpg,25,25,IN,na,Not Applicable (NA)
IMG_20220901_113636-11_40_1,India/IMG_20220901_113636-11_40_1.jpg,13,13,IN,na,Not Applicable (NA)
IMG_20220901_113924-11_40_59,India/IMG_20220901_113924-11_40_59.jpg,13,13,IN,en_only,English
IMG_20220902_102651-10_29_9,India/IMG_20220902_102651-10_29_9.jpg,14,14,IN,en_only,English Not Applicable (NA)
IMG_20220902_102653-10_28_59,India/IMG_20220902_102653-10_28_59.jpg,1,1,IN,en_only,English
IMG_20220902_102825-10_30_23,India/IMG_20220902_102825-10_30_23.jpg,20,20,IN,na,Not Applicable (NA)
IMG_20220903_104156-10_44_22,India/IMG_20220903_104156-10_44_22.jpg,20,20,IN,na,Not Applicable (NA)
IMG_20220908_102027-10_22_39,India/IMG_20220908_102027-10_22_39.jpg,17,17,IN,na,Not Applicable (NA)
IMG_20220908_102352-10_25_18,India/IMG_20220908_102352-10_25_18.jpg,29,29,IN,na,Not Applicable (NA)
IMG_20220908_102358-10_25_32,India/IMG_20220908_102358-10_25_32.jpg,19,19,IN,na,Not Applicable (NA)
IMG_20220908_113342-11_35_43,India/IMG_20220908_113342-11_35_43.jpg,20,20,IN,na,Not Applicable (NA)
IMG_20220909_104224-10_42_39,India/IMG_20220909_104224-10_42_39.jpg,20,20,IN,na,Not Applicable (NA)
IMG_20220910_100232-10_2_51,India/IMG_20220910_100232-10_2_51.jpg,19,19,IN,na,Not Applicable (NA)
IMG_20220910_103348-10_36_9,India/IMG_20220910_103348-10_36_9.jpg,34,34,IN,en_only,English
IMG_20220910_105509-10_56_9,India/IMG_20220910_105509-10_56_9.jpg,17,17,IN,na,Not Applicable (NA)
IMG_20220913_111942-11_19_53,India/IMG_20220913_111942-11_19_53.jpg,7,7,IN,en_only,English
IMG_20220914_102939-10_30_5,India/IMG_20220914_102939-10_30_5.jpg,1,1,IN,en_only,English
IMG_20220914_103307-10_36_32,India/IMG_20220914_103307-10_36_32.jpg,19,19,IN,na,Not Applicable (NA)
IMG_20220914_110248-11_3_21,India/IMG_20220914_110248-11_3_21.jpg,27,27,IN,en_only,English Not Applicable (NA)
IMG_20220914_110248-11_3_9,India/IMG_20220914_110248-11_3_9.jpg,27,27,IN,en_only,English Not Applicable (NA)
PXL_20220908_112800106-11_30_32,India/PXL_20220908_112800106-11_30_32.jpg,20,20,IN,na,Not Applicable (NA)
PXL_20220909_103601346-10_37_13,India/PXL_20220909_103601346-10_37_13.jpg,25,25,IN,na,Not Applicable (NA)
PXL_20220909_103604266-10_37_4,India/PXL_20220909_103604266-10_37_4.jpg,20,20,IN,na,Not Applicable (NA)
PXL_20220909_110537153-11_6_22,India/PXL_20220909_110537153-11_6_22.jpg,1,1,IN,en_only,English
PXL_20220910_100545942-10_6_36,India/PXL_20220910_100545942-10_6_36.jpg,20,20,IN,na,Not Applicable (NA)
PXL_20220910_100555288-10_6_44,India/PXL_20220910_100555288-10_6_44.jpg,1,1,IN,na,Not Applicable (NA)
PXL_20220910_102228313-10_23_24,India/PXL_20220910_102228313-10_23_24.jpg,20,20,IN,na,Not Applicable (NA)
PXL_20220910_102552371-10_26_54,India/PXL_20220910_102552371-10_26_54.jpg,20,20,IN,na,Not Applicable (NA)
PXL_20220912_102153619-10_22_40,India/PXL_20220912_102153619-10_22_40.jpg,17,17,IN,na,Not Applicable (NA)
PXL_20220912_102604906-10_27_33,India/PXL_20220912_102604906-10_27_33.jpg,25,25,IN,en_only,English
PXL_20220912_103216768-10_33_38,India/PXL_20220912_103216768-10_33_38.jpg,19,19,IN,na,Not Applicable (NA)
PXL_20220912_113617282-11_37_14,India/PXL_20220912_113617282-11_37_14.jpg,27,27,IN,en_only,English Not Applicable (NA)
PXL_20220913_110518556-11_6_1,India/PXL_20220913_110518556-11_6_1.jpg,19,19,IN,na,Not Applicable (NA)
PXL_20220913_113016575-11_30_32,India/PXL_20220913_113016575-11_30_32.jpg,19,19,IN,en_only,English
PXL_20220914_104219887-10_42_47,India/PXL_20220914_104219887-10_42_47.jpg,19,19,IN,na,Not Applicable (NA)
PXL_20220914_113031058-11_31_10,India/PXL_20220914_113031058-11_31_10.jpg,14,14,IN,en_only,English
image-10_11_0,India/image-10_11_0.jpg,7,7,IN,en_only,English
image-10_21_49,India/image-10_21_49.jpg,34,34,IN,en_only,English
image-10_32_24,India/image-10_32_24.jpg,19,19,IN,en_only,English
image-10_32_33,India/image-10_32_33.jpg,34,34,IN,na,Not Applicable (NA)
image-10_32_9,India/image-10_32_9.jpg,14,14,IN,na,Not Applicable (NA)
image-10_33_52,India/image-10_33_52.jpg,34,34,IN,na,Not Applicable (NA)
image-10_35_23,India/image-10_35_23.jpg,20,20,IN,en_only,English
image-10_35_33,India/image-10_35_33.jpg,17,17,IN,na,Not Applicable (NA)
image-10_35_50,India/image-10_35_50.jpg,1,1,IN,en_only,English
image-10_3_11,India/image-10_3_11.jpg,32,32,IN,en_only,English
image-10_44_52,India/image-10_44_52.jpg,34,34,IN,na,Not Applicable (NA)
image-10_6_22,India/image-10_6_22.jpg,34,34,IN,na,Not Applicable (NA)
image-10_9_18,India/image-10_9_18.jpg,34,34,IN,en_only,English Not Applicable (NA)
image-11_24_43,India/image-11_24_43.jpg,34,34,IN,en_only,English
image-11_29_17,India/image-11_29_17.jpg,32,32,IN,en_only,English Not Applicable (NA)
image-12_28_30,India/image-12_28_30.jpg,19,19,IN,na,Not Applicable (NA)
image-12_31_23,India/image-12_31_23.jpg,17,17,IN,na,Not Applicable (NA)
1593145091332,Sri Lanka/1593145091332.jpg,38,38,LK,local_only,sinhala tamil
1597145593578,Sri Lanka/1597145593578.jpg,38,38,LK,en_only,english
1597384465363,Sri Lanka/1597384465363.jpg,38,38,LK,mixed,sinhala english
1597814739365,Sri Lanka/1597814739365.jpg,38,38,LK,mixed,sinhala english
1597818817446,Sri Lanka/1597818817446.jpg,38,38,LK,mixed,sinhala english
1598328870153,Sri Lanka/1598328870153.jpg,38,38,LK,mixed,sinhala tamil english
1598331994746,Sri Lanka/1598331994746.jpg,38,38,LK,mixed,sinhala english
1598336374680,Sri Lanka/1598336374680.jpg,38,38,LK,mixed,sinhala english|sinhala tamil english
1599026101030,Sri Lanka/1599026101030.jpg,38,38,LK,mixed,Sinhala English
1600840202955,Sri Lanka/1600840202955.jpg,38,38,LK,en_only,english
1604555908731,India/1604555908731.jpg,35,35,IN,na,Not Applicable (NA)
1611648571138,Bangladesh/1611648571138.jpg,35,35,BD,na,Not Applicable (NA)
1613447748888,Sri Lanka/1613447748888.jpg,38,38,LK,local_only,tamil
1627532561849,Pakistan/1627532561849.jpg,36,36,PK,en_only,English Not Applicable (NA)
1627618338791,Pakistan/1627618338791.jpg,36,36,PK,na,Not Applicable (NA)
1627793364283,Pakistan/1627793364283.jpg,35,35,PK,en_only,English
1627883862945,Pakistan/1627883862945.jpg,35,35,PK,na,Not Applicable (NA)
1643099345373,SL cleaned Images/1643099345373.jpg,38,38,LK,mixed,sinhala tamil english
1643102521609,SL cleaned Images/1643102521609.jpg,38,38,LK,mixed,sinhala english
1643177678792,SL cleaned Images/1643177678792.jpg,38,38,LK,mixed,Sinhala English
1644293594378,SL cleaned Images/1644293594378.jpg,38,38,LK,mixed,Sinhala English
1644994086343,SL cleaned Images/1644994086343.jpg,38,38,LK,mixed,Sinhala English
16624479447874644507141049650907-12_35_57,India/16624479447874644507141049650907-12_35_57.jpg,36,36,IN,na,Not Applicable (NA)
16631349439183840741080800953475-11_25_58,India/16631349439183840741080800953475-11_25_58.jpg,36,36,IN,en_only,English
16631355901443806980694211515735-11_36_39,India/16631355901443806980694211515735-11_36_39.jpg,36,36,IN,en_only,English
IMG_20220830_102645-10_27_35,India/IMG_20220830_102645-10_27_35.jpg,36,36,IN,na,Not Applicable (NA)
image-10_41_29,India/image-10_41_29.jpg,36,36,IN,en_only,English
